cnpj;optante_simples;optante_simei
00000000467448;NÃO;NÃO
00000000589632;NÃO;NÃO
00028415000173;NÃO;NÃO
00275977000111;SIM;NÃO
00325276000492;NÃO;NÃO
00576704000298;NÃO;NÃO
00886828000199;NÃO;NÃO
00931489000115;SIM;NÃO
01026686000152;SIM;NÃO
01156464000154;NÃO;NÃO
01175596000123;NÃO;NÃO
01181518000131;NÃO;NÃO
01207843000126;NÃO;NÃO
01229308000176;SIM;NÃO
01259681000170;SIM;NÃO
01275777000121;NÃO;NÃO
01403356000139;NÃO;NÃO
01857567000141;NÃO;NÃO
01928798000107;NÃO;NÃO
01975079000139;NÃO;NÃO
02071685000192;SIM;NÃO
02130360000214;NÃO;NÃO
02217319000107;NÃO;NÃO
02308008000145;SIM;NÃO
02415583112107;NÃO;NÃO
02415583181184;NÃO;NÃO
02581911000185;NÃO;NÃO
02594424000157;NÃO;NÃO
02734022000100;SIM;NÃO
02800026000140;NÃO;NÃO
02833870000177;NÃO;NÃO
02932074000191;NÃO;NÃO
02950811000189;NÃO;NÃO
02957320000160;SIM;NÃO
02965468000146;NÃO;NÃO
02981429000132;NÃO;NÃO
03187787000130;SIM;NÃO
03234943000177;SIM;NÃO
03384155000167;SIM;NÃO
03398017000137;SIM;NÃO
03456351000108;SIM;NÃO
03456487000100;NÃO;NÃO
03501566000195;NÃO;NÃO
03621100000123;SIM;NÃO
03694937000100;NÃO;NÃO
03719755000139;SIM;NÃO
03752218000190;SIM;NÃO
03799098000187;SIM;NÃO
03919480000187;NÃO;NÃO
03942255000161;NÃO;NÃO
03946153000114;SIM;NÃO
03946325000150;NÃO;NÃO
04099894000170;NÃO;NÃO
04165359000170;NÃO;NÃO
04297060000179;SIM;NÃO
04299646000334;SIM;NÃO
04305070000109;SIM;NÃO
04417441000144;SIM;NÃO
04432889000137;SIM;NÃO
04478924000159;SIM;NÃO
04524057000302;NÃO;NÃO
04524628000147;SIM;NÃO
04670869000285;NÃO;NÃO
04778345000121;SIM;NÃO
05085404000149;SIM;NÃO
05087967000176;NÃO;NÃO
05145993000103;SIM;NÃO
05415942000154;SIM;NÃO
05477217000100;SIM;NÃO
05484278000103;NÃO;NÃO
05730396000308;NÃO;NÃO
05758386000119;SIM;NÃO
05808422000101;SIM;NÃO
05850655000253;NÃO INFORMADO;NÃO INFORMADO
05878397000132;NÃO;NÃO
05967024000138;NÃO;NÃO
05999689000123;SIM;NÃO
06021442000109;SIM;NÃO
06053779000432;NÃO;NÃO
06057223000171;NÃO;NÃO
06071001000103;NÃO;NÃO
06250045000109;NÃO;NÃO
06280175000186;SIM;NÃO
06284457000151;NÃO;NÃO
06318833000181;SIM;NÃO
06320130000198;SIM;NÃO
06536644000185;NÃO;NÃO
06696035000193;SIM;NÃO
07009992000167;NÃO;NÃO
07041490000113;SIM;NÃO
07050365000170;SIM;NÃO
07057779000120;NÃO;NÃO
07246673000175;NÃO;NÃO
07246943000148;NÃO;NÃO
07253086000103;SIM;NÃO
07315114000170;SIM;NÃO
07315999000298;NÃO;NÃO
07316419000104;NÃO;NÃO
07409047000152;SIM;NÃO
07464451000129;NÃO;NÃO
07465671000177;NÃO;NÃO
07491164000108;SIM;NÃO
07579933000124;NÃO;NÃO
07621126000394;NÃO INFORMADO;NÃO INFORMADO
07628528000159;NÃO;NÃO
07659215000168;NÃO;NÃO
07679140000187;NÃO;NÃO
07683886000407;NÃO INFORMADO;NÃO INFORMADO
07685979000128;NÃO;NÃO
07737463000180;SIM;NÃO
07749348000125;NÃO;NÃO
07751427000170;SIM;SIM
07871529000120;SIM;NÃO
07916392000182;NÃO;NÃO
07933222000297;NÃO INFORMADO;NÃO INFORMADO
07941675000184;SIM;NÃO
07953678017537;NÃO;NÃO
07957567001171;NÃO;NÃO
07963394000556;NÃO;NÃO
07993125000109;SIM;NÃO
08016712000372;NÃO;NÃO
08054198000106;NÃO;NÃO
08058149000133;SIM;NÃO
08070127000199;NÃO;NÃO
08108416000130;NÃO;NÃO
08170849000115;NÃO;NÃO
08221284000158;NÃO;NÃO
08244883001088;NÃO;NÃO
08292495000262;NÃO;NÃO
08343492000120;NÃO;NÃO
08373328000165;NÃO;NÃO
08380296000125;SIM;NÃO
08402943000152;NÃO;NÃO
08498758000103;NÃO;NÃO
08502656000114;NÃO;NÃO
08522523000100;NÃO;NÃO
08589233000183;NÃO;NÃO
08606815000120;NÃO;NÃO
08700864000128;NÃO;NÃO
08706573000147;NÃO;NÃO
08731116000102;SIM;NÃO
08866702000164;SIM;NÃO
08902856000164;NÃO;NÃO
08977130000190;NÃO;NÃO
09017025000172;SIM;NÃO
09020309000118;NÃO;NÃO
09030268000140;NÃO;NÃO
09036748000119;SIM;NÃO
09063671000176;SIM;NÃO
09101694000128;SIM;NÃO
09120778000109;NÃO;NÃO
09161014000161;NÃO;NÃO
09238665000102;SIM;NÃO
09526912000176;NÃO;NÃO
09561759000118;SIM;NÃO
10227933000170;NÃO;NÃO
10249015000141;NÃO;NÃO
10351662000160;SIM;NÃO
10353516000173;NÃO;NÃO
10358288000205;NÃO INFORMADO;NÃO INFORMADO
10374703000133;SIM;NÃO
10432918000163;NÃO;NÃO
10462656000180;NÃO;NÃO
10490838000164;SIM;NÃO
10509333000102;NÃO;NÃO
10512581000102;NÃO;NÃO
10567870000109;NÃO;NÃO
10572048003810;NÃO;NÃO
10599719000144;NÃO;NÃO
10608302000109;SIM;NÃO
10624361000162;NÃO;NÃO
10695910000190;SIM;NÃO
10803851000126;NÃO;NÃO
10865533000190;SIM;NÃO
10896732000165;NÃO;NÃO
10970887010590;NÃO;NÃO
11050407000140;SIM;NÃO
11124720000185;SIM;NÃO
11164122000130;NÃO;NÃO
11202666000149;NÃO;NÃO
11215727000102;SIM;NÃO
11245490000102;SIM;NÃO
11466799000122;SIM;NÃO
11516254000183;NÃO;NÃO
11516676000159;NÃO;NÃO
11517017000137;SIM;NÃO
11526237000127;SIM;SIM
11742056000138;SIM;SIM
11834591000119;SIM;SIM
11840409000132;SIM;NÃO
11884314000110;SIM;SIM
11901977000287;NÃO;NÃO
11933674000165;SIM;NÃO
12045111000101;SIM;SIM
12049563000153;SIM;NÃO
12049631000184;NÃO;NÃO
12066088000123;NÃO;NÃO
12107701000103;NÃO;NÃO
12130744000100;NÃO;NÃO
12188197000113;SIM;SIM
12248478000114;SIM;SIM
12342582000173;SIM;NÃO
12445484000161;SIM;NÃO
12502509000111;SIM;SIM
12502896000196;SIM;NÃO
12535446000108;NÃO;NÃO
12672283000288;NÃO INFORMADO;NÃO INFORMADO
12681280000120;NÃO;NÃO
12807563000841;NÃO;NÃO
12812861000153;SIM;SIM
12855203000149;SIM;SIM
12879147000182;SIM;NÃO
12910802000118;SIM;SIM
12981590000160;SIM;NÃO
13001350000114;SIM;NÃO
13010332000107;SIM;NÃO
13087704000195;SIM;NÃO
13142186000165;SIM;NÃO
13230524000110;SIM;NÃO
13250978000153;NÃO;NÃO
13272662000324;NÃO INFORMADO;NÃO INFORMADO
13325846000143;SIM;NÃO
13548553000125;SIM;NÃO
13591745000114;SIM;SIM
13641442000169;SIM;SIM
13674289000176;NÃO;NÃO
13730794000190;SIM;NÃO
13765489000134;NÃO;NÃO
13776261000140;SIM;SIM
13781314000110;SIM;NÃO
13786500000142;SIM;NÃO
13819486000136;SIM;SIM
13947569000453;NÃO;NÃO
13950707000100;SIM;SIM
14005833000150;SIM;NÃO
14107273000144;SIM;SIM
14110585000107;NÃO;NÃO
14164183000195;SIM;SIM
14311228000107;SIM;NÃO
14360072000154;SIM;NÃO
14380320000129;NÃO;NÃO
14535050000340;NÃO;NÃO
14588848000198;SIM;NÃO
14596257000162;SIM;SIM
14611612000125;SIM;SIM
14634589000194;SIM;SIM
14776142000150;NÃO;NÃO
15020311000190;SIM;SIM
15043138000145;NÃO;NÃO
15058863000197;SIM;SIM
15101405000193;NÃO;NÃO
15107421000193;NÃO;NÃO
15217514000170;SIM;SIM
15253413000155;SIM;SIM
15271439000126;SIM;NÃO
15287368000150;SIM;SIM
15466144000105;NÃO;NÃO
15494559000192;SIM;SIM
15660952000109;NÃO;NÃO
15717597000167;SIM;SIM
15761008000148;NÃO;NÃO
15774612000109;NÃO;NÃO
15780520000131;SIM;NÃO
15798194000190;NÃO;NÃO
16422981000103;SIM;NÃO
16556961000117;SIM;NÃO
16567415000181;SIM;SIM
16596395000177;SIM;SIM
16614075000100;NÃO;NÃO
16737238000134;SIM;NÃO
16752433000133;SIM;SIM
16811931000100;NÃO;NÃO
16902314006401;NÃO;NÃO
16938080000241;SIM;NÃO
16945284000129;NÃO;NÃO
17011779000143;NÃO;NÃO
17033453000117;NÃO;NÃO
17070610000164;SIM;SIM
17071232000133;SIM;SIM
17161241000115;NÃO;NÃO
17182670000179;SIM;NÃO
17218295000250;NÃO;NÃO
17232347000162;SIM;SIM
17239595000135;SIM;SIM
17311471000113;SIM;NÃO
17387302000167;SIM;NÃO
17410830000190;SIM;NÃO
17449429000163;SIM;SIM
17465537000120;SIM;NÃO
17466371000166;NÃO;NÃO
17495895000185;SIM;NÃO
17509133000190;SIM;SIM
17528330000157;NÃO;NÃO
17804665000150;SIM;NÃO
17835082000197;SIM;SIM
18011256000160;SIM;NÃO
18150253000107;SIM;SIM
18172329000103;SIM;SIM
18183935000116;SIM;SIM
18189907000106;SIM;SIM
18243615000104;NÃO;NÃO
18253779000112;NÃO;NÃO
18323356000121;SIM;SIM
18352114000166;SIM;SIM
18442348000102;SIM;NÃO
18507155000184;SIM;SIM
18593512000174;SIM;SIM
18593815000197;NÃO;NÃO
18619025000133;NÃO;NÃO
18649090000101;SIM;SIM
18729956000194;SIM;SIM
18858266000135;SIM;NÃO
18882093000190;NÃO;NÃO
19040714000151;SIM;SIM
19224409000110;SIM;SIM
19328639000129;SIM;SIM
19360869000175;SIM;SIM
19372920000169;SIM;SIM
19406664000183;SIM;NÃO
19462615000168;SIM;NÃO
19462657000107;SIM;SIM
19526748000150;NÃO;NÃO
19535506000123;SIM;NÃO
19578007000113;SIM;NÃO
19716270000121;SIM;NÃO
19720141000107;SIM;NÃO
19775029000173;SIM;SIM
19785634000125;SIM;NÃO
19822545000101;SIM;NÃO
19824428000187;NÃO;NÃO
19836078000179;NÃO;NÃO
19846785000146;NÃO;NÃO
19870145000171;SIM;SIM
19921805000104;SIM;NÃO
20027610000196;SIM;SIM
20130782000190;NÃO;NÃO
20160724000100;SIM;SIM
20196158000277;NÃO;NÃO
20223122000154;SIM;SIM
20314377000122;NÃO;NÃO
20329056000100;SIM;SIM
20335197000127;SIM;NÃO
20341860000104;NÃO;NÃO
20344555000168;SIM;SIM
20353559000102;SIM;NÃO
20387711000178;SIM;SIM
20400711000160;SIM;SIM
20430051000160;SIM;SIM
20535054000169;SIM;SIM
20550180000192;SIM;NÃO
20642357000180;SIM;SIM
20684195000143;NÃO;NÃO
20730306000100;SIM;SIM
20761460000140;SIM;SIM
20782901000190;SIM;SIM
20813943000140;SIM;SIM
20819180000145;SIM;SIM
20911917000155;SIM;SIM
20947690000106;SIM;SIM
20964044000149;SIM;NÃO
21004231000143;NÃO;NÃO
21045775000153;SIM;SIM
21067825000101;NÃO;NÃO
21074883000154;SIM;SIM
21091578000170;SIM;SIM
21471507000101;SIM;SIM
21475315000165;NÃO;NÃO
21475435000162;SIM;SIM
21496381000111;NÃO;NÃO
21541064000170;SIM;SIM
21582629000167;SIM;SIM
21679270000140;SIM;SIM
21745758000129;SIM;SIM
21852990000166;SIM;SIM
21917608000155;SIM;SIM
21949339000109;SIM;SIM
21961806000116;NÃO;NÃO
22053229000127;SIM;SIM
22055773000108;NÃO;NÃO
22067445000121;SIM;SIM
22244477000155;SIM;NÃO
22418915000154;SIM;SIM
22478712000153;SIM;NÃO
22479591000164;SIM;SIM
22556290000197;SIM;NÃO
22564842000109;SIM;NÃO
22607886000179;SIM;SIM
22656867000132;SIM;SIM
22667346000180;SIM;SIM
22742913000116;NÃO;NÃO
22864020000224;NÃO INFORMADO;NÃO INFORMADO
22900946000147;SIM;SIM
22902338005726;NÃO INFORMADO;NÃO INFORMADO
23016883000123;SIM;NÃO
23033820000185;SIM;SIM
23044655000167;SIM;SIM
23108219000295;NÃO INFORMADO;NÃO INFORMADO
23131867000181;SIM;SIM
23149219000152;SIM;NÃO
23222770000184;SIM;SIM
23239287000102;SIM;SIM
23265671000180;NÃO;NÃO
23268180000192;SIM;SIM
23272473000143;SIM;SIM
23286346000101;NÃO;NÃO
23437161000142;SIM;SIM
23456138000103;NÃO;NÃO
23540274000179;SIM;SIM
23638442000163;SIM;SIM
23716188000174;SIM;SIM
23829541000122;SIM;NÃO
23873368000160;NÃO;NÃO
23879180000129;SIM;SIM
23891896000141;SIM;NÃO
23892100000175;SIM;SIM
23892743000119;NÃO;NÃO
24024024000149;SIM;SIM
24025471000112;SIM;SIM
24056078000196;SIM;NÃO
24139813000125;SIM;NÃO
24155987000181;SIM;SIM
24170306000154;SIM;NÃO
24199199000197;NÃO;NÃO
24205264000140;SIM;SIM
24230275000180;NÃO;NÃO
24235014000152;SIM;SIM
24267548000160;SIM;SIM
24279608000165;SIM;NÃO
24305242000151;SIM;NÃO
24327612000151;SIM;NÃO
24365549000148;NÃO;NÃO
24405116000179;NÃO;NÃO
24445860000105;SIM;NÃO
24501384000194;NÃO;NÃO
24525330000169;SIM;NÃO
24537328000100;NÃO;NÃO
24550835000183;NÃO;NÃO
24652295000149;SIM;SIM
24665939000133;SIM;SIM
24768786000150;SIM;SIM
24874375000149;SIM;SIM
24900624000123;SIM;SIM
24900830000133;SIM;SIM
24908951000121;SIM;SIM
24942397000107;SIM;SIM
24951521000192;SIM;SIM
25062770000190;SIM;SIM
25101406000191;SIM;SIM
25267254000100;SIM;NÃO
25271410000106;SIM;SIM
25277531000157;NÃO;NÃO
25337210000109;SIM;NÃO
25359110000175;SIM;SIM
25534627000153;SIM;NÃO
25681947000136;NÃO;NÃO
26033728000103;SIM;SIM
26078564000130;SIM;SIM
26117255002176;NÃO INFORMADO;NÃO INFORMADO
26147855000133;SIM;SIM
26163591000101;NÃO;NÃO
26198843000138;SIM;SIM
26203670000107;SIM;SIM
26258522000181;SIM;SIM
26267372000172;SIM;SIM
26319778000151;SIM;SIM
26375585000118;NÃO;NÃO
26413147000105;SIM;SIM
26421427000157;SIM;SIM
26442031000196;NÃO;NÃO
26472532000115;SIM;NÃO
26474744000131;NÃO;NÃO
26489370000128;SIM;SIM
26495602000150;SIM;NÃO
26511762000146;SIM;SIM
26545757000235;NÃO INFORMADO;NÃO INFORMADO
26578673000117;SIM;NÃO
26585884000187;SIM;SIM
26677034000109;SIM;NÃO
26686777000145;SIM;SIM
26698524000191;NÃO;NÃO
26744659000146;SIM;NÃO
26859766000110;SIM;SIM
26904863000187;SIM;SIM
26979554000176;SIM;NÃO
27009301000132;SIM;NÃO
27033634000105;SIM;SIM
27038048000145;SIM;NÃO
27080808000182;SIM;NÃO
27082822000115;SIM;SIM
27139298000171;SIM;SIM
27151353000149;SIM;SIM
27164746000197;SIM;NÃO
27167403000186;NÃO;NÃO
27205817000152;NÃO;NÃO
27223582000121;SIM;SIM
27252486000101;SIM;SIM
27285912000103;SIM;SIM
27355258000167;NÃO;NÃO
27359745000106;SIM;SIM
27398823000173;SIM;SIM
27405911000155;SIM;SIM
27470069000135;SIM;NÃO
27513690000139;SIM;SIM
27539751000137;SIM;NÃO
27542156000150;NÃO;NÃO
27565880000108;SIM;SIM
27600290000160;NÃO;NÃO
27601055000103;SIM;SIM
27610762000166;SIM;NÃO
27645901000197;SIM;SIM
27662366000182;SIM;SIM
27672439000117;NÃO;NÃO
27679718000102;SIM;SIM
27728826000128;SIM;SIM
27735633000102;NÃO;NÃO
27808046000198;SIM;SIM
27843674000104;SIM;SIM
27854024000164;SIM;SIM
27897149000171;NÃO;NÃO
27922822000186;SIM;NÃO
27928798000192;SIM;SIM
27952836000142;SIM;SIM
28106267000187;NÃO;NÃO
28167662000170;SIM;SIM
28193840000137;SIM;NÃO
28277024000101;SIM;NÃO
28279202000133;SIM;NÃO
28318338000296;NÃO INFORMADO;NÃO INFORMADO
28382603000114;SIM;SIM
28390628000160;SIM;SIM
28419352000103;SIM;NÃO
28435370000251;NÃO;NÃO
28508910000107;SIM;NÃO
28527449000121;NÃO;NÃO
28535512000171;SIM;NÃO
28572297000189;SIM;SIM
28587433000104;SIM;SIM
28661345000105;SIM;SIM
28673126000227;NÃO INFORMADO;NÃO INFORMADO
28678234000101;SIM;NÃO
28689728000191;SIM;SIM
28731394000177;SIM;NÃO
28756538000140;SIM;SIM
28762286000161;SIM;SIM
28852331000179;SIM;SIM
28887331000104;SIM;SIM
28924416000115;SIM;NÃO
28940246000162;SIM;SIM
28987607000126;SIM;SIM
29088445000157;NÃO;NÃO
29096067000153;SIM;SIM
29100634000106;SIM;NÃO
29180947000103;NÃO;NÃO
29206677000162;SIM;SIM
29232603000109;SIM;SIM
29241082000148;NÃO;NÃO
29286662000151;SIM;NÃO
29335864000146;SIM;SIM
29396932000349;NÃO INFORMADO;NÃO INFORMADO
29410202000193;SIM;NÃO
29530710000105;SIM;SIM
29574783000107;SIM;SIM
29678780000105;NÃO;NÃO
29721844000103;SIM;SIM
29782945000194;SIM;NÃO
29852104000106;SIM;NÃO
29859266000176;SIM;SIM
29878298000119;SIM;SIM
29888430000173;SIM;SIM
29909872000159;SIM;SIM
29913391000117;SIM;SIM
29995914000111;SIM;NÃO
29997526000170;SIM;SIM
30006797000103;SIM;SIM
30084870000157;SIM;SIM
30099073000143;SIM;SIM
30125363000114;NÃO;NÃO
30187803000168;SIM;SIM
30333717000116;SIM;SIM
30348102000163;SIM;SIM
30353933000123;NÃO;NÃO
30365048000164;SIM;NÃO
30419735000115;SIM;SIM
30469240000109;SIM;SIM
30520149000162;SIM;SIM
30578280000180;NÃO;NÃO
30603601000150;SIM;SIM
30694172000173;SIM;NÃO
30704851000186;SIM;SIM
30762570000180;SIM;SIM
30782932000102;SIM;NÃO
30840727000148;SIM;NÃO
30846478000106;SIM;SIM
30850228000131;SIM;SIM
30887531000109;SIM;NÃO
30904950000292;NÃO INFORMADO;NÃO INFORMADO
30981939000145;SIM;SIM
30993511000112;SIM;SIM
31011671000181;SIM;NÃO
31059218000145;SIM;SIM
31073279000167;SIM;SIM
31076044000129;SIM;SIM
31078085000154;SIM;SIM
31173151000175;SIM;SIM
31196344000141;SIM;SIM
31207206000110;NÃO;NÃO
31210896000167;SIM;SIM
31291215000132;NÃO;NÃO
31325341000160;NÃO;NÃO
31331372000124;NÃO;NÃO
31342945000115;SIM;NÃO
31443330000185;SIM;SIM
31468736000112;SIM;SIM
31495322000182;SIM;SIM
31607703000106;SIM;SIM
31678415000142;SIM;SIM
31679468000188;SIM;SIM
31688437000193;SIM;NÃO
31704495000163;SIM;SIM
31707502000180;SIM;SIM
31726624000114;NÃO;NÃO
31747165000155;NÃO;NÃO
31852638000184;NÃO;NÃO
31858578000107;SIM;SIM
31909364000112;SIM;NÃO
31922519000150;SIM;NÃO
31939974000169;SIM;SIM
31957017000165;SIM;SIM
31967515000199;SIM;SIM
31991099000164;SIM;NÃO
32013129000120;SIM;NÃO
32032626000176;SIM;SIM
32038687000140;SIM;SIM
32040285000180;SIM;SIM
32116825000162;SIM;SIM
32141669000190;NÃO;NÃO
32160144000100;SIM;SIM
32255271000184;SIM;NÃO
32332503000150;SIM;SIM
32384664000198;SIM;SIM
32388708000158;SIM;SIM
32426879000124;SIM;SIM
32444596000105;SIM;SIM
32475224000146;SIM;SIM
32476604000103;SIM;NÃO
32512744000181;SIM;SIM
32521631000142;SIM;SIM
32570753000129;SIM;SIM
32600673000179;NÃO;NÃO
32641079000126;SIM;SIM
32695928000124;SIM;SIM
32795582000136;SIM;NÃO
32821123000180;SIM;SIM
32873167000153;SIM;SIM
32894788000113;SIM;SIM
32907843000162;SIM;NÃO
32982596000169;SIM;SIM
33012386000100;SIM;NÃO
33018720000133;SIM;SIM
33035536000100;NÃO;NÃO
33040601000187;NÃO;NÃO
33045076000192;SIM;SIM
33047285000175;SIM;SIM
33051579000170;SIM;SIM
33071847000388;NÃO;NÃO
33094278000124;SIM;SIM
33163090000190;SIM;SIM
33164021010679;NÃO;NÃO
33203581000118;SIM;NÃO
33232730000177;SIM;SIM
33234152000108;SIM;SIM
33252434000138;SIM;SIM
33381286005706;NÃO;NÃO
33384549000186;SIM;SIM
33422158000109;SIM;SIM
33438545000133;SIM;SIM
33470230000173;NÃO;NÃO
33498934000154;SIM;NÃO
33500325000192;SIM;NÃO
33525358001240;NÃO INFORMADO;NÃO INFORMADO
33592510000154;NÃO;NÃO
33592770000120;SIM;SIM
33649878000101;SIM;NÃO
33679182000128;SIM;SIM
33698290000148;NÃO;NÃO
33720484000100;SIM;SIM
33722001000107;SIM;NÃO
33725169000168;SIM;NÃO
33736092000121;SIM;NÃO
33744722000100;SIM;NÃO
33801486000116;SIM;SIM
33818514000108;NÃO;NÃO
33839910000111;NÃO;NÃO
33851161000148;SIM;SIM
33875234000131;SIM;NÃO
33876229000143;SIM;SIM
33911667000103;SIM;SIM
33914833000117;SIM;NÃO
33948964000115;SIM;SIM
33966230000169;SIM;NÃO
33966327000171;SIM;SIM
33978172000355;NÃO;NÃO
34017833000187;SIM;SIM
34055658000112;SIM;SIM
34114508000132;SIM;SIM
34140132000130;SIM;SIM
34147402000135;SIM;SIM
34234562000111;SIM;SIM
34419728000174;SIM;SIM
34509375000101;SIM;NÃO
34514036000105;SIM;SIM
34526084000113;NÃO;NÃO
34555370000107;SIM;NÃO
34598776000177;SIM;SIM
34651734000152;SIM;SIM
34658709000109;SIM;SIM
34669017000158;SIM;SIM
34670717000162;NÃO;NÃO
34671367000159;SIM;SIM
34675104000118;SIM;SIM
34675972000106;SIM;SIM
34691259000148;SIM;SIM
34740824000110;SIM;SIM
34822787000199;SIM;NÃO
34844672000103;SIM;SIM
34897728000180;NÃO;NÃO
34904272000138;SIM;NÃO
34909266000173;SIM;SIM
34927093000116;SIM;SIM
34933310000180;SIM;SIM
34938540000132;SIM;SIM
34968928000186;SIM;NÃO
34973877000180;SIM;SIM
34975279000140;SIM;SIM
34988227000109;SIM;SIM
35005208000188;SIM;SIM
35038400000170;SIM;NÃO
35124696000142;SIM;SIM
35154003000164;SIM;SIM
35162229000107;SIM;SIM
35268155000198;SIM;SIM
35313169000186;SIM;SIM
35326723000160;SIM;SIM
35364910000138;SIM;NÃO
35369673000106;SIM;NÃO
35381514000119;SIM;SIM
35399235000182;SIM;SIM
35402400000108;SIM;SIM
35441461000184;SIM;SIM
35478626000192;SIM;SIM
35479858000165;SIM;SIM
35503396000174;SIM;SIM
35586384000150;SIM;SIM
35614719000105;NÃO;NÃO
35632867000144;SIM;SIM
35729273000156;SIM;NÃO
35741295000131;SIM;SIM
35797136000159;SIM;SIM
35824684000120;SIM;NÃO
35843569000101;SIM;SIM
35865316000120;SIM;NÃO
35917664000102;SIM;SIM
35935974000141;SIM;SIM
35936365000107;NÃO;NÃO
35980428000122;SIM;SIM
35981313000152;SIM;SIM
36050141000166;SIM;SIM
36074476000114;SIM;SIM
36097493000177;SIM;SIM
36118413000112;SIM;SIM
36125132000197;SIM;SIM
36127144000150;SIM;SIM
36157096000143;SIM;SIM
36158852000159;SIM;SIM
36163853000191;SIM;NÃO
36175421000109;SIM;SIM
36191569000129;SIM;NÃO
36197533000152;SIM;SIM
36206366000169;SIM;SIM
36232561000163;SIM;SIM
36242123000186;SIM;SIM
36287971000101;SIM;SIM
36305421000178;SIM;SIM
36314032000109;SIM;SIM
36318105000130;SIM;SIM
36324781000117;SIM;SIM
36330400000102;SIM;SIM
36365067000177;SIM;SIM
36383860000107;SIM;SIM
36452374000195;SIM;SIM
36464511000101;SIM;SIM
36468781000190;SIM;SIM
36473923000108;NÃO INFORMADO;NÃO INFORMADO
36512700000102;SIM;SIM
36528397000136;SIM;SIM
36529590000191;SIM;SIM
36537805000116;NÃO;NÃO
36540386000171;NÃO INFORMADO;NÃO INFORMADO
36551469000166;SIM;SIM
36587112000138;SIM;SIM
36589710000146;SIM;SIM
36607479000176;SIM;SIM
36612368000158;SIM;SIM
36623843000191;SIM;SIM
36658601000133;SIM;NÃO
36660984000184;SIM;SIM
36666353000172;SIM;NÃO
36695645000133;SIM;SIM
36706385000154;SIM;SIM
36743346000127;SIM;SIM
36761122000148;SIM;SIM
36763868000190;SIM;NÃO
36774442000132;NÃO;NÃO
36793682000184;SIM;SIM
36839235000119;SIM;SIM
36870142000157;SIM;SIM
36882202000151;SIM;SIM
36889925000182;SIM;SIM
36906290000184;NÃO;NÃO
36909733000190;SIM;SIM
36947201000148;SIM;SIM
36950726000132;NÃO;NÃO
36983547000100;SIM;SIM
37092245000104;SIM;SIM
37118515000109;SIM;SIM
37134636000136;SIM;SIM
37138297000166;SIM;SIM
37138785000173;SIM;SIM
37144734000154;SIM;SIM
37153024000190;SIM;SIM
37167672000104;SIM;NÃO
37168484000192;SIM;NÃO
37189889000450;NÃO INFORMADO;NÃO INFORMADO
37191288000139;SIM;NÃO
37227502000160;SIM;SIM
37248186000102;SIM;SIM
37265981000109;SIM;SIM
37294858000116;SIM;NÃO
37311108000105;NÃO;NÃO
37319697000178;SIM;SIM
37354368000168;SIM;SIM
37373389000120;SIM;SIM
37387518000130;SIM;SIM
37390365000180;SIM;SIM
37396073000154;SIM;SIM
37415161000237;NÃO INFORMADO;NÃO INFORMADO
37429760000129;SIM;SIM
37441675000186;NÃO INFORMADO;NÃO INFORMADO
37481940000150;SIM;SIM
37482672000190;SIM;SIM
37499101000169;SIM;SIM
37501090000104;SIM;NÃO
37554918000192;SIM;NÃO
37599302000138;SIM;SIM
37658378000197;SIM;NÃO
37672198000160;SIM;SIM
37682133000103;SIM;SIM
37693907000193;SIM;SIM
37707299000129;SIM;SIM
37720454000147;SIM;SIM
37726919000177;SIM;SIM
37755937000187;SIM;SIM
37796809000181;SIM;SIM
37865118000192;SIM;SIM
37896825000146;SIM;SIM
37897668000193;SIM;NÃO
37902518000120;NÃO INFORMADO;NÃO INFORMADO
37904990000100;SIM;SIM
37908854000180;SIM;SIM
38017160000116;SIM;SIM
38059854000116;SIM;SIM
38060379000106;SIM;SIM
38076077000118;SIM;NÃO
38084561000199;SIM;NÃO
38099832000180;SIM;NÃO
38107857000188;SIM;SIM
38139584000153;SIM;SIM
38160295000136;SIM;SIM
38161024000103;SIM;SIM
38168107000116;SIM;SIM
38193436000117;SIM;NÃO
38313130000157;NÃO INFORMADO;NÃO INFORMADO
38315733000198;SIM;SIM
38353747000104;SIM;SIM
38367379000145;SIM;SIM
38409911000140;SIM;SIM
38453159000134;SIM;SIM
38457137000142;SIM;NÃO
38498137000190;SIM;SIM
38539966000174;SIM;SIM
38662999000107;SIM;SIM
39154329000142;SIM;SIM
39229677000131;SIM;SIM
39258846000161;SIM;SIM
39287390000168;SIM;NÃO
39299268000101;SIM;NÃO
39309160000152;SIM;SIM
39316254000159;NÃO INFORMADO;NÃO INFORMADO
39353227000156;SIM;SIM
39404254000100;SIM;NÃO
39447591000185;SIM;SIM
39461552000132;SIM;SIM
39465123000133;SIM;SIM
39465712000111;SIM;SIM
39466466000112;SIM;SIM
39484812000195;NÃO INFORMADO;NÃO INFORMADO
39499548000163;SIM;SIM
39502696000190;SIM;SIM
39525645000183;SIM;SIM
39539504000110;SIM;SIM
39584882000115;SIM;NÃO
39618845000180;SIM;SIM
39691599000192;SIM;SIM
39729042000101;SIM;SIM
39803229000108;SIM;SIM
39806358000141;NÃO INFORMADO;NÃO INFORMADO
39863377000100;SIM;SIM
39906357000179;SIM;NÃO
40005603000109;SIM;SIM
40009757000160;SIM;NÃO
40017037000147;SIM;SIM
40042317000105;SIM;SIM
40050076000146;SIM;SIM
40055732000101;SIM;SIM
40066000000109;SIM;SIM
40066547000104;NÃO INFORMADO;NÃO INFORMADO
40110931000167;SIM;NÃO
40134774000120;SIM;SIM
40161438000176;SIM;SIM
40169110000104;SIM;SIM
40170169000104;SIM;NÃO
40214537000179;SIM;SIM
40220039000139;SIM;SIM
40222306000107;SIM;SIM
40238746000152;SIM;SIM
40247928000190;SIM;NÃO
40252869000148;SIM;SIM
40258338000162;SIM;SIM
40270873000139;SIM;SIM
40294979000172;SIM;SIM
40300370000169;SIM;SIM
40304754000150;SIM;SIM
40313141000189;SIM;SIM
40427199000153;SIM;SIM
40453075000142;SIM;SIM
40487052000159;SIM;SIM
40488875000107;SIM;SIM
40503201000126;SIM;NÃO
40517811000189;SIM;SIM
40543080000146;SIM;SIM
40553541000161;SIM;SIM
40561166000100;SIM;SIM
40585113000110;SIM;SIM
40602149000165;SIM;SIM
40609533000190;SIM;SIM
40614483000139;SIM;SIM
40637638000152;SIM;SIM
40699247000162;SIM;NÃO
40700096000115;SIM;SIM
40730341000137;SIM;SIM
40746722000104;SIM;SIM
40776461000175;SIM;SIM
40790440000104;SIM;SIM
40846666000180;SIM;SIM
40900788000107;SIM;SIM
40922761000115;SIM;SIM
40931565000107;SIM;SIM
40953608000155;SIM;NÃO
40975244000104;SIM;SIM
40984215000109;SIM;SIM
41021226000156;SIM;SIM
41023269000170;SIM;SIM
41074959000159;SIM;SIM
41084539000153;SIM;SIM
41110224000133;SIM;NÃO
41114912000171;SIM;SIM
41149861000113;SIM;SIM
41207266000197;SIM;SIM
41220506000193;SIM;SIM
41236580000106;SIM;SIM
41246119000126;SIM;NÃO
41250753000132;NÃO INFORMADO;NÃO INFORMADO
41277499000166;SIM;SIM
41307592000176;SIM;NÃO
41329626000123;SIM;SIM
41392539000110;SIM;SIM
41421690000130;SIM;SIM
41514786000142;NÃO INFORMADO;NÃO INFORMADO
41554245000148;SIM;SIM
41571315000176;SIM;SIM
41571957000175;SIM;SIM
41632626000106;SIM;SIM
41655068000196;SIM;SIM
41728204000120;SIM;SIM
41730619000139;SIM;SIM
41745791000166;SIM;SIM
41758034000127;SIM;SIM
41758149000111;SIM;SIM
41766112000135;SIM;SIM
41772633000103;SIM;NÃO
41792642000158;SIM;NÃO
41800139000105;SIM;NÃO
41813684000128;NÃO;NÃO
41846039000101;SIM;SIM
41847101000180;SIM;SIM
41848982000153;SIM;SIM
41850854000144;SIM;SIM
41881559000155;SIM;SIM
41890137000146;SIM;SIM
41892252000150;SIM;SIM
41897731000169;SIM;NÃO
41904783000115;SIM;NÃO
41927840000181;SIM;NÃO
41937850000106;SIM;NÃO
41941083000109;SIM;NÃO
41957517000150;SIM;NÃO
41980005000105;SIM;SIM
41986828000148;SIM;SIM
42000038000104;SIM;NÃO
42015343000170;SIM;SIM
42026683000104;SIM;SIM
42030699000182;NÃO INFORMADO;NÃO INFORMADO
42058758000120;SIM;SIM
42102811000143;SIM;SIM
42118076000166;SIM;SIM
42141422000127;SIM;SIM
42158273000109;SIM;SIM
42158666000112;SIM;SIM
42165035000120;NÃO;NÃO
42170250000110;SIM;SIM
42173857000153;SIM;NÃO
42189181000196;SIM;NÃO
42225245000167;SIM;SIM
42237064000150;SIM;SIM
42319023000103;SIM;NÃO
42334572000157;SIM;NÃO
42432689000173;SIM;SIM
42519549000137;SIM;NÃO
42580152000150;SIM;NÃO
42601363000122;SIM;SIM
42619153000161;SIM;SIM
42633942000157;SIM;NÃO
42642838000129;SIM;SIM
42649501000143;SIM;SIM
42652501000100;SIM;SIM
42673388000131;SIM;SIM
42676572000135;SIM;SIM
42696599000190;SIM;SIM
42696804000117;SIM;SIM
42723467000100;NÃO INFORMADO;NÃO INFORMADO
42751815000152;SIM;SIM
42794111000167;SIM;SIM
42817048000137;SIM;SIM
42824787000156;SIM;NÃO
42836470000130;SIM;SIM
42881252000117;SIM;SIM
42893531000109;SIM;SIM
42927276000160;SIM;SIM
42927782000159;SIM;SIM
42927978000143;SIM;SIM
42941206000166;SIM;SIM
42946778000138;SIM;SIM
42987238000100;SIM;NÃO
43030674000141;SIM;SIM
43060901000181;SIM;SIM
43109385000132;NÃO INFORMADO;NÃO INFORMADO
43123415000165;SIM;SIM
43126973000184;SIM;SIM
43166748000171;SIM;SIM
43177709000170;SIM;SIM
43206990000121;SIM;SIM
43220023000114;SIM;SIM
43220349000141;SIM;SIM
43286793000160;SIM;SIM
43301182000143;SIM;SIM
43325806000162;SIM;SIM
43345928000110;SIM;SIM
43367027000120;SIM;SIM
43375235000170;SIM;NÃO
43382157000131;SIM;SIM
43400884000184;SIM;SIM
43427660000166;SIM;SIM
43441916000190;SIM;SIM
43476569000130;SIM;SIM
43582091000123;NÃO INFORMADO;NÃO INFORMADO
43615886000190;SIM;SIM
43637611000158;SIM;NÃO
43712240000121;SIM;SIM
43714727000143;NÃO INFORMADO;NÃO INFORMADO
43724307000148;SIM;SIM
43765683000180;SIM;NÃO
43770046000100;SIM;SIM
43776517000180;NÃO;NÃO
43789992000190;SIM;SIM
43817591000105;SIM;NÃO
43818133000182;SIM;SIM
43839346000190;SIM;SIM
43857413000108;SIM;SIM
43922499000105;SIM;SIM
43925607000195;SIM;SIM
44007521000146;SIM;SIM
44029937000165;SIM;NÃO
44042865000196;NÃO INFORMADO;NÃO INFORMADO
44064694000104;SIM;NÃO
44098444000187;SIM;SIM
44103423000102;SIM;SIM
44139461000115;NÃO INFORMADO;NÃO INFORMADO
44156992000116;SIM;SIM
44183491000129;SIM;SIM
44203959000108;SIM;SIM
44223075000107;SIM;NÃO
44228166000135;SIM;SIM
44247762000162;SIM;SIM
44279033000198;SIM;SIM
44280566000190;SIM;SIM
44287190000145;SIM;SIM
44304591000166;NÃO INFORMADO;NÃO INFORMADO
44309341000119;SIM;SIM
44380805000183;SIM;NÃO
44392696000114;SIM;SIM
44399302000150;SIM;SIM
44467064000172;SIM;SIM
44491098000100;NÃO INFORMADO;NÃO INFORMADO
44508424000137;NÃO INFORMADO;NÃO INFORMADO
44543250000143;NÃO INFORMADO;NÃO INFORMADO
44552801000135;SIM;SIM
44570302000170;SIM;SIM
44628319000131;SIM;SIM
44646077000109;SIM;SIM
44696355000132;SIM;NÃO
44702185000151;SIM;SIM
44726078000163;SIM;SIM
44746822000191;SIM;SIM
44768931000100;SIM;SIM
44837244000107;SIM;SIM
44863874000148;SIM;SIM
44900394000100;SIM;SIM
44934782000101;SIM;NÃO
44937493000166;SIM;SIM
44943890000140;SIM;SIM
44962895000110;SIM;SIM
44981509000138;SIM;SIM
44993258000101;SIM;SIM
45001509000197;SIM;SIM
45006868000137;SIM;NÃO
45031547000192;SIM;SIM
45039540000117;SIM;SIM
45076910000196;SIM;SIM
45084401000105;SIM;SIM
45087782000186;NÃO INFORMADO;NÃO INFORMADO
45088439000156;SIM;SIM
45089480000147;SIM;SIM
45097076000115;SIM;SIM
45104944000147;SIM;SIM
45108278000115;SIM;SIM
45138115000185;SIM;SIM
45148882000175;SIM;SIM
45168571000178;SIM;SIM
45204420000128;SIM;SIM
45242914039141;NÃO;NÃO
45247878000164;SIM;SIM
45301580000195;SIM;SIM
45319526000177;SIM;SIM
45345330000157;SIM;SIM
45393548000187;SIM;SIM
45414926000161;SIM;SIM
45449511000123;SIM;NÃO
45451271000100;SIM;SIM
45507029000100;SIM;SIM
45512081000147;NÃO INFORMADO;NÃO INFORMADO
45540377000171;SIM;SIM
45556399000120;SIM;NÃO
45599019000134;SIM;SIM
45599119000160;SIM;SIM
45632111000159;SIM;SIM
45635761000158;SIM;SIM
45654197000110;SIM;SIM
45683143000183;SIM;NÃO
45702436000160;SIM;SIM
45770947000110;SIM;SIM
45816313000150;SIM;SIM
45852026000104;SIM;SIM
45902752000186;SIM;NÃO
45911733000116;NÃO INFORMADO;NÃO INFORMADO
46001260000182;SIM;SIM
46039229000130;SIM;SIM
46086945000179;SIM;SIM
46123002000179;SIM;SIM
46146025000107;SIM;SIM
46147327000191;SIM;SIM
46163819000170;SIM;SIM
46172648000146;SIM;NÃO
46183233000178;SIM;SIM
46222892000176;SIM;SIM
46228178000195;SIM;SIM
46255643000187;SIM;SIM
46272663000166;SIM;SIM
46282967000104;SIM;SIM
46285223000143;SIM;SIM
46332951000169;SIM;SIM
46337501000169;SIM;SIM
46368557000180;SIM;NÃO
46385094000165;SIM;SIM
46392962000134;SIM;SIM
46404371000130;SIM;SIM
46453728000170;NÃO INFORMADO;NÃO INFORMADO
46483975000119;SIM;SIM
46485691000161;SIM;SIM
46514775000186;SIM;SIM
46551314000183;SIM;SIM
46592163000101;SIM;SIM
46620299000188;SIM;SIM
46641192000116;SIM;SIM
46646099000102;SIM;SIM
46650549000122;SIM;NÃO
46668673000115;SIM;SIM
46698754000168;SIM;NÃO
46760635000198;SIM;SIM
46790157000169;SIM;SIM
46806032000180;SIM;SIM
46843387000149;SIM;SIM
46843419000106;SIM;SIM
46847197000108;SIM;NÃO
46895623000170;SIM;NÃO
46923052000130;SIM;SIM
46956288000173;SIM;SIM
47019652000131;SIM;SIM
47020006000194;SIM;SIM
47041766000188;SIM;SIM
47042819000185;SIM;SIM
47099886000136;SIM;SIM
47114373000157;SIM;SIM
47118828000102;SIM;SIM
47160269000107;SIM;NÃO
47184073000144;SIM;SIM
47184446000187;SIM;SIM
47198166000128;SIM;NÃO
47203968000189;SIM;SIM
47204780000155;NÃO INFORMADO;NÃO INFORMADO
47207826000190;SIM;SIM
47223871000138;SIM;SIM
47223878000150;SIM;SIM
47252381000160;SIM;SIM
47269404000149;SIM;SIM
47270136000185;SIM;SIM
47298141000104;SIM;SIM
47331838000121;NÃO INFORMADO;NÃO INFORMADO
47347439000159;SIM;SIM
47364216000108;SIM;SIM
47371716000169;SIM;NÃO
47386474000187;NÃO INFORMADO;NÃO INFORMADO
47423232000116;NÃO INFORMADO;NÃO INFORMADO
47484417000130;SIM;SIM
47499805000195;SIM;SIM
47508411000156;NÃO;NÃO
47514333000100;NÃO INFORMADO;NÃO INFORMADO
47522903000104;NÃO INFORMADO;NÃO INFORMADO
47540194000181;SIM;SIM
47599969000194;SIM;SIM
47609728000189;SIM;NÃO
47651182000124;SIM;SIM
47665742000108;SIM;SIM
47683794000107;SIM;SIM
47695290000107;SIM;SIM
47734767000108;SIM;SIM
47790224000108;SIM;SIM
47798113000148;SIM;SIM
47802651000169;SIM;SIM
47886612000197;SIM;SIM
47913681000142;NÃO INFORMADO;NÃO INFORMADO
47933597000190;NÃO INFORMADO;NÃO INFORMADO
47952824000125;NÃO INFORMADO;NÃO INFORMADO
47960950115611;NÃO;NÃO
47974218000100;NÃO INFORMADO;NÃO INFORMADO
48009632000142;NÃO INFORMADO;NÃO INFORMADO
48027853000143;NÃO INFORMADO;NÃO INFORMADO
48040155000188;NÃO INFORMADO;NÃO INFORMADO
48125886000126;NÃO INFORMADO;NÃO INFORMADO
48186299000147;NÃO INFORMADO;NÃO INFORMADO
48231425000138;NÃO INFORMADO;NÃO INFORMADO
48240720000150;NÃO INFORMADO;NÃO INFORMADO
48252734000194;NÃO INFORMADO;NÃO INFORMADO
48253164000157;NÃO INFORMADO;NÃO INFORMADO
48302980000103;NÃO INFORMADO;NÃO INFORMADO
48325310000102;NÃO;NÃO
48358364000174;NÃO INFORMADO;NÃO INFORMADO
49425457000137;NÃO;NÃO
50255355000108;NÃO;NÃO
52948460000140;SIM;NÃO
54566971000122;SIM;NÃO
54826532000292;NÃO;NÃO
57214900001473;NÃO INFORMADO;NÃO INFORMADO
58062779000150;NÃO;NÃO
58069360002335;NÃO;NÃO
58392432000175;NÃO;NÃO
59285411000113;NÃO;NÃO
59418806000147;NÃO;NÃO
59754523000176;NÃO;NÃO
60500139000126;NÃO;NÃO
60543816000193;NÃO;NÃO
60840055000131;NÃO;NÃO
60933603000178;NÃO;NÃO
61351532000168;NÃO;NÃO
62002886000160;NÃO;NÃO
62951355000113;NÃO;NÃO
63269492000135;SIM;NÃO
63304950000120;NÃO;NÃO
63983167000130;SIM;NÃO
64904295000103;NÃO;NÃO
65446213000197;SIM;NÃO
65524944002319;NÃO;NÃO
65993453003399;NÃO;NÃO
67010660000124;NÃO;NÃO
67170431000177;NÃO;NÃO
67241901000146;NÃO;NÃO
67380519000113;SIM;NÃO
68550201000104;NÃO;NÃO
69350171000147;SIM;NÃO
70116827000493;NÃO;NÃO
71120018000175;NÃO;NÃO
71240121000159;SIM;NÃO
71304737000146;SIM;NÃO
71541320000105;NÃO;NÃO
72375975000105;NÃO;NÃO
72520968000150;NÃO;NÃO
73045528000150;SIM;NÃO
73113243000290;NÃO;NÃO
73910440000150;SIM;NÃO
73965485000121;NÃO;NÃO
75549097000195;SIM;NÃO
76648500002492;NÃO;NÃO
78666096000119;NÃO;NÃO
79221172000226;NÃO;NÃO
79230959000254;NÃO;NÃO
80583941000134;NÃO;NÃO
81619561000175;SIM;NÃO
81739534000136;SIM;NÃO
82878471000161;SIM;NÃO
83017350000198;NÃO;NÃO
84512128000124;SIM;NÃO
84571116000170;SIM;NÃO
84683408000103;NÃO;NÃO
85045532000106;NÃO;NÃO
85070068003387;NÃO;NÃO
85128981001262;NÃO;NÃO
86975760000130;NÃO;NÃO
89096457000155;NÃO;NÃO
89288229000187;NÃO;NÃO
90347840003486;NÃO;NÃO
90400888141714;NÃO;NÃO
91220624000170;NÃO;NÃO
91983056000169;NÃO;NÃO
92390137000118;NÃO;NÃO
92693019000189;NÃO;NÃO
92791243000103;NÃO;NÃO
93191989000149;SIM;SIM
93374833000101;SIM;NÃO
95844163000167;SIM;NÃO
96402177000193;NÃO;NÃO
97131635000160;NÃO;NÃO
97411441000118;NÃO;NÃO
97548354000107;NÃO;NÃO
00000000704245;NÃO;NÃO
00006874000156;NÃO;NÃO
00355025000108;NÃO;NÃO
00527392000141;SIM;NÃO
00601763000198;NÃO;NÃO
00607587002226;NÃO;NÃO
00664518000120;NÃO;NÃO
00776574000156;NÃO;NÃO
00984008000130;NÃO;NÃO
00984046000192;NÃO;NÃO
01280910000138;SIM;NÃO
01384869000220;NÃO INFORMADO;NÃO INFORMADO
01472053000178;NÃO;NÃO
01472996000109;NÃO;NÃO
01515135000152;NÃO;NÃO
01532194000139;NÃO;NÃO
01534080009427;NÃO;NÃO
01560412000149;NÃO;NÃO
01639563000510;NÃO;NÃO
01678134000129;NÃO;NÃO
01685041000202;NÃO;NÃO
01830085000106;NÃO;NÃO
01838637000114;SIM;NÃO
01892831000188;SIM;NÃO
01907000000132;NÃO;NÃO
01918902000174;NÃO;NÃO
01922804000100;NÃO;NÃO
01938783000111;NÃO;NÃO
01963850000158;SIM;NÃO
02280165000190;NÃO;NÃO
02309786000159;NÃO;NÃO
02351877000152;NÃO;NÃO
02414164000190;NÃO;NÃO
02415583100010;NÃO;NÃO
02419541000184;NÃO;NÃO
02427602000155;SIM;NÃO
02470930000134;SIM;NÃO
02474103000119;NÃO;NÃO
02497354000119;NÃO;NÃO
02604860000160;NÃO;NÃO
02626506000136;SIM;NÃO
03073028000147;NÃO;NÃO
03129935000160;SIM;NÃO
03132775000109;NÃO;NÃO
03153003000153;NÃO;NÃO
03166705000252;NÃO INFORMADO;NÃO INFORMADO
03261703000161;SIM;NÃO
03297377000142;NÃO;NÃO
03332411000172;NÃO;NÃO
03388379000147;NÃO;NÃO
03476811044361;NÃO;NÃO
03548507000172;NÃO;NÃO
03612443000121;NÃO;NÃO
03652030000170;NÃO;NÃO
03692535000169;SIM;NÃO
03784680000331;NÃO;NÃO
03802115000198;NÃO;NÃO
03823476000382;NÃO INFORMADO;NÃO INFORMADO
04008342000966;NÃO INFORMADO;NÃO INFORMADO
04012936000193;SIM;NÃO
04041961000103;NÃO;NÃO
04105937000697;NÃO;NÃO
04111187000151;NÃO;NÃO
04151219000142;SIM;NÃO
04193584000110;SIM;NÃO
04228987012597;NÃO;NÃO
04236064001038;NÃO;NÃO
04356568000109;NÃO;NÃO
04373287000580;NÃO INFORMADO;NÃO INFORMADO
04416046000147;NÃO;NÃO
04491144000149;SIM;NÃO
04512077000100;NÃO;NÃO
04516841000107;NÃO;NÃO
04559901000179;SIM;NÃO
04633427000188;NÃO;NÃO
04715965000111;NÃO;NÃO
04726579000125;NÃO;NÃO
04752991000110;NÃO;NÃO
04776686000168;NÃO;NÃO
05011066000109;NÃO;NÃO
05103655000451;NÃO INFORMADO;NÃO INFORMADO
05162936000132;SIM;NÃO
05274349000216;NÃO INFORMADO;NÃO INFORMADO
05300307000121;NÃO;NÃO
05403709000151;NÃO;NÃO
05468113000130;NÃO;NÃO
05483290000195;SIM;NÃO
05493795000130;NÃO;NÃO
05518221000170;NÃO;NÃO
05670855000143;NÃO;NÃO
05806191000105;NÃO;NÃO
06184524000166;NÃO;NÃO
06194675002068;NÃO INFORMADO;NÃO INFORMADO
06209808000160;SIM;NÃO
06695782000107;SIM;NÃO
06946228000236;NÃO INFORMADO;NÃO INFORMADO
06948969000175;NÃO;NÃO
07037568000126;NÃO;NÃO
07049347000178;NÃO;NÃO
07173282000178;NÃO;NÃO
07197697000181;SIM;NÃO
07207996001121;NÃO;NÃO
07216054000561;NÃO;NÃO
07216189000101;NÃO;NÃO
07216574000302;NÃO INFORMADO;NÃO INFORMADO
07238623000146;NÃO;NÃO
07295631000981;NÃO;NÃO
07381410000411;NÃO;NÃO
07401720000108;SIM;NÃO
07453097001290;NÃO;NÃO
07539289000160;NÃO;NÃO
07570650000111;SIM;NÃO
07650954000199;NÃO;NÃO
07718269000157;NÃO;NÃO
07739539000106;NÃO;NÃO
07856791000103;SIM;SIM
07949328000440;NÃO;NÃO
07971407000458;NÃO;NÃO
07997460000185;SIM;NÃO
08005556000182;NÃO;NÃO
08005772000551;NÃO;NÃO
08076373000158;NÃO;NÃO
08090202000183;NÃO;NÃO
08092833000727;NÃO;NÃO
08106875000184;SIM;NÃO
08109106000130;NÃO;NÃO
08138921000127;SIM;NÃO
08158478000741;NÃO INFORMADO;NÃO INFORMADO
08193685000141;NÃO;NÃO
08227170000115;NÃO;NÃO
08284019000119;SIM;NÃO
08285554000275;NÃO;NÃO
08315648000240;NÃO INFORMADO;NÃO INFORMADO
08363909000116;NÃO;NÃO
08381692000339;NÃO;NÃO
08396550000183;NÃO;NÃO
08400521002272;NÃO;NÃO
08423090000569;NÃO INFORMADO;NÃO INFORMADO
08523907000147;NÃO;NÃO
08527039000173;NÃO;NÃO
08527543000173;NÃO;NÃO
08534605000174;NÃO;NÃO
08542427000123;NÃO;NÃO
08558630000198;NÃO;NÃO
08573519000170;SIM;NÃO
08613550000198;NÃO;NÃO
08670629000231;NÃO;NÃO
08675234000140;NÃO;NÃO
08717040000160;SIM;NÃO
08767745000192;SIM;NÃO
08776843000196;SIM;NÃO
08795211000170;NÃO;NÃO
08847490000178;SIM;NÃO
08848841000165;SIM;NÃO
08915301000157;NÃO;NÃO
09031845000119;SIM;NÃO
09073279000108;SIM;NÃO
09086213000152;NÃO;NÃO
09100612000120;SIM;NÃO
09139540000125;NÃO;NÃO
09142679000128;NÃO;NÃO
09285943000182;NÃO;NÃO
09321125000511;NÃO;NÃO
09333970000183;SIM;NÃO
09363472000183;SIM;NÃO
09404923000183;SIM;NÃO
09462921000493;NÃO;NÃO
09560176000172;SIM;NÃO
09611481000146;SIM;NÃO
09685963000140;NÃO;NÃO
10265088000127;SIM;NÃO
10292792000179;NÃO;NÃO
10300125000271;NÃO INFORMADO;NÃO INFORMADO
10342782000109;SIM;NÃO
10387557000180;NÃO;NÃO
10417109000263;NÃO;NÃO
10418525000103;NÃO;NÃO
10462980000106;NÃO;NÃO
10476396000100;SIM;NÃO
10506007000133;SIM;NÃO
10568044000176;NÃO;NÃO
10700897000110;SIM;NÃO
10725413000197;SIM;NÃO
10736008000174;SIM;NÃO
10736126000182;SIM;NÃO
10739356000103;NÃO;NÃO
10746497000145;NÃO;NÃO
10757963000198;NÃO;NÃO
10760260000119;NÃO;NÃO
10801891000139;SIM;NÃO
10807374000177;NÃO;NÃO
10918425000219;NÃO;NÃO
10987121000122;NÃO;NÃO
11013551000106;SIM;NÃO
11022930000162;NÃO;NÃO
11061677000156;SIM;NÃO
11228174000122;SIM;SIM
11293682000194;NÃO;NÃO
11341638000102;SIM;NÃO
11383070000192;SIM;SIM
11473285000102;SIM;SIM
11486965000152;SIM;NÃO
11512745000156;SIM;NÃO
11641971000137;SIM;NÃO
11707253000116;SIM;NÃO
11765256000106;SIM;SIM
11791658000185;SIM;SIM
11814211000184;SIM;NÃO
11854914000217;NÃO;NÃO
11909813000115;NÃO;NÃO
12218548000191;NÃO;NÃO
12221217000100;SIM;NÃO
12266724000160;SIM;SIM
12411268000103;SIM;NÃO
12423666000131;SIM;NÃO
12585023000194;SIM;NÃO
12585544000141;SIM;SIM
12705032000171;SIM;SIM
12707978000177;SIM;SIM
12799994000137;SIM;NÃO
12998596000140;SIM;SIM
13028970000147;SIM;NÃO
13126596000112;SIM;SIM
13133321000106;NÃO;NÃO
13214955000193;SIM;NÃO
13220797000184;SIM;NÃO
13276007000182;SIM;NÃO
13299283000247;NÃO INFORMADO;NÃO INFORMADO
13323637000160;SIM;NÃO
13400375000190;SIM;NÃO
13444541000150;SIM;NÃO
13464634000147;SIM;NÃO
13511049000150;SIM;NÃO
13626838000137;SIM;NÃO
13634708000146;SIM;NÃO
13648827000158;SIM;NÃO
13698515000159;SIM;SIM
13764672000115;SIM;SIM
13877388000155;SIM;SIM
13891454000141;SIM;NÃO
13930740000179;SIM;NÃO
13954121000114;SIM;NÃO
14011884000194;SIM;SIM
14071828000145;NÃO;NÃO
14669926000189;SIM;SIM
14796945000338;NÃO;NÃO
14838439000100;SIM;SIM
14926040000173;SIM;SIM
14930165000177;SIM;SIM
14977922000168;SIM;SIM
15008922000112;NÃO;NÃO
15009795000176;SIM;NÃO
15052476000143;SIM;SIM
15069110000187;NÃO;NÃO
15133034000121;SIM;SIM
15133483000170;SIM;SIM
15141799000103;NÃO;NÃO
15267581000108;SIM;NÃO
15270587000126;SIM;SIM
15348415000128;SIM;NÃO
15358653000114;SIM;SIM
15408460000120;SIM;SIM
15408869000147;SIM;SIM
15527906000136;NÃO;NÃO
15550294000100;NÃO;NÃO
15566845000116;SIM;SIM
15586839000120;NÃO;NÃO
15592293000110;NÃO;NÃO
15593397000140;SIM;NÃO
15657373000107;SIM;NÃO
15729219007025;NÃO;NÃO
15744316000165;NÃO;NÃO
15753371000111;NÃO;NÃO
15803046000116;NÃO;NÃO
16307576000136;SIM;SIM
16384130000105;SIM;NÃO
16502252000159;SIM;SIM
16650254000195;NÃO;NÃO
16658089000118;NÃO;NÃO
16678918000124;SIM;SIM
16704533000194;SIM;SIM
16715174000170;NÃO;NÃO
16748688000122;SIM;SIM
16796218000134;SIM;SIM
16853660000155;SIM;SIM
16930078000145;NÃO;NÃO
16940366000180;SIM;SIM
17129125000119;SIM;NÃO
17179174000166;SIM;SIM
17193320000108;SIM;SIM
17198775000116;SIM;NÃO
17245234000100;NÃO;NÃO
17254689000264;NÃO INFORMADO;NÃO INFORMADO
17314329000120;NÃO;NÃO
17316922000105;SIM;NÃO
17388714000111;NÃO;NÃO
17401896000385;NÃO;NÃO
17455793000136;NÃO;NÃO
17469410000189;NÃO;NÃO
17502663000107;SIM;NÃO
17525217000118;SIM;SIM
17531429000108;SIM;SIM
17535052000165;SIM;SIM
17621467000585;NÃO;NÃO
17658395000117;SIM;NÃO
17936141000113;SIM;NÃO
17986982000135;SIM;SIM
18021441000135;SIM;NÃO
18036506000116;SIM;NÃO
18056949000179;SIM;NÃO
18057467000133;SIM;NÃO
18061454000138;SIM;NÃO
18122795000176;SIM;SIM
18137441000103;SIM;NÃO
18151162000196;NÃO;NÃO
18161977000156;SIM;NÃO
18203420000130;SIM;NÃO
18317173000101;SIM;NÃO
18450333000188;NÃO;NÃO
18471932000188;NÃO;NÃO
18487318000104;SIM;SIM
18582602000160;SIM;SIM
18594263000131;SIM;NÃO
18616378000180;SIM;NÃO
18786219000123;NÃO;NÃO
18878673000104;SIM;SIM
18990862000174;SIM;NÃO
19010373000171;SIM;NÃO
19019098000157;SIM;NÃO
19047310000190;SIM;SIM
19107527000148;SIM;NÃO
19245902000116;SIM;SIM
19250948000123;SIM;SIM
19348327000187;SIM;SIM
19421233000196;SIM;NÃO
19511803000139;SIM;NÃO
19617389000147;SIM;SIM
19734864000165;SIM;SIM
19806315000159;SIM;NÃO
19845108000103;SIM;SIM
19873906000149;SIM;NÃO
19965495000111;NÃO;NÃO
20058633000168;SIM;SIM
20124365000135;SIM;NÃO
20400034000180;SIM;SIM
20407577000120;SIM;SIM
20548493000106;NÃO;NÃO
20598430000164;SIM;NÃO
20794126000192;SIM;SIM
20819840000198;SIM;SIM
20862177000104;SIM;SIM
20897304000100;SIM;NÃO
20906842000114;SIM;SIM
20951668000121;SIM;SIM
21102285000141;SIM;SIM
21131895000173;SIM;NÃO
21190952000195;SIM;SIM
21236193000154;NÃO;NÃO
21354050000147;SIM;SIM
21398765000100;SIM;SIM
21415466000128;SIM;SIM
21500321000125;NÃO;NÃO
21552354000119;SIM;NÃO
21554404000105;SIM;SIM
21561280000187;NÃO;NÃO
21569443000178;SIM;SIM
21609042000102;SIM;SIM
21674652000181;SIM;NÃO
21764821000174;SIM;SIM
21892649000134;SIM;SIM
21967082000118;SIM;SIM
22158768000120;SIM;SIM
22180541000181;SIM;NÃO
22182532000120;SIM;SIM
22266175000188;NÃO;NÃO
22377423000168;SIM;NÃO
22487126000175;SIM;SIM
22543006000148;SIM;SIM
22564103000117;SIM;NÃO
22584798000107;NÃO;NÃO
22589796000100;NÃO;NÃO
22610698000108;SIM;NÃO
22615451000176;SIM;SIM
22665330000139;SIM;NÃO
22678606000113;SIM;SIM
22695041000182;NÃO;NÃO
22771657000195;SIM;SIM
22774979000198;SIM;SIM
22796480000181;SIM;SIM
22796524000173;SIM;SIM
22843966000123;SIM;SIM
22939864000106;NÃO;NÃO
22949957000111;SIM;SIM
22954022000123;SIM;SIM
23256587000108;SIM;SIM
23284662000136;SIM;SIM
23352744000170;SIM;SIM
23378757000119;SIM;NÃO
23386819000134;SIM;NÃO
23455820000173;NÃO;NÃO
23458802000145;NÃO;NÃO
23481095000108;SIM;SIM
23487502000194;SIM;SIM
23490553000175;SIM;SIM
23491872000103;SIM;SIM
23497057000143;SIM;SIM
23499317000110;SIM;SIM
23608695000194;NÃO;NÃO
23708181000100;SIM;SIM
23774124000120;NÃO;NÃO
23777614000180;SIM;SIM
23977709000147;SIM;NÃO
24127251000108;SIM;NÃO
24127925000166;SIM;SIM
24240359000102;SIM;NÃO
24277358000124;SIM;NÃO
24285828000100;SIM;SIM
24326807000187;NÃO;NÃO
24380423000142;SIM;NÃO
24382033000101;SIM;SIM
24385843000111;SIM;SIM
24418103000134;SIM;SIM
24446545000194;SIM;NÃO
24495618000138;NÃO;NÃO
24531609000155;SIM;SIM
24602508000128;NÃO;NÃO
24638189000100;NÃO;NÃO
24652732000124;SIM;NÃO
24672548000146;SIM;NÃO
24684800000137;NÃO;NÃO
24754313000101;SIM;SIM
24789611000129;SIM;NÃO
24816673000182;SIM;SIM
24865173000130;SIM;NÃO
24925825000266;NÃO INFORMADO;NÃO INFORMADO
25031892000119;SIM;SIM
25045966000176;SIM;SIM
25070082000171;SIM;SIM
25152630000102;SIM;NÃO
25168456000196;SIM;NÃO
25198493000147;NÃO;NÃO
25235488000167;SIM;SIM
25292139000187;SIM;SIM
25370597000197;SIM;NÃO
25381057000109;SIM;SIM
25385951000157;SIM;SIM
26010464000172;SIM;SIM
26148942000105;SIM;SIM
26200007000140;SIM;SIM
26242107000563;NÃO;NÃO
26345808000102;SIM;SIM
26453037000169;SIM;NÃO
26468187000146;SIM;SIM
26495296000152;SIM;NÃO
26501439000191;SIM;NÃO
26572284000184;SIM;NÃO
26639606000327;NÃO INFORMADO;NÃO INFORMADO
26655726000156;SIM;SIM
26670656000105;NÃO;NÃO
26678172000102;SIM;SIM
26881362000122;SIM;SIM
26949052000100;SIM;SIM
27035634000217;NÃO;NÃO
27039252000180;SIM;SIM
27119781000194;SIM;NÃO
27122253000194;NÃO;NÃO
27194025000120;SIM;NÃO
27230059000122;SIM;NÃO
27233888000169;SIM;SIM
27260394000173;SIM;NÃO
27304306000198;SIM;SIM
27369353000110;SIM;SIM
27432853000159;NÃO;NÃO
27433483000174;SIM;SIM
27470337000119;SIM;SIM
27547927000100;NÃO;NÃO
27591796000150;SIM;SIM
27612338000150;NÃO;NÃO
27681787000150;SIM;SIM
27721758000175;SIM;SIM
27768379000130;SIM;SIM
27777212000993;NÃO INFORMADO;NÃO INFORMADO
27843105000169;SIM;NÃO
27847973000389;NÃO;NÃO
27851826000110;SIM;SIM
27853078000105;NÃO;NÃO
27860277000140;SIM;NÃO
27904217000182;SIM;SIM
27920885000101;SIM;SIM
27944177000100;SIM;SIM
27974659000103;SIM;SIM
27984367000143;SIM;SIM
28037164000293;NÃO INFORMADO;NÃO INFORMADO
28037817000153;SIM;NÃO
28053296000551;NÃO;NÃO
28085130000193;SIM;SIM
28186188000123;SIM;SIM
28198542000130;SIM;SIM
28210754000195;SIM;SIM
28309165000169;SIM;SIM
28367659000108;SIM;NÃO
28383367000231;NÃO INFORMADO;NÃO INFORMADO
28387481000230;NÃO INFORMADO;NÃO INFORMADO
28435993000143;SIM;SIM
28442352000116;NÃO;NÃO
28452129000150;SIM;SIM
28501771000181;SIM;NÃO
28539438000161;SIM;SIM
28543822000138;SIM;SIM
28602889000104;SIM;SIM
28672118000185;NÃO;NÃO
28732200000581;NÃO;NÃO
28749965000109;SIM;SIM
28776794000107;SIM;SIM
28859820000152;SIM;SIM
28914843000112;SIM;SIM
29032574000123;NÃO;NÃO
29057169000160;SIM;NÃO
29154715000180;SIM;SIM
29178753000840;NÃO;NÃO
29214949000176;NÃO;NÃO
29331679000183;NÃO;NÃO
29344179000186;SIM;SIM
29382924000181;SIM;SIM
29397137000103;SIM;NÃO
29397877000140;SIM;SIM
29412012000105;NÃO;NÃO
29448359000108;SIM;NÃO
29480959000153;SIM;SIM
29527979000132;SIM;SIM
29578442000100;NÃO;NÃO
29591730000196;SIM;SIM
29628454000193;NÃO;NÃO
29634122000111;NÃO;NÃO
29670190000136;SIM;SIM
29673219000133;SIM;SIM
29711957000128;SIM;SIM
29713496000122;SIM;SIM
29743591000179;SIM;SIM
29752724000173;SIM;NÃO
29785083000153;SIM;SIM
29848200000180;SIM;SIM
29942334000166;SIM;SIM
29999605000110;NÃO;NÃO
30013337000102;SIM;SIM
30034406000156;SIM;SIM
30046084000165;SIM;SIM
30093635000141;SIM;SIM
30102285000132;SIM;NÃO
30107365000180;SIM;SIM
30155289000189;SIM;SIM
30185452000156;SIM;SIM
30187679000130;SIM;NÃO
30203206000180;SIM;SIM
30220544000120;SIM;NÃO
30230651000139;SIM;SIM
30247637000148;SIM;NÃO
30269532000190;SIM;SIM
30280022000113;SIM;SIM
30347111000130;SIM;NÃO
30394814000119;SIM;SIM
30423005000198;SIM;SIM
30526670000107;SIM;SIM
30552790000189;SIM;SIM
30601535000189;SIM;SIM
30692829000163;NÃO;NÃO
30731785000133;SIM;NÃO
30748931000133;SIM;NÃO
30770727000119;SIM;SIM
30792683000128;NÃO;NÃO
30859817000180;SIM;SIM
30862883000100;SIM;NÃO
30864040000142;SIM;SIM
30889386000103;SIM;SIM
30931516000110;SIM;SIM
30966301000135;SIM;SIM
30972512000180;SIM;NÃO
31057123000192;SIM;SIM
31068172000120;NÃO;NÃO
31122088000229;NÃO;NÃO
31125644000130;SIM;NÃO
31189271000160;SIM;NÃO
31247601000127;SIM;NÃO
31359823000131;SIM;SIM
31408369000161;SIM;SIM
31454301000119;NÃO;NÃO
31469348000156;SIM;SIM
31520626000152;NÃO;NÃO
31526511000175;SIM;SIM
31526782000120;SIM;SIM
31531698000103;SIM;SIM
31548285000123;SIM;NÃO
31567098000197;SIM;SIM
31588450000170;SIM;SIM
31608841000100;SIM;NÃO
31630073000190;SIM;SIM
31644523000102;SIM;SIM
31678546000120;SIM;SIM
31714319000102;SIM;SIM
31716386000166;NÃO;NÃO
31739837000180;SIM;NÃO
31781997000198;SIM;SIM
31801124000108;SIM;SIM
31806149000196;SIM;SIM
31815409000190;SIM;SIM
31857452000118;SIM;SIM
31884351000136;NÃO;NÃO
31913936000137;SIM;SIM
32050911000110;SIM;NÃO
32091825000155;SIM;SIM
32120952000135;SIM;SIM
32215340000126;SIM;SIM
32215495000162;SIM;SIM
32252378000179;SIM;SIM
32270178000149;SIM;SIM
32330857000166;SIM;SIM
32336808000130;NÃO;NÃO
32362289000185;SIM;SIM
32387970000188;SIM;SIM
32400943000106;SIM;SIM
32416468000158;SIM;SIM
32456057000196;SIM;SIM
32464159000153;SIM;NÃO
32497995000134;SIM;SIM
32518360000176;SIM;SIM
32521604000170;SIM;SIM
32554166000146;SIM;NÃO
32564989000152;SIM;NÃO
32607211000183;SIM;SIM
32611715000177;SIM;SIM
32661533000100;SIM;SIM
32697638000110;SIM;NÃO
32720033000100;SIM;SIM
32752260000100;SIM;SIM
32769761000107;SIM;NÃO
32770159000181;SIM;SIM
32777540000172;SIM;SIM
32851583000150;SIM;SIM
32868808000181;SIM;SIM
32881952000158;NÃO;NÃO
32899062000173;SIM;NÃO
32924410000115;SIM;NÃO
32950227000194;SIM;NÃO
32982632000194;SIM;SIM
33000167000101;NÃO;NÃO
33036844000141;SIM;SIM
33041346000197;SIM;NÃO
33082973000176;SIM;SIM
33086427000103;SIM;SIM
33100092000130;SIM;SIM
33106609000107;SIM;SIM
33151745000100;SIM;SIM
33163050000149;SIM;NÃO
33169090000106;SIM;NÃO
33175595000175;SIM;SIM
33194841000136;SIM;SIM
33228024000151;NÃO;NÃO
33244643000130;SIM;SIM
33247312000153;SIM;NÃO
33377267000151;SIM;NÃO
33411499000189;SIM;NÃO
33447687000167;SIM;SIM
33452713000145;SIM;NÃO
33517906000137;SIM;SIM
33518179000122;SIM;SIM
33544071000104;SIM;SIM
33552527000188;NÃO;NÃO
33585119000122;SIM;NÃO
33590875000140;SIM;NÃO
33603148000170;SIM;NÃO
33653869000194;NÃO;NÃO
33713253000161;SIM;SIM
33733343000114;SIM;NÃO
33766881000105;SIM;SIM
33788888000128;SIM;SIM
33831884000185;NÃO;NÃO
33851872000112;SIM;NÃO
33881162000135;SIM;SIM
33889299000136;SIM;NÃO
33938119000169;NÃO;NÃO
33956768000192;NÃO;NÃO
33969500000195;SIM;SIM
34000723000102;SIM;SIM
34002904000259;NÃO INFORMADO;NÃO INFORMADO
34028316815506;NÃO;NÃO
34048608000108;SIM;NÃO
34051200000195;SIM;SIM
34085325000136;NÃO;NÃO
34163315000171;SIM;SIM
34235461000165;SIM;SIM
34344867000186;SIM;SIM
34353920006570;NÃO;NÃO
34358990000156;SIM;NÃO
34370150000109;SIM;SIM
34374002000162;SIM;SIM
34423492000140;SIM;SIM
34447894000184;SIM;SIM
34452081000182;SIM;NÃO
34459006000143;SIM;NÃO
34535421000139;SIM;NÃO
34630690000184;SIM;NÃO
34632432000137;SIM;NÃO
34666126000111;SIM;SIM
34669969000171;SIM;SIM
34734799000161;SIM;SIM
34754951000178;SIM;SIM
34781214000164;SIM;SIM
34788700000104;SIM;NÃO
34872393000145;SIM;SIM
34897040000108;SIM;SIM
34906210000165;NÃO;NÃO
34994255000139;SIM;SIM
35001646000178;SIM;NÃO
35042909000197;SIM;SIM
35048333000175;SIM;NÃO
35070645000185;NÃO;NÃO
35095361000143;SIM;NÃO
35103049000154;SIM;SIM
35103149000180;SIM;SIM
35117880000165;SIM;SIM
35121228000114;SIM;SIM
35131678000198;SIM;NÃO
35140795000118;SIM;SIM
35223370000172;SIM;SIM
35377210000188;SIM;NÃO
35449713000111;SIM;SIM
35455956000162;SIM;SIM
35461364000153;SIM;SIM
35471789000143;SIM;NÃO
35507610000160;NÃO;NÃO
35529682000109;SIM;SIM
35604397000105;SIM;NÃO
35611630000187;SIM;SIM
35640205000116;NÃO;NÃO
35718776000126;SIM;SIM
35747784000109;SIM;SIM
35753914000108;SIM;SIM
35777005000100;SIM;SIM
35801739000187;SIM;SIM
35806848000197;NÃO;NÃO
35807135000148;SIM;SIM
35817419000115;NÃO;NÃO
35823584000180;SIM;NÃO
35826897000191;SIM;NÃO
35830361000140;NÃO;NÃO
35915730000105;SIM;SIM
35925018000189;SIM;SIM
35976151000164;SIM;SIM
35984601000160;SIM;SIM
35997874000140;SIM;SIM
36060461000105;SIM;SIM
36066268000173;SIM;SIM
36114555000101;SIM;NÃO
36120407000108;SIM;NÃO
36148119000153;SIM;SIM
36160981000181;SIM;SIM
36188007000126;SIM;NÃO
36205849000149;SIM;SIM
36244509000127;SIM;NÃO
36295249000119;SIM;NÃO
36354573000160;SIM;SIM
36377454000123;SIM;SIM
36385166000110;SIM;SIM
36443628000109;SIM;NÃO
36447367000103;SIM;SIM
36449019000167;SIM;NÃO
36473116000195;SIM;SIM
36513419000194;SIM;SIM
36518293000140;SIM;SIM
36524322000187;SIM;SIM
36568743000100;SIM;SIM
36577022000166;SIM;SIM
36602513000110;SIM;NÃO
36608983000190;NÃO;NÃO
36613629000154;SIM;NÃO
36620480000130;SIM;SIM
36620939000104;NÃO;NÃO
36727970000130;SIM;NÃO
36728795000104;SIM;SIM
36793106000137;SIM;SIM
36813417000110;SIM;SIM
36820585000133;SIM;SIM
36859022000159;SIM;SIM
36881754000145;SIM;SIM
36884523000195;SIM;SIM
36904163000146;SIM;SIM
36925627000109;SIM;SIM
36939518000132;SIM;SIM
36977219000192;NÃO;NÃO
36991050000125;SIM;SIM
36998786000125;SIM;SIM
37022481000146;SIM;SIM
37027527000110;SIM;SIM
37040001000170;SIM;SIM
37055710000129;SIM;SIM
37093862000116;SIM;SIM
37126058000196;SIM;SIM
37127312000170;SIM;SIM
37159402000143;SIM;SIM
37192123000181;SIM;SIM
37196475000105;SIM;NÃO
37218665000186;SIM;SIM
37235208000108;NÃO INFORMADO;NÃO INFORMADO
37240693000108;SIM;SIM
37243951000100;SIM;SIM
37246213000108;SIM;SIM
37254375000198;SIM;SIM
37261916000105;SIM;SIM
37262203000166;SIM;SIM
37281926000102;SIM;SIM
37339505000195;SIM;SIM
37343699000100;SIM;SIM
37365546000156;SIM;SIM
37368373000120;SIM;SIM
37382569000179;SIM;SIM
37463376000142;NÃO INFORMADO;NÃO INFORMADO
37483941000133;NÃO INFORMADO;NÃO INFORMADO
37486573000187;SIM;NÃO
37519553000165;SIM;SIM
37542882000127;SIM;SIM
37543384000107;SIM;NÃO
37571987000104;SIM;SIM
37572599000148;SIM;SIM
37592009000149;SIM;NÃO
37593501000139;SIM;SIM
37594923000129;SIM;SIM
37601874000104;SIM;SIM
37637361000153;SIM;SIM
37653613000138;SIM;SIM
37678367000179;SIM;SIM
37779554000149;SIM;SIM
37783652000150;SIM;SIM
37786139000112;SIM;NÃO
37827123000100;SIM;SIM
37828414000113;SIM;SIM
37888365000104;SIM;SIM
37918066000175;SIM;SIM
37922447000128;SIM;SIM
37926887000153;SIM;SIM
37994337000171;SIM;NÃO
38076078000162;SIM;SIM
38091613000154;SIM;NÃO
38135371000153;SIM;SIM
38167739000165;SIM;SIM
38198176000172;SIM;SIM
38221963000198;SIM;SIM
38251314000130;SIM;SIM
38253800000197;SIM;SIM
38259645000116;SIM;SIM
38291149000140;SIM;SIM
38337782000121;SIM;SIM
38440795000121;SIM;SIM
38444586000156;NÃO INFORMADO;NÃO INFORMADO
38462118000104;SIM;SIM
38545294000100;SIM;NÃO
38649199000156;SIM;NÃO
38799551000130;SIM;NÃO
38890792000190;NÃO INFORMADO;NÃO INFORMADO
38905011000193;SIM;NÃO
38925712000194;SIM;SIM
39231926000123;SIM;SIM
39234361000138;SIM;SIM
39283617000105;SIM;SIM
39330979000100;SIM;NÃO
39343227000175;SIM;SIM
39346007000103;SIM;SIM
39364504000126;SIM;NÃO
39365621000104;SIM;SIM
39371066000123;SIM;SIM
39396974000171;SIM;NÃO
39427069000131;SIM;SIM
39429015000105;SIM;SIM
39433577000122;SIM;SIM
39454917000100;NÃO;NÃO
39474578000115;SIM;SIM
39477280000169;SIM;SIM
39494735000154;SIM;SIM
39508546000193;SIM;SIM
39515525000103;SIM;SIM
39530469000178;SIM;SIM
39537209000124;SIM;SIM
39573659000172;SIM;SIM
39621506000153;SIM;SIM
39681062000141;SIM;SIM
39684749000130;SIM;SIM
39691141000133;SIM;SIM
39719664000140;SIM;SIM
39743826000186;SIM;SIM
39745797000191;NÃO INFORMADO;NÃO INFORMADO
39774496000196;SIM;NÃO
39783520000153;SIM;SIM
39795698000114;SIM;SIM
39821757000181;SIM;NÃO
39844853000145;SIM;NÃO
39855378000102;SIM;SIM
39858359000130;SIM;SIM
39966927000116;SIM;SIM
39996140000105;SIM;SIM
40002262000100;SIM;SIM
40037148000115;SIM;SIM
40054994000143;SIM;SIM
40060158000171;SIM;NÃO
40060588000193;SIM;SIM
40117222000103;SIM;SIM
40121943000197;SIM;SIM
40123725000191;SIM;SIM
40138997000165;SIM;SIM
40186644000130;SIM;SIM
40199448000109;SIM;SIM
40215169000183;SIM;SIM
40215594000172;SIM;SIM
40224613000127;SIM;NÃO
40226118000157;SIM;NÃO
40244273000104;SIM;NÃO
40247089000100;SIM;SIM
40303746000199;SIM;SIM
40305795000160;SIM;SIM
40312940000130;SIM;NÃO
40313533000148;SIM;SIM
40371847000105;SIM;SIM
40402773000119;SIM;SIM
40413670000154;SIM;SIM
40453811000162;SIM;SIM
40467068000108;SIM;SIM
40518944000170;SIM;SIM
40527629000109;SIM;SIM
40531586000135;SIM;SIM
40536764000110;SIM;SIM
40542715000190;SIM;SIM
40596385000116;SIM;NÃO
40717024000180;SIM;SIM
40719162000107;SIM;NÃO
40739603000124;SIM;SIM
40818249000123;SIM;SIM
40819242000126;SIM;SIM
40851249000125;SIM;NÃO
40851577000121;SIM;NÃO
40854142000130;SIM;SIM
40873591000126;SIM;SIM
40889444000144;SIM;SIM
40934919000177;SIM;SIM
40959681000134;SIM;SIM
40962046000106;SIM;SIM
40963201000109;SIM;SIM
40975224000133;SIM;SIM
40985762000109;SIM;SIM
40994073000160;SIM;SIM
41029409000118;SIM;SIM
41031344000145;SIM;SIM
41045161000189;SIM;SIM
41059735000178;SIM;SIM
41193127000151;SIM;SIM
41194860000190;SIM;SIM
41196741000177;SIM;NÃO
41199822000120;SIM;SIM
41205237000196;SIM;SIM
41217577000137;SIM;SIM
41225559000105;SIM;SIM
41268311000113;SIM;SIM
41301936000130;NÃO INFORMADO;NÃO INFORMADO
41336780000122;SIM;SIM
41355006000169;SIM;SIM
41358465000104;SIM;SIM
41363259000184;SIM;SIM
41376569000133;SIM;SIM
41380009000152;SIM;SIM
41383909000153;SIM;SIM
41391139000190;SIM;SIM
41419846000148;SIM;NÃO
41423305000193;SIM;SIM
41480704000196;SIM;SIM
41495989000139;SIM;SIM
41521477000108;NÃO;NÃO
41524220000100;SIM;SIM
41527017000189;SIM;SIM
41533473000131;SIM;SIM
41562156000143;NÃO INFORMADO;NÃO INFORMADO
41592651000103;SIM;SIM
41613678000127;SIM;SIM
41651038000101;SIM;SIM
41658327000132;SIM;SIM
41658437000102;SIM;SIM
41725685000110;SIM;NÃO
41732768000137;SIM;NÃO
41740552000113;SIM;SIM
41746591000128;SIM;SIM
41775187000182;NÃO INFORMADO;NÃO INFORMADO
41797172000115;SIM;SIM
41827167000108;SIM;SIM
41856790000199;NÃO;NÃO
41867760000188;SIM;NÃO
41889920000190;SIM;SIM
41902401000114;SIM;SIM
41911184000129;SIM;SIM
41924145000166;SIM;SIM
41939139000182;SIM;SIM
41951889000170;SIM;SIM
41952716000176;SIM;SIM
41966989000170;SIM;SIM
41982955000179;SIM;NÃO
42037266000159;SIM;SIM
42052475000171;SIM;SIM
42065783000131;SIM;SIM
42096805000120;SIM;NÃO
42133284000134;SIM;SIM
42138106000104;SIM;SIM
42150808000103;SIM;SIM
42154447000165;SIM;SIM
42183333000143;NÃO INFORMADO;NÃO INFORMADO
42277967000165;SIM;SIM
42298835000110;SIM;SIM
42299378000188;SIM;NÃO
42310844000189;SIM;NÃO
42346239000168;SIM;NÃO
42347652000147;SIM;SIM
42353402000110;SIM;SIM
42362991000100;SIM;NÃO
42416951000196;NÃO INFORMADO;NÃO INFORMADO
42418514000101;SIM;SIM
42440015000110;SIM;SIM
42469027000178;SIM;SIM
42492768000170;SIM;SIM
42508975000175;SIM;SIM
42557175000144;SIM;SIM
42591651032932;NÃO;NÃO
42609477000119;SIM;SIM
42615001000190;SIM;SIM
42644990000140;SIM;SIM
42651010000137;SIM;NÃO
42652242000100;SIM;SIM
42664883000184;NÃO INFORMADO;NÃO INFORMADO
42681062000156;SIM;SIM
42684870000177;SIM;SIM
42701282000102;SIM;SIM
42724233000187;SIM;SIM
42726341000199;SIM;SIM
42741233000195;SIM;NÃO
42749016000141;SIM;SIM
42768926000171;SIM;SIM
42769597000183;SIM;SIM
42812687000100;SIM;NÃO
42813852000148;NÃO INFORMADO;NÃO INFORMADO
42816893000198;SIM;SIM
42865532000131;SIM;NÃO
42866654000142;SIM;NÃO
42875408000157;SIM;NÃO
42889186000121;SIM;SIM
42899413000108;SIM;SIM
42909780000137;SIM;SIM
42922569000154;SIM;NÃO
42930846000170;SIM;SIM
42944128000153;SIM;SIM
42998079000131;SIM;SIM
43008292000111;SIM;SIM
43027512000154;SIM;SIM
43035035000179;SIM;SIM
43051918000172;SIM;SIM
43074446000173;SIM;SIM
43086604000105;SIM;SIM
43110471000165;SIM;SIM
43178336000151;SIM;SIM
43179545000110;SIM;SIM
43185362000107;NÃO;NÃO
43210083000156;SIM;SIM
43236748000109;SIM;SIM
43307146000197;SIM;SIM
43309527000105;SIM;SIM
43320827000195;SIM;SIM
43418943000141;SIM;SIM
43452649000156;SIM;SIM
43459367000180;SIM;SIM
43484721000127;SIM;SIM
43495683000108;SIM;SIM
43525586000110;SIM;SIM
43567987000133;SIM;SIM
43568241000144;SIM;SIM
43649204000160;SIM;SIM
43657255000134;NÃO INFORMADO;NÃO INFORMADO
43721308000139;SIM;SIM
43729366000109;SIM;SIM
43772835000172;SIM;SIM
43784093000103;NÃO INFORMADO;NÃO INFORMADO
43805377000120;SIM;SIM
43819842000182;SIM;SIM
43832487000181;SIM;SIM
43848858000113;SIM;NÃO
43922986000160;SIM;SIM
43932633000140;SIM;NÃO
44011516000107;SIM;SIM
44012224000199;SIM;SIM
44057620000132;SIM;SIM
44068535000170;SIM;SIM
44069241000162;SIM;NÃO
44166340000162;SIM;NÃO
44169226000196;SIM;NÃO
44222128000175;SIM;SIM
44224549000135;SIM;SIM
44234957000178;SIM;SIM
44255477000193;SIM;SIM
44287189000110;SIM;SIM
44319446000159;SIM;SIM
44320889000160;SIM;SIM
44329570000103;SIM;SIM
44343413000144;SIM;SIM
44391434000135;SIM;NÃO
44392737000172;SIM;NÃO
44393435000119;SIM;NÃO
44418822000162;SIM;NÃO
44421167000100;SIM;SIM
44426685000108;SIM;NÃO
44427811000149;SIM;SIM
44429572000166;SIM;SIM
44434907000134;SIM;SIM
44451525000119;SIM;SIM
44464896000135;SIM;SIM
44467705000199;SIM;SIM
44488626000164;SIM;SIM
44523828000108;SIM;SIM
44525057000180;SIM;SIM
44600069000121;NÃO INFORMADO;NÃO INFORMADO
44622588000190;SIM;SIM
44652316000133;SIM;SIM
44683194000142;SIM;SIM
44687306000133;SIM;SIM
44707892000130;SIM;SIM
44715398000118;SIM;SIM
44751157000124;SIM;SIM
44759810000100;NÃO INFORMADO;NÃO INFORMADO
44777669000160;SIM;SIM
44781420000128;SIM;SIM
44788193000162;SIM;SIM
44792453000173;SIM;SIM
44793207000136;SIM;SIM
44805383000140;SIM;NÃO
44812526000141;SIM;SIM
44832660000104;SIM;SIM
44849449000102;SIM;SIM
44867686000198;SIM;NÃO
44881709000119;SIM;SIM
44883768000126;SIM;SIM
44893009000144;SIM;SIM
44910296000153;SIM;SIM
44924038000126;SIM;SIM
44938632000176;SIM;SIM
44961867000189;SIM;SIM
44964744000100;SIM;SIM
44998918000147;SIM;SIM
45064723000192;SIM;SIM
45076383000110;SIM;SIM
45088082000106;SIM;SIM
45199535000171;SIM;SIM
45233501000156;SIM;SIM
45247927000169;SIM;NÃO
45270029000121;SIM;SIM
45295990000170;SIM;SIM
45335345000134;SIM;SIM
45356070000115;SIM;SIM
45381278000194;SIM;SIM
45463069000190;SIM;SIM
45468980001838;NÃO;NÃO
45489136000145;SIM;SIM
45496515000162;SIM;SIM
45503234000190;SIM;SIM
45602565000187;SIM;SIM
45608736000185;SIM;SIM
45634295000196;SIM;NÃO
45651673000140;SIM;SIM
45664857000144;SIM;SIM
45674845000109;SIM;SIM
45724444000108;SIM;SIM
45744105000193;SIM;SIM
45753974000184;SIM;SIM
45759071000100;SIM;SIM
45759795000154;SIM;NÃO
45769951000168;SIM;SIM
45775620000130;SIM;NÃO
45817462000134;SIM;SIM
45820937000141;SIM;SIM
45821439000113;SIM;SIM
45828393000164;SIM;NÃO
45829557000178;SIM;SIM
45834796000116;SIM;SIM
45843282000127;SIM;SIM
45849108000191;SIM;SIM
45895348000122;SIM;SIM
45948541000184;SIM;SIM
45961340000117;SIM;SIM
45982086000133;SIM;SIM
45998110000122;SIM;NÃO
46019339000130;SIM;SIM
46033728000110;SIM;SIM
46053964000107;SIM;SIM
46054172000149;SIM;SIM
46057521000186;SIM;SIM
46072985000161;SIM;SIM
46079746000133;SIM;SIM
46085750000104;SIM;SIM
46157353000109;SIM;SIM
46175282000169;SIM;SIM
46208825000105;SIM;SIM
46222157000162;SIM;SIM
46222635000134;SIM;SIM
46282963000126;SIM;SIM
46287179000100;SIM;SIM
46314052000133;SIM;SIM
46377211000149;SIM;SIM
46378475000117;NÃO INFORMADO;NÃO INFORMADO
46389149000105;NÃO INFORMADO;NÃO INFORMADO
46390941000180;NÃO INFORMADO;NÃO INFORMADO
46410366000130;NÃO INFORMADO;NÃO INFORMADO
46441986000136;NÃO;NÃO
46469132000168;SIM;SIM
46472778000102;SIM;NÃO
46489404000191;SIM;SIM
46491778000141;SIM;SIM
46538212000128;SIM;NÃO
46543482000127;SIM;SIM
46555018000150;NÃO INFORMADO;NÃO INFORMADO
46560460000175;NÃO INFORMADO;NÃO INFORMADO
46634424000109;NÃO;NÃO
46642420000172;SIM;SIM
46661569000107;SIM;SIM
46680838000174;SIM;SIM
46683088000194;SIM;SIM
46685877000164;SIM;SIM
46738414000113;NÃO INFORMADO;NÃO INFORMADO
46741549000138;SIM;SIM
46766076000123;SIM;SIM
46772833000171;SIM;SIM
46776783000109;SIM;SIM
46793340000118;SIM;NÃO
46856583000158;SIM;SIM
46907534000105;SIM;SIM
46910074000166;NÃO INFORMADO;NÃO INFORMADO
46915643000166;SIM;SIM
46932824000109;SIM;SIM
46933642000144;SIM;SIM
46939454000123;SIM;SIM
46948615000145;SIM;SIM
46969301000129;SIM;SIM
46970946000181;SIM;NÃO
47031795000169;SIM;SIM
47031952000136;SIM;NÃO
47061354000100;SIM;SIM
47073487000104;SIM;NÃO
47114614000168;SIM;SIM
47180524000175;SIM;SIM
47182791000181;NÃO INFORMADO;NÃO INFORMADO
47194954000146;SIM;SIM
47201179000109;SIM;NÃO
47208066000135;SIM;SIM
47208736000113;SIM;SIM
47209179000155;SIM;SIM
47248782000146;SIM;SIM
47250265000101;SIM;SIM
47275935000144;SIM;NÃO
47277658000109;NÃO INFORMADO;NÃO INFORMADO
47281701000100;SIM;SIM
47346379000150;SIM;SIM
47352569000180;SIM;SIM
47407243000102;SIM;SIM
47420188000190;SIM;NÃO
47426665000125;SIM;SIM
47472319000183;SIM;SIM
47487123000162;SIM;SIM
47509988000182;SIM;SIM
47550032000124;SIM;SIM
47581515000196;SIM;SIM
47592065000137;SIM;SIM
47600057000195;SIM;SIM
47614122000131;NÃO INFORMADO;NÃO INFORMADO
47626611000103;SIM;SIM
47652845000125;SIM;SIM
47662015000189;SIM;SIM
47715338000193;SIM;SIM
47720426000183;SIM;SIM
47741944000183;SIM;SIM
47773729000164;SIM;SIM
47790239000176;SIM;SIM
47818123000106;SIM;SIM
47824872000138;SIM;SIM
47835068000154;SIM;SIM
47844086000100;SIM;SIM
47851751000185;SIM;SIM
47860660000106;SIM;SIM
47862147000154;SIM;SIM
47875681000103;SIM;SIM
47922023000117;NÃO INFORMADO;NÃO INFORMADO
47927032000109;NÃO INFORMADO;NÃO INFORMADO
47937978000148;NÃO INFORMADO;NÃO INFORMADO
47998649000107;NÃO INFORMADO;NÃO INFORMADO
48000937000193;NÃO INFORMADO;NÃO INFORMADO
48003444000107;NÃO INFORMADO;NÃO INFORMADO
48022121000160;NÃO INFORMADO;NÃO INFORMADO
48143661000100;NÃO INFORMADO;NÃO INFORMADO
48156803000166;NÃO INFORMADO;NÃO INFORMADO
48201469000115;NÃO INFORMADO;NÃO INFORMADO
48203687000199;NÃO INFORMADO;NÃO INFORMADO
48216961000164;NÃO INFORMADO;NÃO INFORMADO
48225664000185;NÃO INFORMADO;NÃO INFORMADO
48277128000123;NÃO INFORMADO;NÃO INFORMADO
48379724000114;NÃO INFORMADO;NÃO INFORMADO
48806277000132;SIM;NÃO
50005073000144;SIM;NÃO
51144194000130;NÃO;NÃO
52801362000185;NÃO;NÃO
55417372000100;NÃO;NÃO
56083645000190;SIM;NÃO
56642960011063;NÃO;NÃO
58453994000343;NÃO;NÃO
59105999000186;NÃO;NÃO
59981829000165;NÃO;NÃO
60444437005458;NÃO;NÃO
60537263000166;NÃO;NÃO
60608486000177;SIM;NÃO
61065298000102;NÃO;NÃO
61065751000180;NÃO;NÃO
61156113000175;NÃO;NÃO
61156931000178;NÃO;NÃO
61189288000189;NÃO;NÃO
61585865150803;NÃO;NÃO
62769500051569;NÃO;NÃO
64913536000180;NÃO;NÃO
67620377000114;NÃO;NÃO
68850577000126;SIM;NÃO
70314497000106;SIM;SIM
70338991000100;NÃO;NÃO
73178600000118;NÃO;NÃO
76627504000106;NÃO;NÃO
76882612003132;NÃO;NÃO
80084809003870;NÃO;NÃO
80614266000163;NÃO;NÃO
82324864000123;NÃO;NÃO
82643537000134;NÃO;NÃO
83608646000183;NÃO;NÃO
86184033000154;NÃO;NÃO
86914496000124;SIM;NÃO
86954211000260;NÃO;NÃO
87547360000196;NÃO;NÃO
90076886000140;NÃO;NÃO
90802034000192;SIM;NÃO
93901957000190;NÃO;NÃO
97536867000106;SIM;SIM
97837181000147;NÃO;NÃO
00063947000141;NÃO;NÃO
00072429000194;NÃO;NÃO
00078115000107;NÃO;NÃO
00203351000108;NÃO;NÃO
00394478005706;NÃO;NÃO
00405891000166;SIM;NÃO
00507331000112;SIM;NÃO
00540565000161;NÃO;NÃO
00636363000118;SIM;NÃO
00720022000126;NÃO;NÃO
00764305000170;SIM;NÃO
00833176000124;NÃO;NÃO
00949142000108;NÃO;NÃO
00981903000109;SIM;NÃO
01030685000696;NÃO;NÃO
01167230000102;SIM;NÃO
01201183000176;NÃO;NÃO
01318816000120;SIM;NÃO
01405279000237;NÃO;NÃO
01625700000134;NÃO;NÃO
01735143000104;SIM;NÃO
01774982000131;SIM;NÃO
01786827000135;SIM;NÃO
01813455000199;SIM;NÃO
01826260000183;SIM;SIM
01851771000155;NÃO;NÃO
01951517000129;SIM;NÃO
02020620001513;NÃO;NÃO
02101052000180;NÃO;NÃO
02112055000208;NÃO INFORMADO;NÃO INFORMADO
02137229000106;SIM;NÃO
02143973000105;NÃO;NÃO
02258052000198;NÃO;NÃO
02284651000186;NÃO;NÃO
02291739000478;NÃO INFORMADO;NÃO INFORMADO
02387241000160;NÃO;NÃO
02409761000712;NÃO;NÃO
02477406000195;NÃO;NÃO
02502520000209;NÃO INFORMADO;NÃO INFORMADO
02519944000103;SIM;NÃO
02614230000176;SIM;NÃO
02720128000155;NÃO;NÃO
02762124000130;NÃO;NÃO
02766038005083;NÃO;NÃO
02776457000118;NÃO;NÃO
02859090000287;SIM;NÃO
02920310000150;SIM;NÃO
02940885000134;SIM;NÃO
03022588000253;NÃO;NÃO
03045431000162;NÃO;NÃO
03071108000678;SIM;NÃO
03076884000156;SIM;NÃO
03172020000138;SIM;NÃO
03301925001647;NÃO INFORMADO;NÃO INFORMADO
03305025000272;NÃO;NÃO
03312286000139;NÃO;NÃO
03354902000114;SIM;NÃO
03483514000133;SIM;NÃO
03574419000145;SIM;NÃO
03701572000196;SIM;NÃO
03782387000173;NÃO;NÃO
03826240000138;NÃO;NÃO
03956712000177;NÃO;NÃO
04079126000154;NÃO;NÃO
04085961000105;SIM;NÃO
04100247000130;SIM;NÃO
04118240000146;SIM;NÃO
04197051000106;NÃO;NÃO
04197399000101;SIM;NÃO
04251447000194;NÃO;NÃO
04457209000130;NÃO;NÃO
04561592000171;NÃO;NÃO
04573806000120;SIM;NÃO
04617232000144;SIM;NÃO
04650878000123;NÃO;NÃO
04679826000180;NÃO;NÃO
04683453000110;NÃO;NÃO
04714724000158;NÃO;NÃO
04746127000105;SIM;NÃO
04794035000109;SIM;NÃO
04799297000158;NÃO;NÃO
04830138000179;SIM;NÃO
04858621000161;NÃO;NÃO
04938938000108;NÃO;NÃO
04951157000153;SIM;NÃO
04988806000190;NÃO;NÃO
05160708000123;NÃO;NÃO
05192024000103;NÃO;NÃO
05197443000138;NÃO;NÃO
05204518000160;NÃO;NÃO
05298449000100;SIM;SIM
05365894000137;SIM;NÃO
05391409000108;NÃO;NÃO
05407201000202;NÃO INFORMADO;NÃO INFORMADO
05490224000576;NÃO INFORMADO;NÃO INFORMADO
05495546000184;NÃO;NÃO
05501867000144;SIM;NÃO
05567347000134;SIM;NÃO
05737677000120;SIM;SIM
05738790000120;NÃO;NÃO
05755187000157;SIM;NÃO
05852099000173;SIM;NÃO
05872995000102;NÃO;NÃO
05875295000163;NÃO;NÃO
05931830000156;SIM;NÃO
05934744000105;NÃO;NÃO
06164253000187;NÃO;NÃO
06222761000174;SIM;NÃO
06229965000137;SIM;NÃO
06933500000162;SIM;NÃO
07012920000179;NÃO;NÃO
07050247000161;SIM;NÃO
07127837000145;NÃO;NÃO
07191228004819;NÃO INFORMADO;NÃO INFORMADO
07228156000173;SIM;NÃO
07230766000101;NÃO;NÃO
07512515000110;NÃO;NÃO
07729134000197;SIM;NÃO
07805417000170;NÃO;NÃO
07900503000677;NÃO;NÃO
07948976000482;NÃO;NÃO
07957585000181;NÃO;NÃO
07998146003647;NÃO;NÃO
08049284000112;NÃO;NÃO
08063312000156;NÃO;NÃO
08080559000180;NÃO;NÃO
08114493000445;NÃO;NÃO
08145811000192;NÃO;NÃO
08152767000148;NÃO;NÃO
08159307000222;NÃO;NÃO
08167084000164;NÃO;NÃO
08189666000141;SIM;NÃO
08233119000116;NÃO;NÃO
08239435000103;SIM;NÃO
08331570000176;SIM;NÃO
08363519000146;NÃO;NÃO
08389201000134;NÃO;NÃO
08401227000150;SIM;NÃO
08421178000380;NÃO;NÃO
08439659000150;NÃO;NÃO
08496367000230;NÃO;NÃO
08621539000170;SIM;NÃO
08661600000102;SIM;NÃO
08736011000812;NÃO;NÃO
08832429000157;NÃO;NÃO
08871058003308;NÃO;NÃO
08902291000115;NÃO;NÃO
08985516000144;SIM;NÃO
09036160000165;NÃO;NÃO
09064250000160;NÃO;NÃO
09068488000163;SIM;NÃO
09087451000182;SIM;NÃO
09112685000132;NÃO;NÃO
09142268000132;SIM;NÃO
09144358000162;NÃO;NÃO
09149503000106;NÃO;NÃO
09197008000164;SIM;NÃO
09218881000196;SIM;NÃO
09291981000148;NÃO;NÃO
09340499000150;NÃO;NÃO
09380594000188;NÃO;NÃO
09434869000119;SIM;NÃO
09452086000168;SIM;NÃO
09472710000199;SIM;NÃO
09494150000173;NÃO;NÃO
09499644000140;SIM;NÃO
09518074000199;SIM;NÃO
09577282000169;NÃO;NÃO
09582398000196;SIM;SIM
09601111000128;NÃO;NÃO
09611768000176;NÃO;NÃO
09627471000107;NÃO;NÃO
09637150000185;SIM;SIM
09662119000102;NÃO;NÃO
09688569000166;SIM;NÃO
09794975017006;NÃO;NÃO
09942069000109;SIM;SIM
10338320000100;NÃO;NÃO
10353021000144;NÃO;NÃO
10373321000195;SIM;NÃO
10379317000134;SIM;NÃO
10390182000299;NÃO;NÃO
10417868000145;SIM;NÃO
10494550000168;NÃO;NÃO
10554353000197;NÃO;NÃO
10619255000190;NÃO;NÃO
10645585000150;SIM;NÃO
10655958000255;NÃO;NÃO
10716567000112;SIM;NÃO
10717560000115;NÃO;NÃO
10730676000194;SIM;NÃO
10836527000104;NÃO;NÃO
10867813000137;SIM;NÃO
10884128000119;SIM;NÃO
10889198000160;SIM;NÃO
10910017000130;NÃO;NÃO
10920827000177;SIM;NÃO
10936338000103;SIM;NÃO
10959970000172;NÃO;NÃO
10977781000122;SIM;NÃO
11018673000195;SIM;NÃO
11029958000121;NÃO;NÃO
11198150000178;NÃO;NÃO
11209423000132;SIM;NÃO
11244550000172;SIM;NÃO
11246879000253;NÃO;NÃO
11269626000114;NÃO;NÃO
11313957000104;NÃO;NÃO
11325703000106;SIM;NÃO
11339567000103;NÃO;NÃO
11374746000181;NÃO;NÃO
11396416000197;SIM;NÃO
11407343000191;NÃO;NÃO
11578926000185;SIM;SIM
11644948000104;NÃO;NÃO
11659187000156;NÃO;NÃO
11830497000191;SIM;SIM
11889322000150;SIM;NÃO
11922451000100;SIM;SIM
12004352000102;SIM;SIM
12146352000139;NÃO;NÃO
12157093000141;SIM;NÃO
12264106000181;SIM;SIM
12381242000151;SIM;NÃO
12476769000160;SIM;NÃO
12497252000157;SIM;NÃO
12584083000192;SIM;NÃO
12598375000184;SIM;SIM
12625913000182;NÃO;NÃO
12629983000109;NÃO;NÃO
12800874000102;SIM;SIM
12853137000178;SIM;SIM
12939520000143;SIM;NÃO
12972367000156;SIM;SIM
13009717000146;NÃO;NÃO
13123638000161;NÃO;NÃO
13184649000151;SIM;SIM
13192263000191;SIM;SIM
13262736000180;SIM;SIM
13270880000168;SIM;SIM
13296044000152;NÃO;NÃO
13326261000148;NÃO;NÃO
13326584000131;SIM;SIM
13335621000178;SIM;NÃO
13345008000131;SIM;NÃO
13357669000187;SIM;SIM
13358364000190;NÃO;NÃO
13585523000199;SIM;SIM
13648616000115;SIM;NÃO
13755165000115;SIM;SIM
13823180000153;SIM;NÃO
13832909000239;NÃO INFORMADO;NÃO INFORMADO
13841587000103;SIM;NÃO
13910337000188;SIM;SIM
13916353000188;SIM;SIM
14070575000276;NÃO;NÃO
14127813000151;NÃO;NÃO
14142602000198;SIM;NÃO
14156096000196;SIM;SIM
14167919000189;SIM;NÃO
14243565000104;SIM;SIM
14251344000188;SIM;NÃO
14317417000197;SIM;SIM
14340692000121;SIM;SIM
14546439000129;SIM;SIM
14572733000105;SIM;NÃO
14649582000146;SIM;SIM
14685434000187;SIM;SIM
14687415000190;SIM;SIM
14779802000156;SIM;NÃO
14785152000151;NÃO;NÃO
14790670000163;NÃO;NÃO
14797004000238;NÃO;NÃO
14829858000178;SIM;SIM
14841002000118;SIM;SIM
14858363000177;SIM;SIM
14893585000120;SIM;NÃO
14911562000100;SIM;NÃO
14913506000104;SIM;SIM
14990140000240;NÃO;NÃO
15028794000179;SIM;SIM
15080957000162;NÃO;NÃO
15131633000106;SIM;SIM
15172878000181;SIM;SIM
15378113000100;NÃO;NÃO
15406982000193;SIM;NÃO
15413545000105;SIM;NÃO
15453134000135;SIM;SIM
15500532000165;SIM;SIM
15506161000129;SIM;SIM
15564542000164;SIM;SIM
15570841000101;SIM;NÃO
15747974000100;NÃO;NÃO
16482301000139;NÃO;NÃO
16483150000133;SIM;NÃO
16553911000186;SIM;NÃO
16586749000100;SIM;NÃO
16618347000132;SIM;NÃO
16651833000152;SIM;SIM
16685385000108;SIM;NÃO
16744095000279;NÃO INFORMADO;NÃO INFORMADO
16841978000116;SIM;NÃO
16880856000139;NÃO;NÃO
16883496000129;SIM;NÃO
16963701000166;SIM;SIM
16994298000132;NÃO;NÃO
17141969000185;NÃO;NÃO
17155730000164;NÃO;NÃO
17198181000105;SIM;NÃO
17212641000374;SIM;NÃO
17250162000180;SIM;NÃO
17255690000122;SIM;SIM
17263839000204;NÃO INFORMADO;NÃO INFORMADO
17292762000101;SIM;NÃO
17344597000194;NÃO;NÃO
17431366000118;SIM;SIM
17549159000162;NÃO;NÃO
17559755000123;SIM;NÃO
17624728000197;SIM;NÃO
17676180000200;NÃO;NÃO
17682185000164;SIM;SIM
17742708000110;SIM;SIM
17790378000139;SIM;SIM
17824359000186;SIM;NÃO
17835184000102;SIM;SIM
17851141000110;SIM;SIM
17871030000176;NÃO;NÃO
17892370000183;SIM;SIM
18073887000103;NÃO;NÃO
18083400000173;SIM;SIM
18112312000152;NÃO;NÃO
18126628000101;NÃO;NÃO
18128166000153;SIM;SIM
18141186000164;SIM;SIM
18178637000138;NÃO;NÃO
18186082000176;SIM;SIM
18206251000192;NÃO;NÃO
18257357000115;SIM;SIM
18288115000199;SIM;NÃO
18328118000109;NÃO;NÃO
18364885000173;NÃO;NÃO
18494485000182;NÃO;NÃO
18519353000168;NÃO;NÃO
18522952000130;SIM;SIM
18538545000111;SIM;NÃO
18597877000177;SIM;NÃO
18638183000130;SIM;SIM
18681903000140;NÃO;NÃO
18697955000105;NÃO;NÃO
18741036000191;SIM;SIM
18763140000187;SIM;SIM
18835087000182;SIM;NÃO
18849081000164;SIM;NÃO
18887548000160;SIM;NÃO
18905905000176;SIM;SIM
18986437000101;SIM;SIM
19078027000125;SIM;NÃO
19096003000107;SIM;SIM
19107890000163;SIM;NÃO
19137969000137;SIM;NÃO
19174737000159;SIM;NÃO
19205428000107;SIM;SIM
19276449000105;SIM;NÃO
19351946000120;SIM;SIM
19378769000176;NÃO;NÃO
19467912000104;SIM;NÃO
19497066000167;SIM;SIM
19563290000100;SIM;SIM
19573284000133;SIM;NÃO
19580143000148;SIM;SIM
19590280000163;NÃO;NÃO
19704891000195;SIM;NÃO
19736488000148;SIM;SIM
19796586000170;NÃO;NÃO
19805651000187;SIM;SIM
19883102000120;SIM;SIM
19904771000131;NÃO;NÃO
19907684000138;SIM;NÃO
19949451000106;SIM;NÃO
19968285000187;NÃO;NÃO
19988329000130;SIM;SIM
20028629000157;SIM;SIM
20064842000114;SIM;SIM
20080561000155;SIM;NÃO
20114781000152;SIM;NÃO
20205338000197;NÃO;NÃO
20228084000122;SIM;NÃO
20339120000125;SIM;SIM
20392756000130;SIM;NÃO
20546608000395;NÃO INFORMADO;NÃO INFORMADO
20688009000144;SIM;SIM
20725710000196;NÃO;NÃO
20735381000164;NÃO;NÃO
20753443000160;SIM;NÃO
20953701000233;NÃO;NÃO
20966319000183;SIM;NÃO
21049273000109;SIM;SIM
21056196000106;SIM;NÃO
21070076000163;SIM;SIM
21080430000130;SIM;NÃO
21127602000184;SIM;NÃO
21197014000117;NÃO;NÃO
21214730000165;SIM;SIM
21217857000138;NÃO;NÃO
21348660000138;NÃO;NÃO
21358239000108;NÃO;NÃO
21367254000112;NÃO;NÃO
21405774000172;NÃO;NÃO
21427904000178;SIM;SIM
21430694000177;SIM;NÃO
21523268000188;SIM;SIM
21638229000126;SIM;SIM
21717620000116;SIM;SIM
21901561000131;SIM;SIM
21912917000132;SIM;SIM
21919293000185;SIM;SIM
21924657000115;NÃO;NÃO
21961475000114;NÃO;NÃO
22037509000141;SIM;NÃO
22119134000169;SIM;SIM
22145062000124;SIM;NÃO
22159807000104;SIM;SIM
22165645000206;NÃO INFORMADO;NÃO INFORMADO
22226635000144;NÃO;NÃO
22237189000173;SIM;SIM
22315376000128;SIM;NÃO
22318474000119;SIM;NÃO
22366166000169;SIM;SIM
22397501000196;SIM;SIM
22400151000170;SIM;NÃO
22435645000190;SIM;SIM
22499460000149;SIM;SIM
22524927000163;SIM;SIM
22578332000190;SIM;NÃO
22600683000150;SIM;SIM
22621310000166;SIM;NÃO
22657174000164;SIM;SIM
22722584000141;NÃO;NÃO
22740826000120;NÃO;NÃO
22808537000115;SIM;SIM
22825912000135;SIM;SIM
22919493000109;SIM;NÃO
22990284008047;NÃO;NÃO
23026538000170;NÃO;NÃO
23068271000184;SIM;SIM
23073764000102;SIM;SIM
23087941000100;NÃO;NÃO
23121900000192;SIM;NÃO
23126989000180;SIM;SIM
23208943000100;SIM;SIM
23279214000144;SIM;SIM
23285283000160;SIM;NÃO
23432137000110;SIM;SIM
23437607000139;SIM;NÃO
23674689000135;SIM;SIM
23710006000158;SIM;SIM
23790746000141;SIM;SIM
23818015000167;SIM;SIM
23825846000166;SIM;SIM
23826893000124;SIM;NÃO
23849322000105;SIM;NÃO
23851666000159;NÃO;NÃO
23874546000177;NÃO;NÃO
23893762000160;SIM;SIM
23906946000117;SIM;SIM
23956416000183;SIM;SIM
23984600000137;SIM;SIM
23990639000167;SIM;SIM
24044500000193;SIM;NÃO
24045670000192;NÃO;NÃO
24098036000118;SIM;SIM
24101475000132;SIM;NÃO
24200774000124;SIM;NÃO
24206676000102;SIM;SIM
24207077000103;SIM;NÃO
24255802000100;SIM;SIM
24334187000128;SIM;NÃO
24363683000100;SIM;NÃO
24372516000125;SIM;SIM
24394101000152;SIM;SIM
24414696000160;SIM;SIM
24584707000150;SIM;SIM
24607712000131;SIM;SIM
24608774000168;SIM;SIM
24615666000112;SIM;SIM
24662438000101;NÃO;NÃO
24674680000197;SIM;SIM
24680105000369;NÃO;NÃO
24702356000216;NÃO INFORMADO;NÃO INFORMADO
24705228000145;SIM;SIM
24725894000145;SIM;NÃO
24736208000131;SIM;SIM
24755189000190;SIM;SIM
24819718000172;SIM;SIM
24949605000191;SIM;SIM
25011083000145;SIM;SIM
25117534000123;SIM;NÃO
25127323000171;NÃO;NÃO
25142603000159;SIM;SIM
25209357000105;SIM;SIM
25222838000150;NÃO;NÃO
25223682000122;SIM;SIM
25261141000199;SIM;SIM
25424679000177;NÃO;NÃO
26011181000145;SIM;SIM
26035957000167;SIM;SIM
26036461000108;SIM;SIM
26121927000173;SIM;SIM
26123981000158;SIM;SIM
26195899000139;SIM;SIM
26206731000181;SIM;SIM
26371547000197;SIM;SIM
26381998000105;NÃO;NÃO
26402469000140;SIM;SIM
26518072000119;SIM;SIM
26533830000178;SIM;SIM
26679003000197;SIM;NÃO
26687785000106;SIM;SIM
26769476000185;SIM;SIM
26787955000124;SIM;SIM
26840527000118;SIM;SIM
26905662000102;SIM;NÃO
26924165000143;SIM;NÃO
26969126000162;NÃO;NÃO
26987207000195;SIM;SIM
26987849000194;SIM;SIM
26993875000125;SIM;SIM
27048383000124;NÃO;NÃO
27145734000115;SIM;SIM
27182920000124;SIM;SIM
27225402000140;SIM;NÃO
27242010000190;SIM;NÃO
27403098000184;SIM;NÃO
27512116000166;NÃO;NÃO
27552476000191;SIM;SIM
27579188000120;SIM;SIM
27672560000149;SIM;NÃO
27701564001180;NÃO;NÃO
27718905000158;SIM;SIM
27740062000196;SIM;SIM
27743123000179;SIM;SIM
27846686000192;SIM;SIM
27882334000192;NÃO;NÃO
27999387000198;SIM;SIM
28054888000164;SIM;NÃO
28074310000170;SIM;SIM
28179636000161;NÃO;NÃO
28195932000156;SIM;SIM
28242471000125;SIM;NÃO
28367565000120;SIM;NÃO
28389016000157;NÃO;NÃO
28430537000100;SIM;SIM
28473520000130;SIM;SIM
28505144000119;SIM;SIM
28542463000102;SIM;SIM
28607110000135;SIM;SIM
28649056000190;SIM;SIM
28678636000106;SIM;NÃO
28780796000161;SIM;SIM
28826378000168;NÃO;NÃO
28856000000107;SIM;NÃO
28892018000164;SIM;SIM
28961608000100;SIM;SIM
28964715000345;NÃO INFORMADO;NÃO INFORMADO
28983602000125;SIM;SIM
29016214000138;SIM;NÃO
29305956000183;SIM;NÃO
29349014000105;NÃO;NÃO
29563676000175;SIM;SIM
29589077000120;SIM;SIM
29597048000100;SIM;SIM
29642663000191;SIM;SIM
29664975000104;SIM;NÃO
29691031000118;SIM;SIM
29745030000109;SIM;SIM
29786512000107;SIM;NÃO
29794813000182;SIM;NÃO
29872417000126;SIM;NÃO
29911230000194;SIM;NÃO
29914701000118;SIM;SIM
29921771000101;SIM;SIM
29967522000149;NÃO;NÃO
29995344000160;SIM;SIM
30016297000144;SIM;SIM
30024489000100;SIM;NÃO
30044368000112;SIM;SIM
30051579000182;NÃO;NÃO
30055777000114;SIM;SIM
30059929000157;SIM;NÃO
30213493000109;NÃO;NÃO
30226440000122;SIM;SIM
30254053000108;SIM;NÃO
30258656000170;SIM;SIM
30299992000160;SIM;SIM
30300746000181;SIM;SIM
30329024000150;SIM;SIM
30333713000138;SIM;SIM
30387169000107;SIM;SIM
30401257000116;SIM;NÃO
30428827000161;NÃO;NÃO
30431064000108;SIM;NÃO
30455606000182;SIM;SIM
30592556000185;SIM;SIM
30601848000137;SIM;SIM
30604678000144;SIM;SIM
30645344000119;SIM;SIM
30716752000114;SIM;SIM
30741229000148;SIM;NÃO
30778152000180;SIM;SIM
30936625000120;SIM;SIM
30990643000190;SIM;SIM
30993310000115;SIM;SIM
31010090000125;SIM;SIM
31027906000123;NÃO;NÃO
31051712000163;SIM;SIM
31069869000116;SIM;SIM
31075458000133;SIM;SIM
31134906000122;SIM;NÃO
31239415000146;SIM;SIM
31244276000149;SIM;SIM
31263483000140;SIM;NÃO
31345255000110;SIM;SIM
31354310000138;SIM;SIM
31385923000132;SIM;NÃO
31486060000190;SIM;SIM
31553627000101;NÃO;NÃO
31576380000130;SIM;SIM
31608553000155;SIM;NÃO
31731108000188;SIM;SIM
31750336000103;SIM;SIM
31766670000147;SIM;SIM
31839476000144;SIM;SIM
31853016000170;SIM;SIM
31861385000105;SIM;NÃO
31902324000149;SIM;SIM
31978867000140;SIM;SIM
32019225000186;SIM;NÃO
32033280000120;SIM;SIM
32065728000198;SIM;NÃO
32168005000114;SIM;NÃO
32211313000185;SIM;SIM
32237787000104;SIM;NÃO
32242402000199;SIM;SIM
32333511000111;SIM;NÃO
32335233000131;SIM;SIM
32388885000134;SIM;SIM
32396238000174;SIM;NÃO
32446535000187;NÃO;NÃO
32604335000105;SIM;NÃO
32663110000120;SIM;SIM
32684692000120;SIM;SIM
32700247000107;NÃO;NÃO
32755649000109;SIM;SIM
32785497000197;NÃO;NÃO
32966215000158;SIM;SIM
33041260065290;NÃO;NÃO
33111246000190;NÃO;NÃO
33128093000193;SIM;NÃO
33200049000147;NÃO;NÃO
33226569000129;SIM;SIM
33231789000140;SIM;SIM
33239812000143;SIM;SIM
33256163000199;SIM;SIM
33266135000152;SIM;SIM
33276869000112;SIM;SIM
33299271000149;SIM;NÃO
33310994000100;SIM;NÃO
33318839000121;NÃO;NÃO
33319820000108;SIM;SIM
33386210000119;NÃO;NÃO
33391551000182;SIM;SIM
33399617000180;SIM;NÃO
33425643000136;SIM;SIM
33427327000101;SIM;SIM
33427862000154;SIM;SIM
33473195000146;SIM;SIM
33492834000110;SIM;NÃO
33503898000170;SIM;SIM
33546147000130;SIM;SIM
33562900000181;SIM;SIM
33658632000104;SIM;SIM
33668917000118;SIM;SIM
33669501000114;SIM;SIM
33680846000250;NÃO INFORMADO;NÃO INFORMADO
33724625000155;SIM;NÃO
33734570000164;SIM;SIM
33735863000166;SIM;NÃO
33763229000137;SIM;NÃO
33838222000137;SIM;NÃO
33855708000183;SIM;SIM
33861525000170;NÃO;NÃO
33946782000105;SIM;SIM
33965300000164;NÃO;NÃO
33976233000183;SIM;SIM
34028316244169;NÃO;NÃO
34038767000121;SIM;NÃO
34054459000190;NÃO;NÃO
34055747000169;SIM;SIM
34102854000109;SIM;NÃO
34151195000192;SIM;SIM
34231240000119;SIM;SIM
34296239000172;SIM;NÃO
34378603000143;SIM;SIM
34428718000103;SIM;SIM
34493846000122;SIM;SIM
34513294000177;SIM;SIM
34628136000162;SIM;SIM
34634031000116;SIM;SIM
34655917000146;SIM;SIM
34673659000120;SIM;SIM
34766494000131;SIM;SIM
34805138000180;NÃO;NÃO
34818863000192;SIM;SIM
34821120000171;SIM;SIM
34843147000165;SIM;SIM
34887613000104;SIM;NÃO
34899621000170;SIM;SIM
34901945000104;SIM;NÃO
34923505000140;SIM;SIM
34974241000153;SIM;NÃO
34996143000117;SIM;SIM
34997240000124;SIM;SIM
34997853000161;SIM;SIM
35058263000136;SIM;SIM
35058794000129;SIM;SIM
35059999000129;NÃO;NÃO
35086353000130;SIM;SIM
35100319000173;SIM;SIM
35149200000195;SIM;SIM
35155843000141;SIM;NÃO
35169370000131;SIM;NÃO
35237264000148;SIM;SIM
35326608000195;SIM;SIM
35384274000106;SIM;SIM
35441543000129;SIM;SIM
35449698000101;SIM;SIM
35493695000175;SIM;SIM
35515232000167;NÃO;NÃO
35615296000130;SIM;NÃO
35617404000103;SIM;SIM
35646923000108;SIM;NÃO
35775027000130;SIM;NÃO
35776024000111;SIM;NÃO
35786382000105;NÃO;NÃO
35798698000117;SIM;SIM
35844987000105;NÃO;NÃO
35849358000178;SIM;NÃO
35849773000121;SIM;SIM
35860628000141;SIM;SIM
35878969000144;SIM;NÃO
35911846000168;SIM;NÃO
35914706000143;SIM;SIM
35926672000107;NÃO;NÃO
35958093000146;SIM;SIM
35959955000155;SIM;SIM
35975882000195;SIM;SIM
36099015000104;SIM;SIM
36105182000102;SIM;SIM
36146166000168;NÃO;NÃO
36150831000197;SIM;SIM
36159739000198;NÃO;NÃO
36162705000152;SIM;SIM
36257710000149;SIM;SIM
36325815000198;SIM;SIM
36326358000156;NÃO;NÃO
36330205000182;SIM;SIM
36440006000127;SIM;NÃO
36488257000181;SIM;SIM
36525284000187;SIM;SIM
36535768000107;SIM;SIM
36560888000164;SIM;NÃO
36561616000189;NÃO INFORMADO;NÃO INFORMADO
36582069000118;SIM;SIM
36585328000164;SIM;SIM
36594180000124;SIM;NÃO
36608562000160;NÃO;NÃO
36624296000169;SIM;NÃO
36706078000173;SIM;NÃO
36709229000147;SIM;NÃO
36720011000193;SIM;SIM
36749983000100;SIM;SIM
36754884000117;SIM;SIM
36767790000182;SIM;SIM
36776783000147;NÃO;NÃO
36777491000129;SIM;SIM
36818891000135;SIM;SIM
36839548000177;SIM;SIM
36841098000157;SIM;SIM
36849059000104;SIM;SIM
36862752000109;SIM;SIM
36867091000104;SIM;NÃO
36870866000109;SIM;SIM
36894264000183;SIM;SIM
36903242000132;SIM;SIM
36986041000146;SIM;SIM
36987090000101;SIM;NÃO
36993174000140;SIM;SIM
37082194000121;SIM;SIM
37106920000107;SIM;NÃO
37111756000118;SIM;SIM
37169402000124;SIM;SIM
37171847000149;SIM;SIM
37174836000112;NÃO;NÃO
37247149000180;SIM;SIM
37265930000187;SIM;SIM
37281118000145;SIM;SIM
37297800000126;SIM;SIM
37304840000158;SIM;SIM
37310569000163;SIM;NÃO
37312352000192;SIM;NÃO
37341621000149;SIM;SIM
37358031000129;SIM;SIM
37402828000186;SIM;SIM
37433571000120;SIM;SIM
37456499000156;SIM;SIM
37476731000118;SIM;SIM
37591521000170;SIM;SIM
37600815000111;SIM;SIM
37602271000127;SIM;SIM
37603185000139;SIM;SIM
37639411000131;SIM;SIM
37639563000134;SIM;SIM
37654155000151;SIM;SIM
37673049000115;SIM;SIM
37695968000190;SIM;SIM
37714113000169;SIM;SIM
37716634000155;SIM;SIM
37722926000109;SIM;SIM
37724867000108;SIM;SIM
37774714000167;SIM;NÃO
37775548000113;SIM;SIM
37778063000183;SIM;SIM
37780849000135;NÃO INFORMADO;NÃO INFORMADO
37817803000143;SIM;SIM
37824233000119;SIM;SIM
37878301000122;SIM;NÃO
37886310000165;SIM;SIM
37892782000120;SIM;NÃO
37912769000196;SIM;NÃO
37913849000166;SIM;SIM
37921826000101;SIM;NÃO
37946751000105;SIM;SIM
37947599000185;SIM;SIM
37984152000186;SIM;SIM
38018234000139;SIM;SIM
38023928000164;SIM;NÃO
38051830000110;SIM;SIM
38065109000180;SIM;SIM
38134744000171;SIM;SIM
38162925000101;SIM;SIM
38259366000152;SIM;NÃO
38329092000120;SIM;SIM
38350660000175;SIM;SIM
38386163000127;SIM;SIM
38409138000111;SIM;NÃO
38420041000100;SIM;SIM
38431083000146;SIM;SIM
38461506000170;NÃO INFORMADO;NÃO INFORMADO
38499887000187;SIM;SIM
38501001000192;SIM;SIM
38592461000173;SIM;SIM
38650734000199;SIM;SIM
38823181000129;SIM;SIM
38948237000171;SIM;NÃO
38973011000120;SIM;NÃO
39307560000129;SIM;NÃO
39322187000185;SIM;SIM
39333199000105;SIM;SIM
39363170000176;SIM;NÃO
39394375000119;SIM;SIM
39448937000160;SIM;NÃO
39473928000129;SIM;SIM
39489661000168;SIM;NÃO
39511293000107;SIM;SIM
39532199000134;SIM;SIM
39562169000170;SIM;SIM
39573160000165;NÃO INFORMADO;NÃO INFORMADO
39598036000154;SIM;SIM
39611887000190;SIM;SIM
39637239000102;SIM;SIM
39663850000105;SIM;SIM
39708972000170;SIM;SIM
39711818000158;SIM;SIM
39718091000211;NÃO INFORMADO;NÃO INFORMADO
39747966000122;SIM;SIM
39754747000170;SIM;NÃO
39813707000152;SIM;NÃO
39872712000136;SIM;SIM
39877878000145;SIM;SIM
39884508000135;SIM;SIM
39899052000187;SIM;SIM
39932823000190;SIM;SIM
39949172000141;SIM;SIM
39956985000169;SIM;NÃO
39960040000110;SIM;SIM
39990465000172;SIM;SIM
40007201000135;SIM;SIM
40045936000153;SIM;SIM
40064176000121;SIM;SIM
40120161000133;SIM;NÃO
40128255000159;SIM;SIM
40132723000169;SIM;NÃO
40140739000113;SIM;SIM
40145541000122;SIM;SIM
40147963000137;SIM;SIM
40150428000135;SIM;SIM
40153499000191;NÃO INFORMADO;NÃO INFORMADO
40201002000163;SIM;SIM
40211960000115;SIM;SIM
40216217000158;SIM;SIM
40221482000124;SIM;NÃO
40236274000107;SIM;SIM
40241148000132;SIM;SIM
40243518000170;SIM;SIM
40266049000105;SIM;SIM
40269711000180;SIM;SIM
40279436000186;SIM;NÃO
40279884000180;SIM;NÃO
40289378000171;NÃO;NÃO
40292015000195;SIM;SIM
40326094000108;SIM;SIM
40348125000121;SIM;SIM
40352587000112;SIM;SIM
40390224000171;SIM;SIM
40426561000171;NÃO;NÃO
40441076000177;SIM;SIM
40463241000191;SIM;SIM
40469203000146;SIM;NÃO
40476917000181;SIM;NÃO
40514726000167;SIM;SIM
40532530000103;SIM;SIM
40541452000103;SIM;SIM
40549832000186;SIM;SIM
40560258000167;SIM;SIM
40566285000147;SIM;NÃO
40571039000183;SIM;NÃO
40576008000115;SIM;SIM
40599834000180;NÃO;NÃO
40605833000109;NÃO INFORMADO;NÃO INFORMADO
40613942000160;SIM;SIM
40634653000147;SIM;SIM
40646346000186;SIM;SIM
40667221000132;SIM;SIM
40701803000198;SIM;SIM
40719472000113;SIM;SIM
40734443000120;SIM;SIM
40782530000153;SIM;SIM
40803982000174;SIM;SIM
40809851000102;SIM;SIM
40873816000144;SIM;SIM
40893940000171;NÃO INFORMADO;NÃO INFORMADO
40923940000177;SIM;SIM
40937247000153;SIM;SIM
40967954000192;SIM;SIM
41017060000102;SIM;SIM
41036270000130;SIM;SIM
41073125000129;SIM;SIM
41086499000189;SIM;SIM
41087448000171;SIM;SIM
41129368000131;SIM;SIM
41178928000148;SIM;SIM
41223253000101;SIM;SIM
41229944000112;SIM;SIM
41247233000170;SIM;SIM
41303468000132;SIM;SIM
41353783000174;SIM;NÃO
41389979000119;SIM;SIM
41402253000179;SIM;NÃO
41421501000129;SIM;NÃO
41422927000105;NÃO INFORMADO;NÃO INFORMADO
41431332000108;SIM;SIM
41495781000110;SIM;NÃO
41508042000115;SIM;NÃO
41515596000140;SIM;NÃO
41536776000108;SIM;SIM
41571193000118;SIM;NÃO
41631046000196;SIM;NÃO
41633369000119;SIM;SIM
41633591000111;SIM;SIM
41653963000171;SIM;SIM
41677580000133;SIM;SIM
41709027000135;SIM;SIM
41753787000140;NÃO INFORMADO;NÃO INFORMADO
41762925000238;NÃO INFORMADO;NÃO INFORMADO
41782445000158;SIM;SIM
41793797000109;SIM;SIM
41847850000107;SIM;SIM
41861769000181;SIM;SIM
41865799000166;SIM;SIM
41893654000179;NÃO INFORMADO;NÃO INFORMADO
41904092000111;NÃO INFORMADO;NÃO INFORMADO
41904643000147;SIM;SIM
41909005000119;SIM;SIM
41914920000100;SIM;NÃO
41942266000130;SIM;SIM
41988880000133;SIM;SIM
42000739000143;SIM;SIM
42019867000139;SIM;NÃO
42030887000100;NÃO INFORMADO;NÃO INFORMADO
42036303000104;SIM;SIM
42039419000105;SIM;SIM
42039585000101;SIM;SIM
42056419000105;SIM;NÃO
42069780000176;SIM;SIM
42090697000189;SIM;SIM
42092309000107;SIM;NÃO
42108330000145;SIM;SIM
42111339000105;SIM;SIM
42118370000178;SIM;SIM
42132259000136;SIM;SIM
42133212000197;SIM;SIM
42156143000137;SIM;SIM
42191283000146;SIM;SIM
42207781000130;SIM;SIM
42208134000142;SIM;SIM
42260524000161;SIM;SIM
42334803000122;SIM;SIM
42343456000102;SIM;SIM
42346529000101;SIM;SIM
42370207000106;SIM;SIM
42376382000100;SIM;SIM
42423780000122;NÃO;NÃO
42427514000178;SIM;NÃO
42444722000185;SIM;SIM
42474526000153;SIM;SIM
42474921000136;SIM;SIM
42549588000187;SIM;SIM
42593946000159;SIM;SIM
42613433000162;SIM;SIM
42637483000180;SIM;SIM
42646314000106;SIM;NÃO
42660562000101;SIM;NÃO
42709472000168;SIM;SIM
42736982000124;SIM;SIM
42741805000136;SIM;SIM
42756939000120;SIM;SIM
42787512000190;SIM;NÃO
42796723000199;SIM;SIM
42803291000104;SIM;SIM
42839108000112;SIM;SIM
42841935000140;SIM;NÃO
42849884000101;SIM;SIM
42886599000152;SIM;NÃO
42934350000175;NÃO INFORMADO;NÃO INFORMADO
42989465000167;SIM;SIM
43032431000142;SIM;SIM
43038309000183;NÃO INFORMADO;NÃO INFORMADO
43041066000132;SIM;SIM
43042750000139;SIM;SIM
43087339000180;SIM;SIM
43134833000158;SIM;SIM
43187418000162;NÃO;NÃO
43230560000145;SIM;NÃO
43231129000113;SIM;NÃO
43241513000105;SIM;SIM
43250429000140;SIM;SIM
43296260000169;SIM;NÃO
43359478000115;SIM;SIM
43366801000188;SIM;SIM
43386638000115;SIM;NÃO
43403739000157;SIM;SIM
43457151000186;SIM;NÃO
43485314000134;SIM;SIM
43510582000169;SIM;SIM
43535018000109;SIM;SIM
43572168000184;SIM;SIM
43599911000190;SIM;NÃO
43691463000150;SIM;SIM
43716064000104;SIM;NÃO
43719556000145;SIM;SIM
43719966000196;SIM;SIM
43728754000175;SIM;SIM
43731494000197;SIM;NÃO
43761233000110;SIM;SIM
43790075000126;SIM;SIM
43864037000170;SIM;SIM
43866337000199;SIM;SIM
43869035000174;SIM;SIM
43904445000109;SIM;SIM
43916661000174;SIM;SIM
43955925000107;SIM;SIM
43972084000138;SIM;SIM
43975037000148;SIM;SIM
43994427000165;SIM;SIM
44044342000189;SIM;SIM
44048644000125;SIM;SIM
44068186000196;SIM;SIM
44080278000191;SIM;SIM
44095787000198;SIM;SIM
44144636000182;SIM;SIM
44163767000107;SIM;SIM
44228004000105;NÃO INFORMADO;NÃO INFORMADO
44230244000136;SIM;SIM
44230975000181;SIM;SIM
44235119000119;SIM;SIM
44256174000195;NÃO INFORMADO;NÃO INFORMADO
44275932000112;SIM;SIM
44286048000183;SIM;SIM
44311912000150;SIM;SIM
44322768000157;SIM;SIM
44339343000150;SIM;SIM
44364849000110;SIM;SIM
44377446000105;SIM;SIM
44416910000125;SIM;SIM
44453288000125;SIM;SIM
44477584000166;SIM;SIM
44478617000192;SIM;SIM
44491222000120;SIM;SIM
44496845000195;SIM;SIM
44500459000120;SIM;SIM
44503793000137;SIM;SIM
44514058000129;SIM;SIM
44576183000163;SIM;SIM
44578523000195;SIM;SIM
44622904000124;SIM;NÃO
44630610000144;SIM;SIM
44645637000100;SIM;NÃO
44648008000134;SIM;SIM
44654953000149;SIM;SIM
44660757000187;NÃO INFORMADO;NÃO INFORMADO
44726960000109;SIM;SIM
44770034000130;SIM;SIM
44774526000102;NÃO INFORMADO;NÃO INFORMADO
44776038000126;SIM;SIM
44784942000183;SIM;NÃO
44845367000181;SIM;NÃO
44881604000160;SIM;SIM
44885342000101;SIM;SIM
44926750000164;SIM;SIM
44969410000110;SIM;SIM
45022333000150;SIM;NÃO
45024535000130;SIM;SIM
45024750000131;SIM;SIM
45036050000167;NÃO;NÃO
45045039000163;SIM;SIM
45067804000146;SIM;SIM
45084729000121;SIM;SIM
45120950000198;SIM;SIM
45163356000184;SIM;SIM
45176217000195;SIM;SIM
45272144000135;SIM;NÃO
45277002000160;SIM;SIM
45308660000172;SIM;SIM
45311997000139;SIM;SIM
45338980000175;SIM;SIM
45376295000133;SIM;NÃO
45414833000137;SIM;NÃO
45419765000107;NÃO INFORMADO;NÃO INFORMADO
45450162000160;SIM;SIM
45468092000177;SIM;SIM
45472363000168;SIM;SIM
45516034000171;SIM;SIM
45519075000111;SIM;SIM
45527434000182;SIM;SIM
45529124000105;SIM;NÃO
45538052000154;SIM;SIM
45553778000166;SIM;SIM
45583901000191;SIM;SIM
45604822000110;SIM;SIM
45612665000194;SIM;SIM
45690668000146;NÃO INFORMADO;NÃO INFORMADO
45700915000148;SIM;NÃO
45764952000110;SIM;SIM
45821481000134;SIM;SIM
45829031000198;SIM;NÃO
45856504000146;SIM;SIM
45885086000115;SIM;SIM
45891798000147;SIM;SIM
45933095000134;SIM;SIM
45976480000169;SIM;SIM
45988986000198;SIM;NÃO
45992724001179;NÃO;NÃO
46012691000144;SIM;SIM
46017529000119;SIM;NÃO
46027063000132;SIM;SIM
46027594000125;SIM;SIM
46043383000186;SIM;SIM
46067912000181;SIM;SIM
46075940000140;SIM;SIM
46085214000109;SIM;SIM
46196058000153;SIM;SIM
46280295000106;SIM;SIM
46313543000160;SIM;SIM
46315896000107;SIM;SIM
46362940000121;SIM;SIM
46384941000177;SIM;NÃO
46390275000180;SIM;SIM
46414675000188;SIM;SIM
46451095000160;SIM;SIM
46451885000146;SIM;NÃO
46462658000116;SIM;SIM
46484784000171;SIM;SIM
46551465000131;SIM;SIM
46579584000100;SIM;SIM
46623337000156;SIM;SIM
46689450000134;SIM;SIM
46695424000119;NÃO INFORMADO;NÃO INFORMADO
46710847000160;SIM;SIM
46712946000181;SIM;SIM
46731817000130;SIM;SIM
46746766000110;SIM;SIM
46790258000130;SIM;NÃO
46796269000127;SIM;SIM
46799203000190;SIM;SIM
46803398000103;SIM;SIM
46803743000109;NÃO INFORMADO;NÃO INFORMADO
46814791000194;SIM;SIM
46832025000152;SIM;SIM
46842877000120;SIM;SIM
46863876000162;SIM;SIM
46909876000156;SIM;SIM
46939627000103;SIM;NÃO
46970085000131;SIM;NÃO
47015529000142;SIM;SIM
47020099000157;SIM;SIM
47075778000123;SIM;NÃO
47146904000193;SIM;SIM
47168860000100;SIM;SIM
47201170000106;SIM;NÃO
47211160000143;SIM;SIM
47251861000106;SIM;SIM
47264394000159;SIM;SIM
47271057000199;SIM;SIM
47319346000110;SIM;SIM
47319675000161;SIM;SIM
47342634000196;SIM;SIM
47365188000135;SIM;SIM
47421668000176;SIM;SIM
47425477000182;SIM;SIM
47433498000140;SIM;SIM
47468737000105;SIM;SIM
47511047000183;SIM;NÃO
47518516000196;SIM;SIM
47527217000118;SIM;SIM
47548349000126;NÃO INFORMADO;NÃO INFORMADO
47565511000114;SIM;SIM
47600827000108;NÃO INFORMADO;NÃO INFORMADO
47605172000152;NÃO INFORMADO;NÃO INFORMADO
47605963000182;SIM;SIM
47611616000162;SIM;NÃO
47642851000100;SIM;SIM
47650914000161;SIM;SIM
47665958000165;SIM;SIM
47679768000105;SIM;NÃO
47703058000165;SIM;SIM
47703345000175;SIM;SIM
47715853000173;SIM;SIM
47741596000144;SIM;SIM
47873814000102;NÃO INFORMADO;NÃO INFORMADO
47886504000114;SIM;SIM
47898955000171;SIM;SIM
47928963000113;NÃO INFORMADO;NÃO INFORMADO
47935504000167;NÃO INFORMADO;NÃO INFORMADO
47945671000199;NÃO INFORMADO;NÃO INFORMADO
48000581000198;NÃO INFORMADO;NÃO INFORMADO
48028891000110;NÃO INFORMADO;NÃO INFORMADO
48033059000102;NÃO INFORMADO;NÃO INFORMADO
48069315000111;NÃO INFORMADO;NÃO INFORMADO
48074183000116;NÃO INFORMADO;NÃO INFORMADO
48076751000118;NÃO INFORMADO;NÃO INFORMADO
48086352000138;NÃO INFORMADO;NÃO INFORMADO
48098769000110;NÃO INFORMADO;NÃO INFORMADO
48124212000107;NÃO INFORMADO;NÃO INFORMADO
48167806000103;NÃO INFORMADO;NÃO INFORMADO
48185674000134;NÃO INFORMADO;NÃO INFORMADO
48196199000100;NÃO INFORMADO;NÃO INFORMADO
48212225000138;NÃO INFORMADO;NÃO INFORMADO
48223211000110;NÃO INFORMADO;NÃO INFORMADO
48248971000181;NÃO INFORMADO;NÃO INFORMADO
48263815000190;NÃO INFORMADO;NÃO INFORMADO
48266797000108;NÃO INFORMADO;NÃO INFORMADO
48341213000103;NÃO INFORMADO;NÃO INFORMADO
48356478000185;NÃO INFORMADO;NÃO INFORMADO
48366634000199;NÃO INFORMADO;NÃO INFORMADO
49263189000102;NÃO;NÃO
50746577000115;NÃO;NÃO
50926955000142;NÃO;NÃO
52180593000119;SIM;NÃO
53113791000122;NÃO;NÃO
53585527000949;NÃO INFORMADO;NÃO INFORMADO
54140165000198;NÃO;NÃO
55040042000148;NÃO;NÃO
55278311000109;SIM;NÃO
55970909000164;SIM;NÃO
56720428000163;NÃO;NÃO
57593832000186;NÃO;NÃO
57710907000161;NÃO;NÃO
58340183000174;NÃO;NÃO
58728858000157;NÃO;NÃO
59273367032325;NÃO INFORMADO;NÃO INFORMADO
59704510001245;NÃO;NÃO
60102621000108;NÃO;NÃO
61088894000108;NÃO;NÃO
61669966000372;NÃO;NÃO
62144175000120;NÃO;NÃO
62377981000148;NÃO;NÃO
63498331000113;SIM;NÃO
65665093000119;NÃO;NÃO
67043125001303;NÃO INFORMADO;NÃO INFORMADO
67960229000653;NÃO;NÃO
73167892000193;SIM;NÃO
73853970000103;SIM;NÃO
74019910000152;NÃO;NÃO
74237298000275;NÃO INFORMADO;NÃO INFORMADO
74564592000100;SIM;NÃO
75446948000174;NÃO;NÃO
75584110009446;NÃO;NÃO
76707512000154;NÃO;NÃO
77960573000191;NÃO;NÃO
78445673000223;NÃO;NÃO
78586674002231;NÃO;NÃO
79048450000104;NÃO;NÃO
79732970000131;SIM;NÃO
79801205000126;NÃO;NÃO
81414997000128;SIM;SIM
82027459000143;NÃO;NÃO
87557948000120;NÃO;NÃO
88212113082904;NÃO INFORMADO;NÃO INFORMADO
88661681000422;NÃO;NÃO
89637490000145;NÃO;NÃO
89850341000160;NÃO;NÃO
91024158000157;SIM;NÃO
92076462000100;SIM;NÃO
92754738000162;NÃO;NÃO
93355469000124;SIM;NÃO
94069770000215;NÃO INFORMADO;NÃO INFORMADO
94813102000170;NÃO;NÃO
95817532000122;NÃO;NÃO
96571765000150;NÃO;NÃO
97191902000194;NÃO;NÃO
97542647000187;NÃO;NÃO
00000000000191;NÃO;NÃO
00000000328405;NÃO;NÃO
00059319000192;NÃO;NÃO
00218928000147;SIM;NÃO
00242184000104;NÃO;NÃO
00556667000256;NÃO;NÃO
00696185000110;SIM;NÃO
00934861000147;SIM;NÃO
00980086000247;NÃO;NÃO
01104937000170;NÃO;NÃO
01282244000177;NÃO;NÃO
01301391000228;NÃO;NÃO
01383961000195;SIM;NÃO
01545826000107;NÃO;NÃO
01555122000107;NÃO;NÃO
01609290000138;NÃO;NÃO
01787306000100;SIM;NÃO
01838723000127;NÃO;NÃO
01924669000132;NÃO;NÃO
01971614000183;NÃO;NÃO
01988222000127;SIM;NÃO
02016256000112;SIM;NÃO
02101989000236;NÃO INFORMADO;NÃO INFORMADO
02128461000170;NÃO;NÃO
02404504000100;NÃO;NÃO
02555465000134;NÃO;NÃO
02585924012309;NÃO;NÃO
02744156000102;SIM;NÃO
02832547000189;SIM;SIM
02852677000183;NÃO;NÃO
02962641000152;NÃO;NÃO
03185564000134;NÃO;NÃO
03243876000157;SIM;NÃO
03261442000180;SIM;NÃO
03285176000125;NÃO;NÃO
03293963000119;NÃO;NÃO
03378521000175;NÃO;NÃO
03441939000180;NÃO;NÃO
03462027000194;SIM;NÃO
03485324000406;NÃO;NÃO
03496362000103;NÃO;NÃO
03613342000175;SIM;NÃO
03624974000487;NÃO INFORMADO;NÃO INFORMADO
03643856005566;NÃO;NÃO
03655822000107;NÃO;NÃO
03758318000124;NÃO;NÃO
03853896000140;NÃO;NÃO
03862585000147;NÃO;NÃO
03921801000188;NÃO;NÃO
03932942000104;NÃO;NÃO
03991307000190;NÃO;NÃO
03992917000108;NÃO;NÃO
04352523000158;SIM;NÃO
04448482000106;SIM;NÃO
04496959000110;NÃO;NÃO
04558953000201;NÃO;NÃO
04563989000100;NÃO;NÃO
04565935000176;NÃO;NÃO
04576569000231;NÃO;NÃO
04605426000120;SIM;NÃO
04612535000174;NÃO;NÃO
04706732000152;NÃO;NÃO
04798608000164;SIM;NÃO
04806456000102;NÃO;NÃO
04839833000100;SIM;NÃO
04844451000166;SIM;NÃO
04878110000101;SIM;NÃO
05055075000193;NÃO;NÃO
05286399000485;NÃO INFORMADO;NÃO INFORMADO
05339222000157;SIM;NÃO
05346644004228;NÃO;NÃO
05578540000170;SIM;NÃO
05587864000175;SIM;NÃO
05681837000167;SIM;NÃO
05741708000117;SIM;NÃO
05832716000179;NÃO;NÃO
05834681000107;SIM;NÃO
05883853000132;SIM;NÃO
05906856000144;NÃO;NÃO
05975696000195;NÃO;NÃO
06044176000202;NÃO;NÃO
06047087000139;NÃO;NÃO
06086715000195;NÃO;NÃO
06239063000262;NÃO INFORMADO;NÃO INFORMADO
06305912000310;NÃO;NÃO
06326392000160;NÃO;NÃO
06879279000101;SIM;NÃO
06882416000167;NÃO;NÃO
07047251000170;NÃO;NÃO
07077775000295;NÃO INFORMADO;NÃO INFORMADO
07078234000109;NÃO;NÃO
07128323000104;NÃO;NÃO
07136283000142;NÃO;NÃO
07420874000147;NÃO;NÃO
07535695000155;NÃO;NÃO
07547200000108;SIM;NÃO
07575550000188;NÃO;NÃO
07668738000170;SIM;NÃO
07681553000104;SIM;NÃO
07800597000106;SIM;NÃO
07825400000185;SIM;NÃO
07846891000140;SIM;NÃO
07871961000110;NÃO;NÃO
07874968000196;NÃO;NÃO
07923294000253;NÃO;NÃO
08068681000131;NÃO;NÃO
08078847000109;NÃO;NÃO
08159965000133;NÃO;NÃO
08224587000124;NÃO;NÃO
08235067000117;SIM;NÃO
08338958000522;NÃO;NÃO
08418867000173;NÃO;NÃO
08445150000110;NÃO;NÃO
08467115000100;NÃO;NÃO
08471273000126;SIM;NÃO
08518621000173;NÃO;NÃO
08526886000113;NÃO;NÃO
08535363000133;NÃO;NÃO
08544832000180;NÃO;NÃO
08580964000320;NÃO;NÃO
08585659000320;NÃO;NÃO
08593047000118;NÃO;NÃO
08665902000159;NÃO;NÃO
08807432000110;NÃO;NÃO
08817578000147;SIM;NÃO
08855340000106;NÃO;NÃO
08865487000187;NÃO;NÃO
08899534000103;SIM;NÃO
09041168000110;NÃO;NÃO
09042817000105;NÃO;NÃO
09102288000180;NÃO;NÃO
09129228000150;NÃO;NÃO
09170877000103;NÃO;NÃO
09216174000160;NÃO;NÃO
09252987000106;SIM;NÃO
09288252000132;NÃO;NÃO
09301734000185;NÃO;NÃO
09306201000196;SIM;NÃO
09339505000150;SIM;NÃO
09479373000161;SIM;NÃO
09509008000152;NÃO;NÃO
09536254000101;NÃO;NÃO
09587219000294;NÃO;NÃO
09608541000686;NÃO;NÃO
09664694000136;NÃO;NÃO
10285590000108;NÃO;NÃO
10306081000297;SIM;NÃO
10309325000104;NÃO;NÃO
10425859000104;SIM;NÃO
10489763000100;NÃO;NÃO
10496097000129;NÃO;NÃO
10593927000136;NÃO;NÃO
10697158000116;NÃO;NÃO
10720451000157;SIM;NÃO
10772420001979;NÃO;NÃO
10835932000108;NÃO;NÃO
10865659000164;NÃO;NÃO
10868909000110;NÃO;NÃO
10887999000196;NÃO;NÃO
10894164000163;NÃO;NÃO
10948140001200;NÃO INFORMADO;NÃO INFORMADO
10961196000134;SIM;NÃO
10984062000139;NÃO;NÃO
10987866000191;SIM;NÃO
11006654000149;SIM;SIM
11071665000102;SIM;NÃO
11087775000162;NÃO;NÃO
11150990000160;SIM;NÃO
11171577000182;NÃO;NÃO
11325292000159;NÃO;NÃO
11361845000129;SIM;NÃO
11421994000136;NÃO;NÃO
11486430000181;SIM;NÃO
11527155000105;SIM;SIM
11535682000153;SIM;SIM
11694376000160;SIM;SIM
11705180000123;SIM;NÃO
11933472000113;SIM;SIM
12042439000166;SIM;SIM
12044340000101;NÃO;NÃO
12108897000150;NÃO;NÃO
12138411000127;SIM;SIM
12337252000190;NÃO;NÃO
12373589000152;SIM;SIM
12399950000110;SIM;NÃO
12432934000181;SIM;NÃO
12519340000102;SIM;NÃO
12533331000176;SIM;SIM
12653600000138;SIM;SIM
12675158000140;NÃO;NÃO
12679985000102;SIM;SIM
12682905000178;NÃO;NÃO
12694474000160;SIM;SIM
12779296000170;NÃO;NÃO
12810603000138;NÃO;NÃO
12831777000187;NÃO;NÃO
12877311000112;SIM;NÃO
12883330000151;SIM;SIM
12892467000172;SIM;NÃO
12895225000132;SIM;SIM
12941280000111;SIM;NÃO
12956210000137;SIM;SIM
13095820000156;SIM;NÃO
13104826000142;SIM;SIM
13112212000102;SIM;SIM
13196169000100;SIM;NÃO
13224882000110;SIM;NÃO
13336245000136;SIM;NÃO
13346640000108;SIM;SIM
13350390000171;SIM;SIM
13465383000115;SIM;SIM
13520921000127;NÃO;NÃO
13558297000157;NÃO;NÃO
14036345000100;SIM;SIM
14103878000167;SIM;SIM
14141205000100;NÃO;NÃO
14172646000160;SIM;SIM
14326931000199;SIM;SIM
14411229000123;SIM;SIM
14453071000154;SIM;NÃO
14456696000170;NÃO;NÃO
14496672000144;NÃO;NÃO
14622358000160;SIM;SIM
14819550000141;SIM;NÃO
14874954001290;NÃO INFORMADO;NÃO INFORMADO
14917179000231;NÃO;NÃO
14944220000188;SIM;SIM
15043133000112;SIM;SIM
15101405010580;NÃO;NÃO
15109806000190;SIM;SIM
15111441000138;SIM;NÃO
15424546000147;NÃO;NÃO
15425652000145;SIM;NÃO
15431374000139;SIM;SIM
15638741000170;SIM;NÃO
15651402000123;NÃO;NÃO
15680901000149;NÃO;NÃO
15703529000149;SIM;NÃO
15740207000170;NÃO;NÃO
15793994000118;SIM;SIM
15812604000100;SIM;SIM
16105961000362;NÃO;NÃO
16369226000102;NÃO;NÃO
16466861000108;SIM;SIM
16572329000167;SIM;NÃO
16589149000198;SIM;SIM
16670085015500;NÃO;NÃO
16767199000118;SIM;SIM
17067607000191;SIM;SIM
17179126000178;SIM;SIM
17193806000146;NÃO;NÃO
17225810000149;SIM;NÃO
17281106000103;NÃO;NÃO
17299394000123;SIM;SIM
17322687000184;SIM;SIM
17357641000362;NÃO;NÃO
17390179000133;SIM;NÃO
17412099000131;NÃO;NÃO
17433826000228;NÃO;NÃO
17455042000209;NÃO INFORMADO;NÃO INFORMADO
17497233000144;SIM;SIM
17504110000193;NÃO;NÃO
17574540000181;NÃO;NÃO
17647523000127;SIM;SIM
17648762000100;NÃO;NÃO
17704497000121;NÃO;NÃO
17735438000110;SIM;NÃO
17793378000192;SIM;NÃO
17892111000152;NÃO;NÃO
17966147000133;NÃO;NÃO
18121958000104;SIM;SIM
18150741000114;SIM;NÃO
18153895000160;NÃO;NÃO
18156681000147;SIM;NÃO
18174270000184;NÃO;NÃO
18180789000175;NÃO;NÃO
18181714000109;SIM;NÃO
18224104000145;SIM;SIM
18240257000186;NÃO;NÃO
18249064000196;NÃO;NÃO
18317773000161;SIM;SIM
18361968000109;SIM;NÃO
18365306000107;SIM;SIM
18374547000112;SIM;SIM
18407914000137;SIM;SIM
18409930000169;NÃO;NÃO
18443521000189;SIM;SIM
18476977000145;NÃO;NÃO
18496618000150;SIM;SIM
18499326000170;SIM;NÃO
18591412000290;NÃO INFORMADO;NÃO INFORMADO
18786593000714;NÃO;NÃO
18929639000111;SIM;NÃO
19023668000182;NÃO;NÃO
19107226000114;NÃO;NÃO
19126220000194;NÃO;NÃO
19219127000124;SIM;SIM
19266084000138;SIM;SIM
19291576000183;SIM;SIM
19350464000156;SIM;SIM
19353062000105;SIM;NÃO
19391298000136;NÃO;NÃO
19416042000136;NÃO;NÃO
19510633000178;NÃO;NÃO
19544578000137;SIM;NÃO
19572284000119;NÃO;NÃO
19601999000152;NÃO;NÃO
19602946000156;SIM;SIM
19712500000184;SIM;NÃO
19731504000100;SIM;NÃO
19995996000140;SIM;NÃO
20004539000126;NÃO;NÃO
20036936000180;NÃO;NÃO
20113131000192;SIM;SIM
20118009000109;SIM;SIM
20124977000128;NÃO;NÃO
20230840000158;SIM;SIM
20245912000130;SIM;NÃO
20247322000147;NÃO;NÃO
20350178000170;NÃO;NÃO
20448597000149;SIM;SIM
20457877000113;SIM;SIM
20462314000113;SIM;SIM
20481039000185;NÃO;NÃO
20534604000125;SIM;SIM
20643826000186;SIM;SIM
20675852000196;SIM;SIM
20688169000193;SIM;SIM
20688786000199;SIM;SIM
20763093000113;SIM;SIM
20763743000120;SIM;SIM
20835742000144;SIM;SIM
20934810000122;NÃO;NÃO
21001750000158;SIM;SIM
21034977000108;NÃO;NÃO
21067479000153;SIM;SIM
21073362000182;SIM;SIM
21117557000187;SIM;NÃO
21164415000170;NÃO;NÃO
21278276000106;NÃO;NÃO
21300829000180;SIM;SIM
21419744000115;SIM;SIM
21434419000121;SIM;SIM
21457110000157;SIM;NÃO
21521308000152;SIM;NÃO
21534941000185;SIM;NÃO
21536618000140;SIM;SIM
21550141000158;SIM;NÃO
21596679000101;SIM;NÃO
21784307000109;NÃO;NÃO
21796945000131;SIM;SIM
21861610000150;SIM;NÃO
21888856000115;SIM;SIM
21905288000113;NÃO;NÃO
21907911000177;SIM;SIM
22104728000104;NÃO;NÃO
22285086000189;SIM;SIM
22307773000158;SIM;SIM
22316872000104;SIM;SIM
22377336000100;NÃO;NÃO
22421699000104;SIM;SIM
22434372000169;SIM;SIM
22445560000192;SIM;NÃO
22551160000161;SIM;SIM
22565049000124;SIM;NÃO
22609531000119;SIM;NÃO
22677520000176;NÃO;NÃO
22702395000107;SIM;SIM
22706338000104;SIM;SIM
22788171000160;SIM;SIM
22866379000150;SIM;NÃO
23024172000109;SIM;SIM
23030074000176;SIM;SIM
23104406000110;NÃO;NÃO
23157330000190;NÃO;NÃO
23199842000110;SIM;NÃO
23246105000120;SIM;SIM
23300799000137;SIM;NÃO
23302602000360;NÃO INFORMADO;NÃO INFORMADO
23335049000281;NÃO;NÃO
23336651000152;SIM;SIM
23339855000147;SIM;SIM
23353693000282;NÃO;NÃO
23369169000119;SIM;SIM
23371470000167;NÃO;NÃO
23433669000172;NÃO;NÃO
23433869000125;SIM;SIM
23443536000187;SIM;SIM
23603559000101;SIM;NÃO
23714617000174;SIM;SIM
23718077000105;SIM;SIM
23778571000157;SIM;NÃO
23821631000177;SIM;SIM
23843993000169;SIM;SIM
23850100000102;NÃO;NÃO
23856267000180;SIM;SIM
23877880000184;SIM;SIM
23956225000111;SIM;SIM
24022780000139;SIM;SIM
24065445000118;SIM;NÃO
24081327000101;SIM;SIM
24098427000132;SIM;SIM
24364084000100;SIM;SIM
24364738000104;SIM;SIM
24392208000161;SIM;NÃO
24518496000158;NÃO;NÃO
24538475000102;SIM;NÃO
24686129000163;SIM;SIM
24692083000438;NÃO INFORMADO;NÃO INFORMADO
24715968000162;NÃO;NÃO
24750527000100;SIM;SIM
24774100000133;SIM;SIM
24775518000165;SIM;SIM
24789163000163;SIM;NÃO
24796505000172;SIM;SIM
24801201000156;NÃO;NÃO
24837164000136;SIM;SIM
24892073000101;SIM;NÃO
24990777000109;NÃO;NÃO
25037989000139;SIM;SIM
25146588000389;SIM;NÃO
25184984000139;SIM;SIM
25197184000152;SIM;SIM
25215853000171;SIM;NÃO
25236386000166;SIM;NÃO
25264145000120;SIM;NÃO
25273167000157;SIM;SIM
25453225000124;SIM;SIM
25912519000177;SIM;SIM
26031639000128;SIM;NÃO
26089666000151;NÃO;NÃO
26120789000108;SIM;SIM
26127429000138;NÃO;NÃO
26234940000139;SIM;SIM
26250164000160;SIM;NÃO
26284217000164;SIM;SIM
26288656000145;SIM;SIM
26333188000183;SIM;SIM
26342663000188;NÃO;NÃO
26391683000149;SIM;SIM
26462693000128;NÃO;NÃO
26536055000104;SIM;SIM
26539915000163;SIM;SIM
26615948000145;NÃO;NÃO
26650701000160;NÃO;NÃO
26655736000191;SIM;SIM
26675344000194;SIM;NÃO
26949741000107;SIM;SIM
26953545000106;NÃO;NÃO
26982662000106;SIM;SIM
27093558000115;NÃO;NÃO
27106115000111;SIM;NÃO
27118228000137;SIM;SIM
27166457000127;SIM;SIM
27192940000186;SIM;NÃO
27268319000159;SIM;SIM
27303556000103;SIM;SIM
27319590000176;SIM;SIM
27336814000158;SIM;NÃO
27366314000169;SIM;SIM
27402701000103;SIM;SIM
27440773000145;SIM;SIM
27450826000109;SIM;NÃO
27470540000195;SIM;SIM
27492573000136;SIM;SIM
27504812000120;SIM;SIM
27507158000109;SIM;SIM
27517095000171;SIM;SIM
27606386000136;SIM;SIM
27683608000114;SIM;SIM
27771582000166;SIM;SIM
27795850000180;SIM;NÃO
27875463000153;SIM;SIM
27896115000162;NÃO;NÃO
27969438000139;SIM;SIM
28017106000117;SIM;SIM
28074777000110;SIM;SIM
28140303000129;SIM;SIM
28162122000101;NÃO;NÃO
28229815000166;SIM;SIM
28256335000275;NÃO INFORMADO;NÃO INFORMADO
28292023000136;SIM;SIM
28337558000186;SIM;NÃO
28338370000152;SIM;SIM
28356398000112;SIM;SIM
28363128000139;NÃO;NÃO
28383710000167;SIM;SIM
28434363000154;SIM;SIM
28481819000137;SIM;NÃO
28517326000100;SIM;SIM
28520678000114;SIM;SIM
28524891000102;SIM;SIM
28594641000130;SIM;NÃO
28597736000108;SIM;SIM
28615040000167;SIM;SIM
28628291000186;SIM;SIM
28639803000100;NÃO;NÃO
28729105000103;NÃO;NÃO
28801503000185;NÃO;NÃO
28902819000163;NÃO;NÃO
28909453000154;SIM;SIM
28916188000131;SIM;SIM
28932339000145;SIM;NÃO
28957228000193;SIM;SIM
29011196000100;SIM;SIM
29149966002030;NÃO INFORMADO;NÃO INFORMADO
29173958000166;SIM;SIM
29300457000101;SIM;NÃO
29397715000101;SIM;NÃO
29409549000116;SIM;SIM
29504121000152;SIM;SIM
29578625000117;SIM;SIM
29596917000182;SIM;SIM
29633210000107;SIM;SIM
29686735000100;SIM;SIM
29688568000129;SIM;NÃO
29702576000182;NÃO;NÃO
29708349000164;NÃO;NÃO
29715610000153;SIM;SIM
29722589000113;SIM;SIM
29883111000175;SIM;SIM
29926361000145;SIM;SIM
29995988000158;NÃO;NÃO
30004819000198;SIM;SIM
30021519000117;SIM;NÃO
30114606000119;NÃO;NÃO
30125847000163;SIM;SIM
30185535000145;SIM;SIM
30215042000100;SIM;SIM
30231459000167;SIM;SIM
30243811000184;SIM;NÃO
30298008000147;NÃO;NÃO
30364792000144;SIM;SIM
30434308000106;SIM;SIM
30463052000165;SIM;SIM
30481923000173;NÃO;NÃO
30533185000160;SIM;NÃO
30548632000155;SIM;NÃO
30583416000493;NÃO INFORMADO;NÃO INFORMADO
30671436000173;SIM;SIM
30690833000192;SIM;SIM
30693052000151;SIM;SIM
30698497000124;SIM;SIM
30743670000169;SIM;NÃO
30791687000191;SIM;NÃO
30859416000120;SIM;SIM
30978578000188;SIM;SIM
30994005000148;SIM;SIM
31000723000114;SIM;SIM
31036069000107;SIM;SIM
31075325000167;SIM;SIM
31105681000186;NÃO;NÃO
31134857000128;SIM;NÃO
31277100000193;SIM;SIM
31278335000108;NÃO;NÃO
31307019000109;SIM;SIM
31343287000186;SIM;SIM
31357834000425;NÃO INFORMADO;NÃO INFORMADO
31368026000110;SIM;SIM
31409796000164;SIM;NÃO
31420320000124;SIM;SIM
31438466000105;SIM;SIM
31495561000132;SIM;NÃO
31516077000142;SIM;SIM
31522598000102;SIM;SIM
31561440000141;SIM;SIM
31563192000178;SIM;SIM
31631651000103;SIM;NÃO
31654119000101;SIM;SIM
31711376000138;SIM;NÃO
31795685000133;NÃO;NÃO
31797927000128;SIM;SIM
31798695000122;SIM;SIM
31825715000107;SIM;NÃO
31915147000135;SIM;SIM
31931769000157;NÃO;NÃO
31954811000155;NÃO;NÃO
31957326000135;NÃO;NÃO
31993617000189;SIM;NÃO
31996450000100;SIM;SIM
32022690000176;NÃO;NÃO
32028892000125;SIM;SIM
32051288000110;SIM;SIM
32095919000100;SIM;SIM
32128112000119;NÃO;NÃO
32144272000151;SIM;NÃO
32176366000102;SIM;SIM
32354919000170;SIM;SIM
32368704000108;NÃO;NÃO
32423773000177;SIM;SIM
32432170000131;SIM;NÃO
32436352000180;SIM;SIM
32470787000141;NÃO;NÃO
32489695000103;SIM;SIM
32542890000150;NÃO;NÃO
32549510000109;SIM;SIM
32622960000180;SIM;SIM
32640725000130;SIM;SIM
32677872000185;SIM;SIM
32684864000166;SIM;SIM
32692144000142;SIM;NÃO
32704322000108;NÃO;NÃO
32714398000114;SIM;SIM
32832723000143;SIM;NÃO
32845907000148;NÃO;NÃO
32874605000106;SIM;SIM
32891979000121;SIM;NÃO
32940577000170;SIM;NÃO
32957848000108;SIM;SIM
32965021000138;SIM;SIM
32968383000182;SIM;SIM
32987584000127;SIM;SIM
33000294000100;SIM;SIM
33042730000104;NÃO;NÃO
33090136000199;SIM;SIM
33105428000158;SIM;NÃO
33113309000147;NÃO;NÃO
33181351000103;SIM;NÃO
33189582000155;NÃO;NÃO
33223895000182;SIM;SIM
33330029000190;SIM;SIM
33356529000100;SIM;SIM
33376989000191;NÃO;NÃO
33396427000100;NÃO;NÃO
33415930000165;SIM;NÃO
33418322000104;NÃO;NÃO
33427545000138;NÃO;NÃO
33433339000130;SIM;SIM
33438250001643;NÃO;NÃO
33442871000114;SIM;SIM
33480818000108;SIM;SIM
33509862000101;SIM;SIM
33542548000112;SIM;SIM
33547155000100;SIM;SIM
33574577000166;SIM;NÃO
33629474000156;SIM;NÃO
33642918000193;SIM;SIM
33664250000185;SIM;SIM
33667402000101;NÃO;NÃO
33751452000164;SIM;SIM
33758577000116;SIM;SIM
33800563000113;SIM;SIM
33845248000102;SIM;SIM
33857062000173;SIM;SIM
33876516000153;SIM;SIM
33887956000106;SIM;SIM
33899060000147;SIM;SIM
33932596000117;SIM;SIM
33977600000163;SIM;SIM
33985998000180;SIM;SIM
34076504000107;SIM;SIM
34118839000140;SIM;SIM
34148139000107;SIM;SIM
34215735000154;SIM;SIM
34242803000174;SIM;SIM
34242971000160;SIM;SIM
34243565000111;SIM;SIM
34263372000122;SIM;NÃO
34274233000102;NÃO;NÃO
34313876000100;SIM;SIM
34329660000132;SIM;SIM
34346464000176;SIM;NÃO
34449356000129;SIM;SIM
34497090000190;SIM;SIM
34512067000127;SIM;SIM
34545436000188;SIM;SIM
34547923000180;SIM;NÃO
34566103000135;SIM;SIM
34569770000171;SIM;NÃO
34661566000186;SIM;NÃO
34848682000109;SIM;NÃO
34862145000113;SIM;SIM
34878950000135;SIM;SIM
34879889000140;SIM;SIM
34894983000179;SIM;NÃO
34961579000170;SIM;SIM
34976121000195;SIM;SIM
34990695000118;SIM;SIM
35106550000174;SIM;SIM
35140673000121;SIM;NÃO
35156641000114;NÃO;NÃO
35160995000132;SIM;SIM
35215444000129;SIM;SIM
35278481000186;SIM;SIM
35291356000106;SIM;SIM
35322340000113;SIM;NÃO
35332262000138;SIM;SIM
35466924000162;SIM;SIM
35467612000173;NÃO;NÃO
35501802000160;SIM;SIM
35512279000177;SIM;SIM
35526038000187;SIM;SIM
35542681000102;SIM;SIM
35581684000228;NÃO INFORMADO;NÃO INFORMADO
35591363000123;SIM;NÃO
35594132000173;SIM;SIM
35607785000140;SIM;NÃO
35613734000120;SIM;SIM
35687167000157;SIM;SIM
35690683000130;NÃO;NÃO
35707370000148;SIM;SIM
35759395000195;SIM;SIM
35761239000169;SIM;SIM
35771455000195;SIM;SIM
35779137000170;SIM;NÃO
35791391000194;NÃO;NÃO
35819357000180;NÃO;NÃO
35889196000100;SIM;SIM
36013815000152;SIM;SIM
36056847000135;SIM;SIM
36063736000156;SIM;SIM
36104613000116;SIM;SIM
36150782000192;SIM;SIM
36159636000128;SIM;SIM
36182742000122;SIM;SIM
36182770000140;SIM;NÃO
36195319000167;NÃO;NÃO
36237531000140;SIM;SIM
36278741000186;SIM;SIM
36295820000103;SIM;NÃO
36297792000155;SIM;SIM
36313123000120;SIM;NÃO
36354460000165;SIM;SIM
36362125000109;SIM;NÃO
36427589000156;SIM;SIM
36433416000140;SIM;SIM
36433929000151;SIM;SIM
36448613000133;SIM;NÃO
36467696000108;SIM;SIM
36480042000114;SIM;NÃO
36488155000166;SIM;SIM
36542025000164;NÃO;NÃO
36546479000103;SIM;SIM
36572359000180;SIM;SIM
36659500000187;SIM;SIM
36664347000186;SIM;SIM
36728698000103;SIM;SIM
36789965000152;SIM;SIM
36790936000100;SIM;SIM
36802176000104;SIM;SIM
36817239000104;SIM;SIM
36825468000162;SIM;SIM
36850810000184;SIM;SIM
36863091000136;SIM;SIM
36889054000105;SIM;SIM
36988975000117;SIM;SIM
36990904000159;SIM;SIM
36997595000149;SIM;SIM
37020842000115;SIM;SIM
37027439000118;SIM;SIM
37030456000104;SIM;SIM
37056893000105;SIM;SIM
37062698000180;SIM;SIM
37078948000170;SIM;SIM
37126329000103;SIM;SIM
37130277000149;SIM;SIM
37203849000172;SIM;SIM
37213095000131;SIM;SIM
37218204000103;SIM;SIM
37232243000165;SIM;SIM
37251368000132;SIM;NÃO
37266720000103;SIM;NÃO
37282582000156;SIM;SIM
37293183000190;NÃO INFORMADO;NÃO INFORMADO
37298349000161;SIM;SIM
37303069000102;SIM;SIM
37304444000120;SIM;SIM
37330026000108;SIM;SIM
37386213000103;SIM;SIM
37388029000100;SIM;SIM
37400706000150;SIM;SIM
37413686000152;SIM;SIM
37417692000188;SIM;SIM
37474011000113;SIM;SIM
37497174000111;SIM;SIM
37517779000127;SIM;SIM
37551204000120;NÃO INFORMADO;NÃO INFORMADO
37576590000105;SIM;SIM
37591583000182;SIM;NÃO
37635766000152;SIM;SIM
37732225000142;SIM;SIM
37744444000141;SIM;SIM
37764010000103;SIM;SIM
37815427000158;SIM;SIM
37825895000103;SIM;SIM
37869132000164;SIM;SIM
37962927000112;SIM;SIM
38049207000123;SIM;SIM
38049422000124;NÃO INFORMADO;NÃO INFORMADO
38099863000130;SIM;SIM
38116631000143;SIM;SIM
38117846000189;SIM;SIM
38128616000115;SIM;NÃO
38158611000135;SIM;SIM
38179973000102;SIM;SIM
38196647000103;SIM;SIM
38276124000177;SIM;SIM
38311503000150;SIM;SIM
38320220000175;SIM;SIM
38344355000170;SIM;NÃO
38347901000127;SIM;NÃO
38426039000148;SIM;SIM
38444587000109;SIM;SIM
38498193000125;SIM;SIM
38634939000180;SIM;SIM
39004296000154;NÃO;NÃO
39251899000150;SIM;NÃO
39252274000103;SIM;SIM
39253400000144;SIM;NÃO
39333035000188;SIM;SIM
39406450000114;SIM;SIM
39410375000165;SIM;SIM
39416343000177;SIM;SIM
39442730000188;SIM;NÃO
39452135000123;SIM;SIM
39466173000135;SIM;SIM
39504409000180;SIM;SIM
39510475000163;SIM;NÃO
39512797000141;SIM;NÃO
39517428000141;SIM;NÃO
39614681000113;SIM;NÃO
39622479000133;SIM;SIM
39691669000102;SIM;SIM
39741813000178;NÃO INFORMADO;NÃO INFORMADO
39749333000153;SIM;SIM
39819857000173;SIM;SIM
39970945000171;SIM;SIM
39989011000262;NÃO INFORMADO;NÃO INFORMADO
39994328000106;SIM;NÃO
40034188000103;SIM;SIM
40064620000109;SIM;SIM
40091333000198;SIM;SIM
40103414000160;SIM;SIM
40126233000150;SIM;SIM
40148067000192;SIM;SIM
40292279000149;SIM;SIM
40293106000145;SIM;SIM
40329489000164;SIM;SIM
40353964000138;SIM;NÃO
40371057000111;SIM;NÃO
40378638000185;SIM;SIM
40380474000120;SIM;SIM
40393465000174;NÃO INFORMADO;NÃO INFORMADO
40411328000115;SIM;SIM
40432544086866;NÃO;NÃO
40451846000162;SIM;SIM
40455175000108;SIM;SIM
40459343000133;SIM;SIM
40473521000180;SIM;SIM
40480084000122;SIM;SIM
40489796000102;SIM;NÃO
40497178000104;SIM;SIM
40510824000126;SIM;SIM
40593122000153;SIM;NÃO
40598710000180;SIM;SIM
40605402000134;SIM;SIM
40635366000151;SIM;SIM
40635710000102;SIM;SIM
40641654000119;SIM;SIM
40697907000176;SIM;SIM
40701993000143;SIM;SIM
40709932000122;SIM;SIM
40751699000146;SIM;SIM
40853983000123;SIM;NÃO
40880200000109;SIM;SIM
40888270000103;SIM;NÃO
40889050000196;SIM;SIM
40963495000179;SIM;SIM
40967810000136;SIM;SIM
40984042000129;SIM;SIM
40993783000176;SIM;NÃO
41009283000110;NÃO;NÃO
41042606000177;SIM;SIM
41061777000143;SIM;SIM
41067797000121;SIM;SIM
41075229000172;SIM;NÃO
41078442000138;SIM;SIM
41146528000150;SIM;SIM
41180293000113;SIM;SIM
41180576000165;SIM;SIM
41201838000120;SIM;SIM
41290585000109;SIM;SIM
41317724000140;SIM;SIM
41330965000120;NÃO INFORMADO;NÃO INFORMADO
41364416000176;SIM;NÃO
41382709000186;SIM;SIM
41406592000123;SIM;NÃO
41411244000144;SIM;SIM
41440341000165;SIM;SIM
41483894000103;SIM;SIM
41544777000102;SIM;NÃO
41593151000188;SIM;NÃO
41623369000138;SIM;SIM
41652590000114;SIM;SIM
41709490000187;SIM;SIM
41728808000177;SIM;SIM
41764467000195;SIM;SIM
41772673000147;SIM;NÃO
41776604000101;SIM;SIM
41782409000194;SIM;SIM
41802549000187;SIM;SIM
41834853000106;SIM;SIM
41850263000177;SIM;SIM
41851166000107;NÃO INFORMADO;NÃO INFORMADO
41854061000101;SIM;SIM
41941104000188;SIM;SIM
41945992000107;SIM;NÃO
41949929000149;SIM;NÃO
41958779000130;SIM;SIM
41974663000194;SIM;SIM
42021439000140;SIM;SIM
42022353000132;SIM;SIM
42023400000162;SIM;SIM
42075330000196;SIM;SIM
42078635000151;SIM;NÃO
42079049000121;SIM;SIM
42111209000172;SIM;SIM
42114316000154;SIM;SIM
42142392000173;SIM;SIM
42207370000144;SIM;SIM
42214683000120;SIM;SIM
42221215000182;SIM;SIM
42227312000182;SIM;SIM
42233194000115;SIM;SIM
42242122000134;SIM;SIM
42253011000123;SIM;SIM
42257087000127;SIM;SIM
42266990000154;SIM;SIM
42281461000120;SIM;NÃO
42283198000108;SIM;SIM
42313134000102;SIM;SIM
42323482000160;SIM;NÃO
42329156000160;SIM;SIM
42331462000131;NÃO;NÃO
42386081000150;SIM;SIM
42387279000158;SIM;NÃO
42398219000130;SIM;SIM
42418322000103;SIM;SIM
42424430000180;SIM;NÃO
42473515000159;SIM;SIM
42530571000188;SIM;SIM
42542391000116;SIM;SIM
42546884000124;SIM;SIM
42627714000174;SIM;SIM
42717923000109;SIM;NÃO
42733736000119;SIM;NÃO
42761658000166;SIM;SIM
42773420000150;SIM;SIM
42780344000100;SIM;NÃO
42784210000168;SIM;NÃO
42796559000110;SIM;SIM
42846692000133;SIM;NÃO
42852536000185;SIM;SIM
42908225000190;NÃO INFORMADO;NÃO INFORMADO
42921974000158;SIM;NÃO
42935727000100;SIM;SIM
42967150000119;SIM;NÃO
42990772000168;NÃO INFORMADO;NÃO INFORMADO
43014143000165;SIM;SIM
43019550000165;NÃO INFORMADO;NÃO INFORMADO
43023642000119;SIM;SIM
43032931000184;SIM;SIM
43033061000168;SIM;SIM
43066675000146;SIM;SIM
43091821000193;NÃO INFORMADO;NÃO INFORMADO
43093793000143;SIM;SIM
43103487000140;SIM;SIM
43174991000131;SIM;SIM
43199284000108;SIM;SIM
43218703000101;SIM;SIM
43237998000155;SIM;NÃO
43264607000191;SIM;NÃO
43312249000145;SIM;NÃO
43322235000102;SIM;SIM
43324468000144;SIM;SIM
43330304000120;SIM;NÃO
43356434000131;SIM;SIM
43366904000148;SIM;SIM
43400566000113;SIM;NÃO
43408199000102;SIM;NÃO
43408342000158;SIM;NÃO
43408349000170;SIM;SIM
43432704000146;SIM;SIM
43442122000140;SIM;SIM
43484465000178;SIM;SIM
43489051000131;SIM;NÃO
43510352000108;SIM;SIM
43555063000117;SIM;SIM
43609953000164;SIM;SIM
43623053000171;SIM;SIM
43631700000197;SIM;SIM
43655689000103;SIM;SIM
43724693000178;SIM;SIM
43778670000146;SIM;SIM
43805096000178;SIM;SIM
43809762000146;SIM;NÃO
43814397000168;SIM;SIM
43821596000101;SIM;NÃO
43829246000183;SIM;SIM
43850145000275;NÃO INFORMADO;NÃO INFORMADO
43940989000126;NÃO INFORMADO;NÃO INFORMADO
43958152000104;SIM;SIM
44024832000113;SIM;SIM
44038257000108;NÃO INFORMADO;NÃO INFORMADO
44053339000121;SIM;SIM
44113874000120;SIM;SIM
44115893000196;SIM;SIM
44122272000130;SIM;SIM
44145201000152;SIM;NÃO
44157539000124;SIM;SIM
44190330000162;SIM;NÃO
44208628000152;SIM;SIM
44217775000199;SIM;SIM
44236273000105;SIM;SIM
44329278000182;SIM;SIM
44353832000167;SIM;SIM
44382226000170;SIM;SIM
44389739000102;SIM;SIM
44414271000169;SIM;SIM
44432743000106;NÃO INFORMADO;NÃO INFORMADO
44454162000175;SIM;SIM
44454664000104;SIM;SIM
44473274000173;SIM;SIM
44485179000190;SIM;SIM
44490428000135;SIM;SIM
44508328000199;SIM;SIM
44548889000111;NÃO INFORMADO;NÃO INFORMADO
44567343000108;SIM;SIM
44579257000115;SIM;NÃO
44598646000198;SIM;SIM
44606019000151;SIM;SIM
44618891000110;SIM;NÃO
44629397000150;SIM;SIM
44672539000162;SIM;SIM
44712953000158;SIM;SIM
44727509000106;SIM;SIM
44729362000193;SIM;SIM
44756875000193;SIM;SIM
44786199000109;SIM;SIM
44813559000106;NÃO INFORMADO;NÃO INFORMADO
44814017000158;SIM;SIM
44833071000140;SIM;SIM
44835638000118;SIM;SIM
44868754000133;SIM;SIM
44878959000108;SIM;SIM
44884986000185;SIM;SIM
44919885000100;SIM;SIM
44920736000153;SIM;SIM
44963162000109;SIM;SIM
44974622000196;SIM;SIM
45021985000170;SIM;SIM
45025390000192;SIM;SIM
45034411000136;SIM;SIM
45043115000100;SIM;SIM
45065730000109;SIM;SIM
45094300000115;SIM;SIM
45099399000148;SIM;SIM
45127298000133;SIM;SIM
45146761000194;SIM;SIM
45154453000100;SIM;NÃO
45173005000154;SIM;SIM
45173115000116;SIM;SIM
45178505000189;SIM;SIM
45203145000128;SIM;NÃO
45213704000180;SIM;NÃO
45232646000132;SIM;SIM
45240740000133;SIM;SIM
45251269000189;SIM;SIM
45256124000170;SIM;SIM
45287831000124;SIM;SIM
45407493000117;SIM;SIM
45424360000159;SIM;SIM
45444002000108;SIM;SIM
45459835000142;SIM;SIM
45463040000108;SIM;NÃO
45476019000147;SIM;SIM
45492450000187;SIM;NÃO
45518771000103;SIM;SIM
45540474000164;NÃO INFORMADO;NÃO INFORMADO
45564837000100;SIM;SIM
45565696000131;SIM;SIM
45592879000146;SIM;SIM
45593025000184;NÃO INFORMADO;NÃO INFORMADO
45600579000161;SIM;SIM
45613260000170;SIM;SIM
45677083000196;SIM;SIM
45701152000150;SIM;SIM
45737193000104;SIM;SIM
45789735000184;NÃO INFORMADO;NÃO INFORMADO
45790701000100;SIM;NÃO
45812026000172;SIM;NÃO
45815020000159;SIM;SIM
45831324000100;SIM;SIM
45846859000154;SIM;NÃO
45847821000104;SIM;NÃO
45866740000143;SIM;SIM
45898765000129;SIM;SIM
45980376000148;SIM;SIM
46015576000123;SIM;SIM
46025150000150;SIM;NÃO
46073720000188;SIM;SIM
46108207000185;SIM;SIM
46112003000118;SIM;NÃO
46157948000156;SIM;SIM
46182311000110;SIM;SIM
46187661000179;SIM;SIM
46192326000169;SIM;SIM
46202112000126;NÃO INFORMADO;NÃO INFORMADO
46204089000109;SIM;SIM
46243834000129;SIM;SIM
46253112000155;SIM;SIM
46257221000140;SIM;SIM
46305866000101;SIM;SIM
46323667000126;SIM;SIM
46353616000147;SIM;SIM
46353788000110;SIM;SIM
46358232000117;SIM;SIM
46362150000146;SIM;NÃO
46378499000176;SIM;NÃO
46392779000139;SIM;SIM
46395012000163;SIM;SIM
46413565000100;SIM;NÃO
46456509000144;SIM;SIM
46513307000197;SIM;SIM
46518540000162;SIM;SIM
46552546000156;SIM;NÃO
46563756000140;SIM;NÃO
46600662000101;SIM;SIM
46601259000199;SIM;SIM
46608896000197;SIM;SIM
46617576000101;SIM;NÃO
46621958000109;SIM;SIM
46635938000189;SIM;NÃO
46636075000164;SIM;SIM
46639727000114;SIM;SIM
46643105000160;SIM;SIM
46685422000149;SIM;SIM
46696040000110;SIM;SIM
46714504000174;SIM;SIM
46720873000170;SIM;SIM
46806447000153;SIM;SIM
46846642000107;SIM;SIM
46892672000150;SIM;SIM
46903329000163;SIM;SIM
46908347000138;SIM;SIM
46915296000171;SIM;SIM
46920381000128;SIM;SIM
46959974000106;NÃO INFORMADO;NÃO INFORMADO
46974893000177;SIM;SIM
46999390000156;SIM;NÃO
47017309000158;SIM;SIM
47043907000100;SIM;NÃO
47077591000169;SIM;NÃO
47085017000152;SIM;SIM
47115451000138;NÃO INFORMADO;NÃO INFORMADO
47116667000118;SIM;SIM
47123261000162;SIM;SIM
47129637000146;SIM;SIM
47141441000177;SIM;NÃO
47141719000106;NÃO;NÃO
47171185000160;SIM;SIM
47194132000165;SIM;SIM
47237033000113;SIM;SIM
47240591000138;SIM;NÃO
47247858000119;SIM;SIM
47266782000179;SIM;SIM
47281756000110;SIM;SIM
47298355000172;SIM;SIM
47309055000141;SIM;SIM
47373834000106;SIM;SIM
47398111000161;SIM;SIM
47401080000150;SIM;NÃO
47417874000102;SIM;SIM
47425869000141;SIM;SIM
47430449000153;SIM;SIM
47432360000126;SIM;SIM
47448742000148;SIM;SIM
47518398000116;NÃO INFORMADO;NÃO INFORMADO
47518478000171;NÃO INFORMADO;NÃO INFORMADO
47571900000152;NÃO INFORMADO;NÃO INFORMADO
47590552000160;SIM;SIM
47607301000141;SIM;SIM
47670220000196;NÃO INFORMADO;NÃO INFORMADO
47693193000177;NÃO INFORMADO;NÃO INFORMADO
47694592000152;SIM;NÃO
47695553000170;SIM;SIM
47710214000115;SIM;NÃO
47731372000151;SIM;NÃO
47741016000119;SIM;SIM
47777659000112;SIM;SIM
47792699000133;NÃO INFORMADO;NÃO INFORMADO
47841638000119;NÃO INFORMADO;NÃO INFORMADO
47885088000130;SIM;SIM
47896651000175;SIM;SIM
47899290000110;SIM;SIM
47899607000119;SIM;SIM
47908395000199;NÃO INFORMADO;NÃO INFORMADO
47949175000103;NÃO INFORMADO;NÃO INFORMADO
47969834000173;NÃO INFORMADO;NÃO INFORMADO
47971904000128;NÃO INFORMADO;NÃO INFORMADO
47977113000105;NÃO INFORMADO;NÃO INFORMADO
47997364000151;NÃO INFORMADO;NÃO INFORMADO
48012864000150;NÃO INFORMADO;NÃO INFORMADO
48014238000100;NÃO INFORMADO;NÃO INFORMADO
48055322000164;NÃO INFORMADO;NÃO INFORMADO
48087532000134;NÃO INFORMADO;NÃO INFORMADO
48123555000157;NÃO INFORMADO;NÃO INFORMADO
48135202000177;NÃO INFORMADO;NÃO INFORMADO
48165539000127;NÃO INFORMADO;NÃO INFORMADO
48166907000151;NÃO INFORMADO;NÃO INFORMADO
48182868000186;NÃO INFORMADO;NÃO INFORMADO
48185525000175;NÃO INFORMADO;NÃO INFORMADO
48190054000193;NÃO INFORMADO;NÃO INFORMADO
48192971000107;NÃO INFORMADO;NÃO INFORMADO
48215134000156;NÃO INFORMADO;NÃO INFORMADO
48225003000150;NÃO INFORMADO;NÃO INFORMADO
48231216000194;NÃO INFORMADO;NÃO INFORMADO
48247540000109;NÃO INFORMADO;NÃO INFORMADO
48259976000100;NÃO INFORMADO;NÃO INFORMADO
48274962000165;NÃO INFORMADO;NÃO INFORMADO
48285790000125;NÃO INFORMADO;NÃO INFORMADO
48288457000170;NÃO INFORMADO;NÃO INFORMADO
48355850000139;NÃO INFORMADO;NÃO INFORMADO
48376257000179;NÃO INFORMADO;NÃO INFORMADO
49875057000123;NÃO;NÃO
50311620000209;NÃO;NÃO
50575109000125;SIM;NÃO
52059797005084;NÃO;NÃO
54030044000193;NÃO;NÃO
55373336000191;NÃO;NÃO
57711111000123;NÃO;NÃO
57951626000109;SIM;NÃO
58119199000151;NÃO;NÃO
58406885000103;NÃO;NÃO
58724766000107;NÃO;NÃO
59026989000155;NÃO;NÃO
60470481000120;NÃO;NÃO
60476884000187;NÃO;NÃO
60701190096373;NÃO;NÃO
60701190307846;NÃO;NÃO
60851615000153;NÃO;NÃO
60884319000159;NÃO;NÃO
61024352000171;NÃO;NÃO
61092037000181;NÃO;NÃO
61374161000130;NÃO;NÃO
61585865184376;NÃO;NÃO
61585865185267;NÃO;NÃO
61856571000117;NÃO;NÃO
62325451000156;NÃO;NÃO
62565254000104;NÃO;NÃO
63194310000104;SIM;NÃO
64100266000199;SIM;NÃO
66379413000307;NÃO;NÃO
66386459000183;SIM;NÃO
66669300000176;NÃO;NÃO
67571414000141;NÃO;NÃO
67578344000153;SIM;NÃO
68765825000483;NÃO;NÃO
70188768000116;SIM;NÃO
71164974000159;SIM;NÃO
71320857003829;NÃO;NÃO
71605265017056;NÃO INFORMADO;NÃO INFORMADO
72263221000244;SIM;NÃO
72760697000100;NÃO;NÃO
73018384000143;SIM;NÃO
73333916000137;NÃO;NÃO
73419186000191;NÃO;NÃO
73547192000205;NÃO;NÃO
77550382000151;NÃO;NÃO
78992807000145;NÃO;NÃO
79069639000183;NÃO;NÃO
79154076004208;NÃO;NÃO
79155297000114;SIM;NÃO
80546781000153;NÃO;NÃO
81884165000175;NÃO;NÃO
82472838000495;NÃO;NÃO
83242388000164;NÃO;NÃO
83308932000123;SIM;NÃO
84693183000168;NÃO;NÃO
85118446000178;SIM;NÃO
85382372000182;SIM;NÃO
85778074000106;NÃO;NÃO
86375425000109;NÃO;NÃO
86550951000150;NÃO;NÃO
87416665002021;NÃO;NÃO
87762563000103;NÃO;NÃO
89463822000112;NÃO;NÃO
89656565000135;SIM;NÃO
91062497000128;NÃO;NÃO
92501220000117;NÃO;NÃO
92660570000126;NÃO;NÃO
92664093000177;NÃO;NÃO
92672971000104;NÃO;NÃO
92690783000109;NÃO;NÃO
93044865000130;NÃO;NÃO
93563179000176;NÃO;NÃO
93583201000140;SIM;SIM
94115003000203;NÃO INFORMADO;NÃO INFORMADO
95426862000197;NÃO;NÃO
00001180000126;NÃO;NÃO
00027568000104;SIM;NÃO
00272185000193;NÃO;NÃO
00292951000181;NÃO;NÃO
00359742000108;NÃO;NÃO
00705885000124;SIM;NÃO
00743065000127;NÃO;NÃO
00905274000120;NÃO;NÃO
00938574000105;NÃO;NÃO
00940094000189;SIM;NÃO
00952190000147;SIM;NÃO
01024410000135;SIM;NÃO
01145350000109;SIM;NÃO
01192145000102;SIM;NÃO
01258383001560;NÃO;NÃO
01275327000139;NÃO;NÃO
01303034000118;NÃO;NÃO
01310996000102;SIM;NÃO
01358206000150;SIM;NÃO
01437408018488;NÃO;NÃO
01493962000192;SIM;NÃO
01499960000100;NÃO;NÃO
01502366000121;NÃO;NÃO
01552584000170;NÃO;NÃO
01567033000180;NÃO;NÃO
01702044000126;SIM;NÃO
01848899000160;NÃO;NÃO
01864539000151;SIM;NÃO
01896779000138;NÃO;NÃO
01902988000147;NÃO;NÃO
01959093000149;SIM;NÃO
02058135000648;NÃO;NÃO
02062747000108;NÃO;NÃO
02090385000150;SIM;NÃO
02116756000630;NÃO;NÃO
02143447000145;SIM;NÃO
02190776000147;NÃO;NÃO
02221767000176;SIM;NÃO
02306233000142;NÃO;NÃO
02351710000191;SIM;NÃO
02374712000104;SIM;NÃO
02377966000178;SIM;NÃO
02400544000176;NÃO;NÃO
02413595000132;NÃO;NÃO
02429144000193;NÃO;NÃO
02455233000295;NÃO;NÃO
02503007000151;SIM;NÃO
02572726000396;NÃO;NÃO
02592468000148;NÃO;NÃO
02627734000120;SIM;NÃO
02690617000101;NÃO;NÃO
02717253000106;NÃO;NÃO
02777018000120;SIM;NÃO
02808951000117;SIM;NÃO
02815916000125;NÃO;NÃO
02982595000315;SIM;NÃO
03031110000109;NÃO;NÃO
03214835000132;NÃO;NÃO
03251299000145;SIM;NÃO
03286294000239;NÃO INFORMADO;NÃO INFORMADO
03289885000189;NÃO;NÃO
03335066000120;SIM;NÃO
03634854000118;NÃO;NÃO
03646240000156;SIM;NÃO
03806375000131;NÃO;NÃO
03975556000949;NÃO INFORMADO;NÃO INFORMADO
04031259000150;SIM;NÃO
04059089000112;SIM;NÃO
04084225000124;NÃO;NÃO
04178803000191;NÃO;NÃO
04257490000167;NÃO;NÃO
04320900000410;NÃO INFORMADO;NÃO INFORMADO
04386360000124;SIM;NÃO
04441466000183;SIM;NÃO
04632983000130;NÃO;NÃO
04817271000195;NÃO;NÃO
04911272000102;SIM;NÃO
04919180000160;SIM;NÃO
04932206000100;NÃO;NÃO
05095976000109;NÃO;NÃO
05111857000283;NÃO;NÃO
05202433000143;NÃO;NÃO
05335387000150;SIM;SIM
05389828000105;NÃO;NÃO
05392152000281;NÃO;NÃO
05405057000194;SIM;NÃO
05410182000192;NÃO;NÃO
05466436000194;SIM;NÃO
05513407000306;NÃO;NÃO
05558038000106;SIM;NÃO
05916013000129;SIM;NÃO
05917486000140;NÃO;NÃO
05930194000148;SIM;NÃO
05958876000169;NÃO;NÃO
05995104000105;NÃO;NÃO
06061613000115;SIM;NÃO
06097808000115;SIM;NÃO
06147692000181;NÃO;NÃO
06196002000184;NÃO;NÃO
06218121000190;NÃO;NÃO
06248184000190;SIM;NÃO
06307256000122;SIM;NÃO
06322268000126;SIM;NÃO
06887879000111;SIM;NÃO
06926990000170;SIM;NÃO
07016313000187;SIM;NÃO
07095517000150;NÃO;NÃO
07113559000258;NÃO;NÃO
07126604000128;SIM;SIM
07237373000120;NÃO;NÃO
07241758000160;NÃO;NÃO
07249680000120;SIM;NÃO
07386659005640;NÃO;NÃO
07471904000144;SIM;NÃO
07473735018552;NÃO INFORMADO;NÃO INFORMADO
07485047000131;NÃO;NÃO
07504455000193;SIM;NÃO
07508663000160;SIM;NÃO
07639451000112;NÃO;NÃO
07640883000143;SIM;NÃO
07781092000133;SIM;NÃO
07782522000212;SIM;NÃO
07789170000146;NÃO;NÃO
07826440000141;SIM;NÃO
07896106000164;NÃO;NÃO
07924372000153;SIM;NÃO
07992628000160;SIM;NÃO
08041751000168;NÃO;NÃO
08119968000143;SIM;NÃO
08145257000143;SIM;NÃO
08159579000141;NÃO;NÃO
08165642000667;NÃO;NÃO
08201838000155;SIM;NÃO
08229030001743;NÃO;NÃO
08286063000168;NÃO;NÃO
08294224000165;NÃO;NÃO
08324196000181;NÃO;NÃO
08406209000323;NÃO;NÃO
08409890000100;NÃO;NÃO
08443732000168;NÃO;NÃO
08523934000209;NÃO;NÃO
08536892000151;NÃO;NÃO
08547741000107;NÃO;NÃO
08549395000198;NÃO;NÃO
08574411000100;NÃO;NÃO
08626333000132;NÃO;NÃO
08734970000122;NÃO;NÃO
08735099000181;NÃO;NÃO
08753979000180;NÃO;NÃO
08772172000195;NÃO;NÃO
08779549000138;SIM;NÃO
08784181000104;NÃO;NÃO
08794841000120;NÃO;NÃO
08811643000127;NÃO;NÃO
08834448000112;NÃO;NÃO
08840653000190;NÃO;NÃO
08890075000105;SIM;NÃO
08896214000108;NÃO;NÃO
08898073000316;NÃO;NÃO
08907684000111;NÃO;NÃO
08911336000118;NÃO;NÃO
09083175000184;NÃO;NÃO
09091948000174;SIM;NÃO
09142733000135;NÃO;NÃO
09229201000130;NÃO;NÃO
09261102000135;NÃO;NÃO
09266952000126;NÃO;NÃO
09320382000105;NÃO;NÃO
09383385000198;SIM;NÃO
09411881000108;NÃO;NÃO
09429915000191;NÃO;NÃO
09474489000108;NÃO;NÃO
09477323000145;SIM;NÃO
09492310000145;SIM;NÃO
09512238000170;NÃO;NÃO
09610669000331;NÃO;NÃO
10139870000108;NÃO;NÃO
10279319000151;NÃO;NÃO
10298174000217;NÃO;NÃO
10359801000100;NÃO;NÃO
10447823000113;SIM;NÃO
10545637000117;SIM;NÃO
10626362000146;NÃO;NÃO
10669500000174;SIM;NÃO
10912750000940;NÃO;NÃO
11032386000130;NÃO;NÃO
11055461000188;NÃO;NÃO
11087748000190;SIM;SIM
11122569000146;SIM;SIM
11137051062025;NÃO;NÃO
11206329000391;SIM;NÃO
11243845000124;NÃO;NÃO
11274418000103;SIM;NÃO
11290306000146;NÃO;NÃO
11313674000162;SIM;NÃO
11484202000172;NÃO;NÃO
11529205000185;NÃO;NÃO
11662787000173;SIM;SIM
11830306000191;SIM;NÃO
11899162000120;NÃO;NÃO
11939827000181;SIM;NÃO
11984406000172;SIM;SIM
12006132000100;SIM;NÃO
12025368000193;SIM;SIM
12057493000185;NÃO;NÃO
12071331000100;SIM;NÃO
12088011000154;SIM;SIM
12104241000402;NÃO;NÃO
12123425000177;SIM;SIM
12129885000102;SIM;SIM
12245177000137;SIM;SIM
12270764000186;SIM;NÃO
12302245000152;NÃO;NÃO
12313448000144;SIM;NÃO
12434561000188;NÃO;NÃO
12535655000143;SIM;SIM
12567148000191;SIM;SIM
12665144000146;NÃO;NÃO
12695352000198;SIM;SIM
12811199000117;NÃO;NÃO
12867237000153;SIM;NÃO
12918200000107;SIM;SIM
13064206000127;SIM;SIM
13127481000142;SIM;SIM
13144881000166;NÃO;NÃO
13261555000139;NÃO;NÃO
13291610000133;SIM;SIM
13352740000139;NÃO;NÃO
13388027000145;SIM;SIM
13446211000102;SIM;NÃO
13539715000169;NÃO;NÃO
13574688000165;NÃO;NÃO
13633267000168;NÃO;NÃO
13651396000189;SIM;SIM
13672599000151;NÃO;NÃO
13756238000193;NÃO;NÃO
13782741000113;SIM;NÃO
13785195000336;NÃO;NÃO
13834135000102;SIM;SIM
13898539000151;SIM;SIM
14127601000174;SIM;SIM
14136101000107;SIM;NÃO
14164760000149;SIM;SIM
14222371000122;SIM;SIM
14282901000128;SIM;SIM
14298227000170;SIM;NÃO
14358031000123;SIM;SIM
14393303000126;SIM;SIM
14463671000101;SIM;SIM
14591662000198;NÃO;NÃO
14594799000104;SIM;SIM
14753159000191;SIM;SIM
14807945000124;NÃO;NÃO
14807962000161;SIM;NÃO
14876090000193;NÃO;NÃO
14904722000185;NÃO;NÃO
14941035000130;SIM;NÃO
14951240000186;SIM;NÃO
14971635000140;SIM;SIM
14981707000130;SIM;NÃO
15111320000196;SIM;NÃO
15139629000194;NÃO;NÃO
15221433000306;NÃO;NÃO
15245499000174;NÃO;NÃO
15271848000203;NÃO INFORMADO;NÃO INFORMADO
15293005000127;SIM;NÃO
15378807000130;SIM;SIM
15384564000142;SIM;SIM
15466936000180;SIM;SIM
15475922000122;SIM;SIM
15591151000139;SIM;NÃO
15670352000121;SIM;NÃO
15708023000122;SIM;SIM
15916633000111;SIM;SIM
15930196000190;SIM;SIM
16233389000155;NÃO;NÃO
16539161000198;SIM;SIM
16588318000175;SIM;SIM
16590234000176;NÃO;NÃO
16786137000153;SIM;NÃO
16811052000188;SIM;NÃO
16814950000190;NÃO;NÃO
16822807000140;SIM;SIM
17001627000160;NÃO;NÃO
17077702001148;NÃO;NÃO
17095247000131;SIM;SIM
17106272000173;SIM;SIM
17159382000101;NÃO;NÃO
17209520000101;NÃO;NÃO
17242393000657;NÃO;NÃO
17277238000161;NÃO;NÃO
17334843000127;SIM;SIM
17409628000148;NÃO;NÃO
17518144000137;SIM;SIM
17534610000178;NÃO;NÃO
17575756000161;SIM;SIM
17725499000105;SIM;NÃO
17785215000168;NÃO;NÃO
17788352000156;NÃO;NÃO
17795700000112;SIM;NÃO
17956811000163;SIM;NÃO
18089370000102;SIM;NÃO
18105370000159;SIM;NÃO
18123780000122;SIM;SIM
18184239000124;SIM;SIM
18192700000190;SIM;NÃO
18248565000158;SIM;SIM
18255681000285;SIM;NÃO
18258792000164;SIM;NÃO
18291706000115;NÃO;NÃO
18300920000190;SIM;NÃO
18303260000100;SIM;NÃO
18328118025446;NÃO INFORMADO;NÃO INFORMADO
18390713000174;SIM;SIM
18464360000100;SIM;SIM
18475649000124;SIM;NÃO
18485330000180;NÃO;NÃO
18512007000158;NÃO;NÃO
18512843000132;SIM;SIM
18575294000145;SIM;SIM
18585694000131;SIM;SIM
18597829000693;NÃO;NÃO
18631987000108;SIM;SIM
18695123000150;NÃO;NÃO
18719115000104;SIM;SIM
18787605000130;NÃO;NÃO
18829852000151;SIM;NÃO
18834900000108;NÃO;NÃO
19041921000120;SIM;SIM
19052643000107;SIM;NÃO
19090697000167;NÃO;NÃO
19123159000121;SIM;NÃO
19132552000181;SIM;SIM
19167707000115;SIM;NÃO
19198663000190;SIM;SIM
19250804000177;SIM;SIM
19267059000179;SIM;NÃO
19279791000169;SIM;NÃO
19397638000136;SIM;SIM
19424549000131;SIM;SIM
19445056000188;SIM;SIM
19456005000151;SIM;SIM
19523642000101;SIM;NÃO
19553408000119;SIM;NÃO
19590400000122;SIM;SIM
19747222000109;SIM;SIM
19813250000179;SIM;SIM
19815640000188;SIM;SIM
19861515000104;SIM;SIM
19869547000318;NÃO;NÃO
19962343000165;SIM;SIM
19989146000130;NÃO;NÃO
20092216000131;SIM;NÃO
20121785000168;SIM;NÃO
20155787000178;SIM;NÃO
20200750000114;SIM;SIM
20209276000191;NÃO;NÃO
20301323000122;SIM;NÃO
20331199000148;SIM;NÃO
20537662000102;SIM;SIM
20587761000107;SIM;SIM
20622224000142;SIM;NÃO
20698459000118;SIM;SIM
20705243000132;NÃO;NÃO
20740079000102;SIM;NÃO
20781594000122;SIM;SIM
20814880000147;SIM;SIM
20963347000147;SIM;SIM
21039642000174;NÃO;NÃO
21100839000171;SIM;NÃO
21127726000160;SIM;SIM
21168690000162;SIM;NÃO
21188808000114;NÃO;NÃO
21189362000223;NÃO;NÃO
21226595000178;SIM;SIM
21235231000154;SIM;NÃO
21238295000109;SIM;SIM
21245345000185;NÃO;NÃO
21247134000181;SIM;SIM
21255567000189;NÃO;NÃO
21270041000178;SIM;SIM
21272427000119;SIM;SIM
21289536000149;NÃO;NÃO
21403307000103;NÃO;NÃO
21486520000126;SIM;SIM
21550540000119;SIM;SIM
21568365000197;NÃO;NÃO
21632531000177;NÃO;NÃO
21740251000182;NÃO;NÃO
21755272000171;NÃO;NÃO
21778582000101;SIM;SIM
21799050000150;SIM;SIM
21804818000137;SIM;NÃO
21939916000181;NÃO;NÃO
21942200000133;SIM;NÃO
22013419000110;SIM;NÃO
22066845000112;NÃO;NÃO
22091966000114;SIM;SIM
22198057000180;SIM;SIM
22224462000125;NÃO;NÃO
22257017000161;NÃO;NÃO
22259590000104;SIM;NÃO
22311392000142;SIM;SIM
22329755000177;SIM;SIM
22388735000339;NÃO INFORMADO;NÃO INFORMADO
22450898000132;SIM;NÃO
22461690000119;SIM;NÃO
22470809000110;SIM;SIM
22558052000110;SIM;SIM
22595705000131;SIM;SIM
22618155000129;NÃO;NÃO
22672189000100;SIM;SIM
22744224000140;SIM;NÃO
23011475000189;SIM;SIM
23018465000175;SIM;SIM
23081096000165;SIM;SIM
23153443000118;SIM;NÃO
23229433000119;SIM;SIM
23230813000173;SIM;SIM
23274691000117;SIM;SIM
23358865000120;SIM;SIM
23360789000197;SIM;NÃO
23449346000177;SIM;NÃO
23467184000108;SIM;NÃO
23479346000110;SIM;NÃO
23491699000135;SIM;NÃO
23506996000107;NÃO;NÃO
23526760000132;SIM;NÃO
23615961000106;SIM;SIM
23640282000197;NÃO;NÃO
23672893000117;NÃO;NÃO
23673968000184;SIM;SIM
23693886000100;SIM;NÃO
23762648000109;SIM;SIM
23763385000144;SIM;SIM
23765499000123;SIM;NÃO
23770308000111;NÃO;NÃO
23798939000149;SIM;SIM
23856854000170;SIM;NÃO
23872291000103;SIM;SIM
23908951000169;SIM;SIM
23912032000169;SIM;SIM
23986360000100;SIM;SIM
24203535000128;SIM;NÃO
24217437000140;SIM;SIM
24221766000164;SIM;SIM
24234609000193;NÃO;NÃO
24270061000137;NÃO;NÃO
24335883000159;NÃO;NÃO
24392902000189;SIM;SIM
24445966000109;SIM;SIM
24449870000100;SIM;SIM
24510966000137;SIM;SIM
24513384000295;NÃO;NÃO
24536947000180;SIM;SIM
24561218000183;SIM;SIM
24682880000191;SIM;NÃO
24733613000104;SIM;SIM
24784982000118;SIM;NÃO
24818542000134;NÃO;NÃO
24823860000193;SIM;NÃO
24852115000172;SIM;SIM
24890522000174;SIM;SIM
24900061000173;SIM;NÃO
24902930000107;SIM;SIM
24931880000188;SIM;SIM
25009073000175;SIM;SIM
25035814000192;SIM;SIM
25053645000113;SIM;SIM
25101565000196;SIM;SIM
25103710000178;SIM;NÃO
25112074000140;NÃO;NÃO
25118692000106;SIM;SIM
25127505000142;SIM;NÃO
25168981000101;SIM;NÃO
25201910000163;SIM;SIM
25204888000105;SIM;NÃO
25210660000209;NÃO INFORMADO;NÃO INFORMADO
25252907000250;NÃO;NÃO
25282652000197;SIM;SIM
25421475000182;SIM;SIM
25989590000158;SIM;SIM
26032554000164;SIM;SIM
26064720000104;NÃO;NÃO
26073257000167;SIM;NÃO
26109976000190;SIM;NÃO
26161827000170;SIM;NÃO
26175926000101;SIM;SIM
26177643000107;SIM;SIM
26272088000194;NÃO;NÃO
26359706000138;SIM;NÃO
26390441000130;NÃO;NÃO
26399701000139;NÃO;NÃO
26499325000154;SIM;SIM
26519689000159;NÃO;NÃO
26599547000149;SIM;NÃO
26641330000150;SIM;NÃO
26659061000159;NÃO;NÃO
26709481000100;SIM;NÃO
26778665000114;SIM;SIM
26836194000153;SIM;NÃO
26918176000110;NÃO;NÃO
26934449000110;SIM;SIM
27036179000193;SIM;SIM
27041759000179;SIM;SIM
27218590000180;SIM;SIM
27233299000180;NÃO;NÃO
27244996000137;SIM;NÃO
27259205000142;SIM;NÃO
27308056000164;NÃO;NÃO
27390768000175;SIM;NÃO
27613267000100;SIM;SIM
27623624000111;SIM;SIM
27628785000106;SIM;SIM
27707609000151;SIM;SIM
27723108000169;NÃO;NÃO
27819201000171;SIM;SIM
27843733000144;SIM;NÃO
27870129000107;SIM;NÃO
27885927000102;SIM;NÃO
27923517000109;NÃO;NÃO
27997351000175;SIM;SIM
28042444000109;NÃO;NÃO
28169546000190;SIM;NÃO
28283235000157;SIM;SIM
28358735000100;SIM;SIM
28386903000171;SIM;NÃO
28430087000156;SIM;NÃO
28431338000117;SIM;NÃO
28448987000120;SIM;NÃO
28477643000140;SIM;NÃO
28502371000190;SIM;SIM
28539361000120;NÃO;NÃO
28541502000149;SIM;SIM
28580303000140;SIM;NÃO
28671740000179;SIM;SIM
28698475000112;SIM;SIM
28704028000129;SIM;NÃO
28756169000195;SIM;NÃO
28786180000106;SIM;NÃO
28786645000110;SIM;NÃO
28792193000180;SIM;NÃO
28798267000195;SIM;SIM
28817634000150;SIM;SIM
28838087000190;SIM;SIM
28959681000139;SIM;SIM
29076659000103;SIM;SIM
29127049000191;SIM;SIM
29188740000185;SIM;NÃO
29214434000176;SIM;NÃO
29285716000164;SIM;SIM
29352947000143;SIM;SIM
29413421000126;SIM;SIM
29418528000167;SIM;SIM
29444814000105;SIM;SIM
29467696000142;SIM;SIM
29493601000165;SIM;SIM
29511628000133;SIM;SIM
29513586000170;NÃO;NÃO
29574869000121;SIM;SIM
29779362000104;SIM;SIM
29810197000106;SIM;NÃO
29843186000122;SIM;NÃO
29844379000106;SIM;NÃO
29859416000141;SIM;SIM
29940980000194;SIM;SIM
29982222000139;SIM;NÃO
29998612000105;SIM;SIM
30003301000130;SIM;SIM
30022451000190;NÃO;NÃO
30035123000129;SIM;NÃO
30054148000170;SIM;SIM
30224914000105;SIM;SIM
30232404000171;NÃO;NÃO
30297937000131;SIM;NÃO
30312173000106;SIM;SIM
30384475000190;SIM;NÃO
30399350000133;SIM;SIM
30478730000163;SIM;SIM
30523008000101;SIM;SIM
30566853000156;SIM;SIM
30647346000147;SIM;NÃO
30649674000182;SIM;SIM
30723886000162;NÃO;NÃO
30732955000102;SIM;NÃO
30740720000154;SIM;SIM
30746985000160;SIM;SIM
30767143000194;SIM;SIM
30829401000110;SIM;SIM
30855082000117;SIM;SIM
30964765000102;SIM;SIM
30973683000124;SIM;SIM
30988438000190;NÃO;NÃO
30991081000108;SIM;NÃO
30994827000129;SIM;NÃO
31066736000196;SIM;NÃO
31078534000164;SIM;SIM
31228506000186;SIM;SIM
31238597000130;SIM;SIM
31291977000139;NÃO;NÃO
31303234000131;SIM;SIM
31306226000149;SIM;NÃO
31404589000117;SIM;SIM
31446125000173;SIM;SIM
31452113002286;NÃO;NÃO
31509434000145;SIM;SIM
31512654000128;SIM;SIM
31537109000196;NÃO;NÃO
31556474000148;SIM;NÃO
31578688000115;SIM;SIM
31650279000182;SIM;SIM
31691428000151;NÃO;NÃO
31691429000104;SIM;SIM
31749578000179;SIM;NÃO
31779953000123;SIM;SIM
31790933000153;SIM;SIM
31807447000109;SIM;SIM
31858524000141;SIM;NÃO
31863783000241;NÃO INFORMADO;NÃO INFORMADO
31930763000165;SIM;SIM
31946125000132;SIM;SIM
31973668000149;SIM;SIM
31980866000130;SIM;NÃO
31984011000187;SIM;NÃO
32065723000165;SIM;NÃO
32074594000171;SIM;SIM
32169580000131;SIM;NÃO
32200036000105;SIM;SIM
32200802000131;SIM;NÃO
32299606000166;SIM;SIM
32300064000102;NÃO;NÃO
32398427000186;SIM;SIM
32403490000163;SIM;SIM
32409565000113;SIM;SIM
32421808000139;SIM;SIM
32512850000165;NÃO;NÃO
32553200000168;SIM;SIM
32586567000188;SIM;SIM
32587497000182;SIM;SIM
32677765000157;SIM;SIM
32761718000197;SIM;SIM
32780529000161;SIM;SIM
32785542000103;SIM;NÃO
32788105000143;SIM;SIM
32849469000196;SIM;NÃO
32899199000128;SIM;NÃO
32937929000138;SIM;NÃO
32945043000136;NÃO;NÃO
33095663000196;SIM;NÃO
33096090000115;NÃO;NÃO
33126271000147;SIM;SIM
33197216000148;SIM;NÃO
33205884000170;SIM;SIM
33208663000155;SIM;NÃO
33214018000145;SIM;SIM
33263624000150;SIM;NÃO
33341007000126;SIM;NÃO
33350891000165;SIM;SIM
33413546000123;SIM;SIM
33414885000124;SIM;NÃO
33416936000157;SIM;SIM
33441101000157;SIM;SIM
33450514000106;SIM;SIM
33453598000123;NÃO;NÃO
33466225000197;SIM;NÃO
33484993000173;SIM;NÃO
33579461000110;SIM;SIM
33664552000153;SIM;SIM
33667377000158;SIM;NÃO
33700381000170;SIM;SIM
33758190000160;SIM;SIM
33807265000155;SIM;SIM
33838092000132;SIM;SIM
33878073000130;SIM;SIM
33907294000199;SIM;NÃO
33922750000170;SIM;SIM
33933728000125;SIM;SIM
33935085000159;SIM;SIM
33960799000117;SIM;SIM
33967340000145;NÃO;NÃO
33970735000105;SIM;SIM
33982905000163;SIM;SIM
34003348000154;SIM;SIM
34023307000120;SIM;SIM
34047624000186;SIM;NÃO
34129741000199;SIM;SIM
34157500000153;SIM;SIM
34229770000122;SIM;SIM
34237547000127;NÃO;NÃO
34266006000127;SIM;SIM
34299152000159;SIM;SIM
34308565000152;SIM;NÃO
34339193000121;SIM;SIM
34380339000182;SIM;NÃO
34393866000121;SIM;NÃO
34398616000184;SIM;NÃO
34433939000161;SIM;NÃO
34451098000115;SIM;NÃO
34474024000102;SIM;SIM
34485991000161;SIM;SIM
34487134000109;SIM;SIM
34542305000147;SIM;NÃO
34595627000154;SIM;NÃO
34601777000123;SIM;SIM
34634317000100;SIM;SIM
34703740000106;SIM;NÃO
34710113000100;SIM;SIM
34732922000105;SIM;SIM
34753812000120;SIM;SIM
34784380000114;SIM;SIM
34796444000105;SIM;NÃO
34814594000196;SIM;NÃO
34881225000116;SIM;NÃO
34903854000108;SIM;NÃO
34949376000169;SIM;SIM
35054684000199;SIM;SIM
35111084000115;SIM;SIM
35124745000147;SIM;SIM
35159926000109;SIM;SIM
35183622000187;SIM;SIM
35204344000105;SIM;NÃO
35206553000180;SIM;SIM
35264888000154;SIM;NÃO
35292676000180;SIM;SIM
35356809000135;SIM;SIM
35374374000151;SIM;SIM
35407454000166;SIM;SIM
35430454000187;SIM;SIM
35460721000169;SIM;SIM
35467432000191;SIM;NÃO
35588336000100;NÃO;NÃO
35602505000100;SIM;SIM
35654782000167;SIM;NÃO
35733409000100;SIM;SIM
35734102000115;NÃO;NÃO
35765998000108;SIM;SIM
35941462000198;SIM;SIM
35959203000194;SIM;SIM
35998468000100;SIM;SIM
36011376000149;SIM;SIM
36023081000192;SIM;NÃO
36028094000154;SIM;NÃO
36069299000188;SIM;SIM
36089184000155;SIM;SIM
36099330000123;SIM;NÃO
36130735000187;SIM;SIM
36137522000187;SIM;SIM
36161190000176;SIM;SIM
36213001000161;SIM;SIM
36234072000140;SIM;SIM
36259987000100;SIM;SIM
36273137000167;SIM;SIM
36277494000101;SIM;SIM
36292818000172;NÃO;NÃO
36312716000171;SIM;NÃO
36320342000136;SIM;SIM
36341909000150;SIM;NÃO
36344474000106;NÃO;NÃO
36352622000126;SIM;SIM
36354291000163;SIM;SIM
36361754000114;SIM;SIM
36386015000187;SIM;SIM
36422328000143;SIM;SIM
36441257000126;SIM;NÃO
36443218000168;SIM;NÃO
36452321000174;SIM;SIM
36478322000198;SIM;SIM
36521452000166;SIM;SIM
36549679000110;SIM;SIM
36573672000133;NÃO;NÃO
36582073000186;SIM;SIM
36582213000116;SIM;SIM
36601622000112;SIM;SIM
36629768000176;SIM;NÃO
36651911000126;SIM;SIM
36733047000101;SIM;NÃO
36735922000194;NÃO;NÃO
36765874000187;SIM;SIM
36771607000112;SIM;SIM
36791459000106;SIM;SIM
36800808000109;SIM;SIM
36801491000117;SIM;SIM
36808911000197;SIM;NÃO
36819208000184;SIM;SIM
36854010000131;SIM;SIM
36867546000191;SIM;SIM
36885237000144;SIM;SIM
36899905000192;SIM;SIM
36930215000159;SIM;SIM
36973054000180;SIM;SIM
36974346000138;SIM;SIM
36977333000112;SIM;SIM
37010970000188;SIM;NÃO
37032368000141;SIM;SIM
37034850000110;SIM;SIM
37104179000137;SIM;SIM
37126691000184;SIM;SIM
37179586000103;SIM;NÃO
37244817000115;SIM;SIM
37310176000150;SIM;SIM
37336867000122;SIM;SIM
37367993000144;SIM;SIM
37378308000185;SIM;NÃO
37379201000151;SIM;NÃO
37397608000101;SIM;SIM
37514590000180;SIM;SIM
37519417000175;SIM;NÃO
37559859000145;SIM;SIM
37604862000133;SIM;SIM
37633531000121;SIM;SIM
37694781000171;SIM;SIM
37700393000156;SIM;SIM
37763961000168;SIM;SIM
37778077000105;SIM;SIM
37787864000105;SIM;NÃO
37800425000195;SIM;NÃO
37862093000173;SIM;SIM
37880866000144;SIM;NÃO
37881459000151;SIM;SIM
37895088000167;SIM;SIM
37904637000112;SIM;SIM
37937259000173;SIM;SIM
37940257000133;SIM;SIM
37948014000141;SIM;SIM
37996225000150;SIM;SIM
38017985000130;SIM;SIM
38099151000111;SIM;SIM
38133379000180;SIM;SIM
38133756000181;SIM;SIM
38152026000128;SIM;SIM
38171754000187;SIM;SIM
38171858000191;SIM;SIM
38193479000100;SIM;SIM
38222227000154;SIM;NÃO
38225734000141;SIM;SIM
38246632000102;SIM;NÃO
38271421000120;SIM;SIM
38276188000178;SIM;NÃO
38310700000155;NÃO INFORMADO;NÃO INFORMADO
38328489000106;NÃO INFORMADO;NÃO INFORMADO
38333618000146;SIM;SIM
38338002000168;SIM;SIM
38349390000182;SIM;SIM
38358173000159;SIM;SIM
38361313000148;SIM;NÃO
38395680000162;SIM;SIM
38398283000144;SIM;SIM
38407415000157;SIM;SIM
38457143000108;SIM;SIM
38462349000118;SIM;SIM
38462814000110;SIM;SIM
38730599000191;NÃO INFORMADO;NÃO INFORMADO
38828104000161;SIM;SIM
38828677000195;SIM;SIM
38925613000102;SIM;SIM
38973125000170;SIM;SIM
39226573000254;NÃO INFORMADO;NÃO INFORMADO
39232949000152;SIM;SIM
39234178000132;SIM;SIM
39267865000154;SIM;SIM
39286750000107;SIM;SIM
39334210000151;SIM;SIM
39351080000165;SIM;NÃO
39359130000150;SIM;SIM
39453438000160;SIM;SIM
39494534000157;SIM;SIM
39502170000100;SIM;NÃO
39502494000148;SIM;SIM
39512277000139;SIM;SIM
39514973000184;SIM;SIM
39519437000171;SIM;NÃO
39531671000114;SIM;SIM
39600216000123;SIM;NÃO
39621854000120;SIM;SIM
39624891000192;SIM;SIM
39650019000119;SIM;SIM
39723704000128;SIM;SIM
39729031000113;SIM;SIM
39747251000170;SIM;SIM
39822067000147;SIM;SIM
39838251000185;SIM;NÃO
39870005000100;SIM;NÃO
39884072000184;SIM;SIM
39906812000136;SIM;SIM
39913081000156;SIM;SIM
39931304000108;SIM;SIM
39979654000144;SIM;SIM
39998931000166;SIM;NÃO
40074005000183;SIM;SIM
40081266000120;SIM;SIM
40092289000130;SIM;SIM
40098207000165;SIM;SIM
40108182000133;SIM;SIM
40123021000119;SIM;SIM
40139213000113;SIM;SIM
40147353000133;SIM;SIM
40159528000122;SIM;NÃO
40164746000155;SIM;SIM
40165505000120;SIM;SIM
40194391000147;NÃO;NÃO
40248081000168;SIM;SIM
40263023000103;SIM;SIM
40284170000160;SIM;SIM
40288277000186;SIM;SIM
40313244000149;SIM;SIM
40323457000151;SIM;SIM
40337136000106;NÃO INFORMADO;NÃO INFORMADO
40351072000106;SIM;SIM
40366281000115;SIM;SIM
40381540000187;SIM;SIM
40442593000160;SIM;SIM
40476124000162;SIM;SIM
40508670000138;SIM;NÃO
40531498000133;SIM;SIM
40544196000108;SIM;NÃO
40576501000135;SIM;SIM
40587175000161;NÃO INFORMADO;NÃO INFORMADO
40602355000175;SIM;SIM
40645795000100;SIM;NÃO
40669802000103;SIM;SIM
40677013000114;SIM;SIM
40682576000109;SIM;SIM
40685267000184;SIM;SIM
40693683000124;SIM;SIM
40738687000181;SIM;SIM
40754914000162;SIM;SIM
40756148000175;SIM;SIM
40765202000149;SIM;SIM
40776766000187;SIM;SIM
40791537000131;SIM;SIM
40841728013653;NÃO INFORMADO;NÃO INFORMADO
40880010000183;SIM;SIM
40903009000127;SIM;SIM
40961748000175;SIM;SIM
40965684000180;SIM;SIM
41003359000108;SIM;SIM
41023048000100;SIM;SIM
41050195000161;NÃO INFORMADO;NÃO INFORMADO
41070348000132;NÃO INFORMADO;NÃO INFORMADO
41070808000122;SIM;SIM
41110151000180;SIM;NÃO
41114863000177;SIM;SIM
41141509000131;SIM;NÃO
41179827000191;SIM;SIM
41194068000136;SIM;SIM
41204155000127;SIM;NÃO
41207582000169;SIM;SIM
41249546000168;SIM;SIM
41281682000135;NÃO INFORMADO;NÃO INFORMADO
41285299000155;SIM;SIM
41303265000146;SIM;SIM
41361592000154;SIM;SIM
41371884000178;SIM;SIM
41435266000144;SIM;SIM
41467636000125;SIM;SIM
41480635000110;SIM;SIM
41535983000148;SIM;SIM
41565628000111;SIM;SIM
41592102000120;SIM;SIM
41604969000159;SIM;SIM
41620240000176;SIM;SIM
41663254000177;SIM;SIM
41694245000143;SIM;SIM
41730865000190;SIM;SIM
41744747000131;SIM;SIM
41759740000193;SIM;SIM
41760968000101;SIM;NÃO
41770493000126;NÃO INFORMADO;NÃO INFORMADO
41852244000180;SIM;SIM
41853136000121;NÃO;NÃO
41877075000132;SIM;SIM
41891301000130;SIM;SIM
41904271000159;SIM;NÃO
41922409000142;SIM;SIM
41922441000128;SIM;SIM
41940544000110;SIM;SIM
41987469000143;SIM;SIM
42075928000185;SIM;SIM
42124728000175;SIM;SIM
42178479000109;SIM;NÃO
42192467000120;SIM;SIM
42221172000135;SIM;SIM
42257206000141;SIM;SIM
42258280000182;SIM;SIM
42269987000194;NÃO INFORMADO;NÃO INFORMADO
42278692000184;SIM;SIM
42326832000142;SIM;SIM
42350773000148;SIM;SIM
42360143000154;SIM;SIM
42394654000197;SIM;SIM
42430212000159;SIM;NÃO
42446290000141;SIM;SIM
42474495000130;NÃO INFORMADO;NÃO INFORMADO
42506965000109;SIM;SIM
42507000000122;SIM;SIM
42529218000188;SIM;SIM
42535421000167;SIM;SIM
42539878000140;SIM;SIM
42568423000152;SIM;SIM
42580867000103;SIM;SIM
42588515000102;SIM;NÃO
42613772000149;SIM;SIM
42649555000109;SIM;SIM
42665217000160;SIM;SIM
42675243000170;SIM;SIM
42747852000197;SIM;SIM
42773278000141;SIM;SIM
42829065000194;SIM;SIM
42837469000120;SIM;SIM
42838476000146;SIM;NÃO
42848001000130;SIM;SIM
42866025000112;SIM;NÃO
42892904000119;SIM;NÃO
42938445000167;NÃO INFORMADO;NÃO INFORMADO
42987035000106;SIM;SIM
43036691000196;NÃO INFORMADO;NÃO INFORMADO
43053623000135;SIM;SIM
43055620000130;SIM;SIM
43058896000172;SIM;SIM
43069532000198;SIM;SIM
43086618000129;NÃO INFORMADO;NÃO INFORMADO
43115074000186;SIM;NÃO
43137802000150;SIM;NÃO
43139818000100;SIM;NÃO
43224220000101;SIM;SIM
43288042000182;NÃO;NÃO
43316337000115;SIM;SIM
43328576000195;SIM;NÃO
43433574000166;SIM;SIM
43468037000151;SIM;SIM
43474863000103;SIM;SIM
43478621000198;SIM;SIM
43514212000108;SIM;SIM
43558746000128;SIM;NÃO
43583910000157;SIM;SIM
43587626000159;SIM;NÃO
43615264000162;SIM;SIM
43677112000194;SIM;NÃO
43693268000169;SIM;SIM
43724512000103;SIM;NÃO
43757316000135;SIM;NÃO
43767330000110;SIM;SIM
43794641000178;SIM;SIM
43934014000195;SIM;SIM
43956131000150;SIM;NÃO
43958661000137;SIM;NÃO
43977766000133;SIM;NÃO
44000494000180;SIM;NÃO
44023864000102;NÃO INFORMADO;NÃO INFORMADO
44030446000134;SIM;SIM
44030548000150;SIM;NÃO
44062254000100;SIM;SIM
44112048000167;SIM;SIM
44121082000106;SIM;SIM
44155899000197;SIM;SIM
44285347000101;SIM;SIM
44292893000161;SIM;SIM
44305583000134;SIM;SIM
44393368000132;SIM;NÃO
44422700000140;SIM;SIM
44426574000100;SIM;SIM
44453374000138;SIM;SIM
44465462000150;SIM;SIM
44466901000149;SIM;SIM
44479159000106;SIM;NÃO
44482779000102;SIM;SIM
44489180000192;SIM;SIM
44492240000126;SIM;SIM
44493790000160;SIM;SIM
44517349000170;SIM;SIM
44518019000108;SIM;SIM
44538570000105;SIM;SIM
44543599000185;SIM;NÃO
44546303000180;SIM;SIM
44556544000100;SIM;NÃO
44575979000100;SIM;SIM
44634397000149;SIM;NÃO
44697678000140;SIM;SIM
44730119000195;SIM;SIM
44748182000159;SIM;SIM
44775704000101;SIM;SIM
44826746000124;SIM;SIM
44835557000118;SIM;NÃO
44877087000155;SIM;SIM
44960570000107;SIM;SIM
44974644000156;SIM;SIM
44980881000120;SIM;SIM
45006710000167;SIM;SIM
45011973000164;SIM;SIM
45045278000113;SIM;SIM
45050506000143;SIM;SIM
45058753000196;SIM;SIM
45066771000110;SIM;SIM
45087659000165;NÃO INFORMADO;NÃO INFORMADO
45098211000147;SIM;NÃO
45196089000141;SIM;NÃO
45250039000103;SIM;SIM
45310022000196;SIM;SIM
45311014000164;SIM;SIM
45326331000154;SIM;SIM
45348022000185;SIM;NÃO
45456056000193;NÃO INFORMADO;NÃO INFORMADO
45475077000156;SIM;SIM
45477201000112;SIM;SIM
45496467000102;SIM;SIM
45503922000150;SIM;SIM
45532201000178;SIM;SIM
45568461000101;SIM;NÃO
45572977000111;SIM;SIM
45616983000123;SIM;SIM
45627258000150;SIM;SIM
45644540000146;SIM;SIM
45651649000100;SIM;NÃO
45675090000159;SIM;SIM
45700335000150;NÃO INFORMADO;NÃO INFORMADO
45703373000167;SIM;SIM
45715309000104;SIM;SIM
45755941000173;SIM;SIM
45772115000132;SIM;NÃO
45779537000130;SIM;SIM
45836878000108;SIM;SIM
45868324000184;SIM;SIM
45898669000180;SIM;SIM
45899586000106;SIM;SIM
45906597000176;SIM;SIM
45944015000146;SIM;SIM
45963529000149;SIM;NÃO
45974415000102;SIM;SIM
46066670000101;SIM;SIM
46067521000167;SIM;SIM
46082892000118;SIM;SIM
46086870000126;SIM;SIM
46137314000131;SIM;NÃO
46196495000177;SIM;SIM
46200049000199;SIM;SIM
46250482000139;SIM;SIM
46311814000148;SIM;SIM
46318115000120;SIM;SIM
46323352000189;SIM;SIM
46339566000143;SIM;SIM
46342775000146;SIM;SIM
46376701000120;SIM;SIM
46388461000184;SIM;SIM
46400137000134;SIM;SIM
46405134000193;SIM;SIM
46436545000146;NÃO INFORMADO;NÃO INFORMADO
46456247000118;SIM;NÃO
46471674000175;SIM;NÃO
46484134000126;SIM;SIM
46528200000112;SIM;SIM
46548990000106;SIM;SIM
46588910000138;SIM;SIM
46604276000180;SIM;SIM
46749093000152;SIM;SIM
46787070000132;SIM;NÃO
46789813000103;SIM;SIM
46803245000158;SIM;NÃO
46806177000180;SIM;SIM
46813217000111;SIM;NÃO
46818730000103;SIM;SIM
46828888000156;SIM;SIM
46845714000100;SIM;SIM
46849841000179;SIM;SIM
46886859000140;NÃO;NÃO
46892180000164;SIM;SIM
46897578000193;SIM;SIM
46916296000196;SIM;SIM
46920332000195;SIM;SIM
46939982000182;SIM;NÃO
46950688000171;SIM;SIM
46964050000190;SIM;NÃO
46973452000150;NÃO INFORMADO;NÃO INFORMADO
46985282000124;SIM;SIM
46997674000103;SIM;NÃO
47006775000138;SIM;SIM
47017472000110;SIM;SIM
47024960000155;SIM;SIM
47026986000132;SIM;SIM
47032531000120;SIM;SIM
47073768000159;SIM;NÃO
47075159000139;SIM;SIM
47126298000144;SIM;SIM
47185981000152;SIM;NÃO
47193634000171;SIM;NÃO
47199089000120;SIM;SIM
47217065000157;NÃO INFORMADO;NÃO INFORMADO
47219707000157;SIM;SIM
47228708000168;NÃO INFORMADO;NÃO INFORMADO
47239263000111;SIM;NÃO
47250896000120;NÃO INFORMADO;NÃO INFORMADO
47259964000112;SIM;SIM
47268434000130;SIM;SIM
47280851000107;SIM;SIM
47304190000102;SIM;SIM
47322751000198;SIM;SIM
47335949000106;SIM;SIM
47351514000155;SIM;SIM
47353011000119;SIM;SIM
47372379000124;SIM;SIM
47378938000103;SIM;SIM
47383398000156;SIM;SIM
47411959000183;SIM;SIM
47435703000106;SIM;SIM
47457960000149;SIM;NÃO
47472817000126;SIM;SIM
47474066000187;SIM;SIM
47607573000141;SIM;SIM
47627731000125;SIM;SIM
47630325000111;SIM;SIM
47651148000150;SIM;SIM
47669743000112;NÃO INFORMADO;NÃO INFORMADO
47685348000123;SIM;NÃO
47702974000180;SIM;SIM
47705796000141;SIM;SIM
47720650000175;SIM;SIM
47733299000157;SIM;SIM
47753949000126;SIM;SIM
47775227000172;SIM;SIM
47780950000140;SIM;SIM
47811892000174;SIM;SIM
47843121000169;SIM;SIM
47857509000119;SIM;SIM
47876885000150;SIM;SIM
47888529000157;NÃO INFORMADO;NÃO INFORMADO
47920313000121;NÃO INFORMADO;NÃO INFORMADO
47949816000120;NÃO INFORMADO;NÃO INFORMADO
47954984000103;NÃO INFORMADO;NÃO INFORMADO
47993672000109;NÃO INFORMADO;NÃO INFORMADO
48023794000135;NÃO INFORMADO;NÃO INFORMADO
48024001000100;NÃO INFORMADO;NÃO INFORMADO
48030477000146;NÃO INFORMADO;NÃO INFORMADO
48042672000196;NÃO INFORMADO;NÃO INFORMADO
48077480000115;NÃO INFORMADO;NÃO INFORMADO
48091639000156;NÃO INFORMADO;NÃO INFORMADO
48139645000136;NÃO INFORMADO;NÃO INFORMADO
48157355000115;NÃO INFORMADO;NÃO INFORMADO
48170727000143;NÃO INFORMADO;NÃO INFORMADO
48214327000192;NÃO INFORMADO;NÃO INFORMADO
48227667000158;NÃO INFORMADO;NÃO INFORMADO
48254336000107;NÃO INFORMADO;NÃO INFORMADO
48281535000104;NÃO INFORMADO;NÃO INFORMADO
48298314000149;NÃO INFORMADO;NÃO INFORMADO
48302161000166;NÃO INFORMADO;NÃO INFORMADO
48329563000154;NÃO INFORMADO;NÃO INFORMADO
48342122000192;NÃO INFORMADO;NÃO INFORMADO
48342737000119;SIM;NÃO
48358604000130;NÃO INFORMADO;NÃO INFORMADO
48364352000152;NÃO INFORMADO;NÃO INFORMADO
48382557000160;NÃO INFORMADO;NÃO INFORMADO
49810070000102;SIM;NÃO
52369709000162;SIM;NÃO
54239561000177;NÃO;NÃO
56074768000164;SIM;NÃO
56643018000166;NÃO;NÃO
57490534000160;SIM;NÃO
57712184000130;NÃO;NÃO
57715195000173;NÃO;NÃO
58137340002001;NÃO;NÃO
59334979000349;NÃO INFORMADO;NÃO INFORMADO
60746948000112;NÃO;NÃO
60746948169885;NÃO;NÃO
60894730000105;NÃO;NÃO
60941796000451;NÃO;NÃO
61082004000150;NÃO;NÃO
61486650000183;NÃO;NÃO
61526398031906;NÃO;NÃO
63489157000142;SIM;NÃO
67410209000102;NÃO;NÃO
67758532000163;NÃO;NÃO
68143023000199;NÃO;NÃO
68640861000178;SIM;NÃO
68853118000104;SIM;NÃO
72873532000144;SIM;NÃO
73003287000268;NÃO;NÃO
74046731000376;NÃO INFORMADO;NÃO INFORMADO
74123126000190;NÃO;NÃO
74574831000103;SIM;SIM
74661349000100;NÃO;NÃO
76597152000185;NÃO;NÃO
78189040000110;SIM;NÃO
78588415001944;NÃO;NÃO
79342069005970;NÃO;NÃO
80629140000162;NÃO;NÃO
81173635000192;SIM;NÃO
81261976000110;SIM;NÃO
82901000000127;NÃO;NÃO
83878892000155;NÃO;NÃO
85326692000115;SIM;NÃO
85332146000197;SIM;NÃO
87456562000122;NÃO;NÃO
88067780000138;NÃO;NÃO
88071212000100;NÃO;NÃO
88212113002307;NÃO;NÃO
88586565000143;SIM;NÃO
88611835000129;NÃO;NÃO
89086144000116;NÃO;NÃO
90115551000193;SIM;NÃO
90441460000148;NÃO;NÃO
92027325000186;NÃO;NÃO
92702067000196;NÃO;NÃO
92727932000744;NÃO;NÃO
92749225000163;NÃO;NÃO
94768835000130;SIM;NÃO
95602348000165;NÃO;NÃO
97537903000148;SIM;NÃO
00000208012621;NÃO;NÃO
00127993000167;NÃO;NÃO
00217289000103;NÃO;NÃO
00230225000134;SIM;NÃO
00238905000102;SIM;NÃO
00416968000101;NÃO;NÃO
00656484000121;SIM;NÃO
00734543000485;NÃO;NÃO
00754836000181;NÃO;NÃO
00826607000125;NÃO;NÃO
00844150000181;SIM;NÃO
00931718000100;NÃO;NÃO
01039012000192;SIM;NÃO
01060100000176;SIM;SIM
01092686000401;NÃO;NÃO
01183116000176;NÃO;NÃO
01206941002788;NÃO;NÃO
01209459000162;SIM;NÃO
01345202000138;NÃO;NÃO
01417222000177;NÃO;NÃO
01475924000107;SIM;NÃO
01547481000112;NÃO;NÃO
01928043000102;SIM;NÃO
01946013000110;NÃO;NÃO
02023490000177;NÃO;NÃO
02093125000139;SIM;NÃO
02157176000268;NÃO;NÃO
02323453000184;NÃO;NÃO
02351144000118;NÃO;NÃO
02365069000144;NÃO;NÃO
02405951000176;SIM;NÃO
02421421000111;NÃO;NÃO
02545360000285;SIM;NÃO
02558157000162;NÃO;NÃO
02635522000195;NÃO;NÃO
02649725000130;SIM;SIM
02656196001921;NÃO;NÃO
02658560000163;SIM;NÃO
02689510000143;SIM;NÃO
02702824000210;NÃO;NÃO
02847681001206;NÃO;NÃO
03113827000108;NÃO;NÃO
03220438000173;NÃO;NÃO
03228281000122;NÃO;NÃO
03378899000179;SIM;NÃO
03596534000200;NÃO;NÃO
03603270000185;SIM;NÃO
03608241000106;SIM;NÃO
03688666000172;SIM;NÃO
03704338000112;NÃO;NÃO
03761409000119;SIM;NÃO
03762947000128;NÃO;NÃO
03814438000100;SIM;NÃO
03842898000133;NÃO;NÃO
03865570000132;SIM;NÃO
03931322000142;SIM;NÃO
03996096000188;SIM;NÃO
04019367000108;NÃO;NÃO
04034297000167;NÃO;NÃO
04098240000121;SIM;NÃO
04195220000179;SIM;NÃO
04219777000283;NÃO;NÃO
04241320000194;NÃO;NÃO
04395456000159;SIM;NÃO
04413313000122;SIM;NÃO
04436079000159;SIM;NÃO
04459956000107;NÃO;NÃO
04529120000131;NÃO;NÃO
04665133000138;NÃO;NÃO
04742028000155;SIM;NÃO
04821041000108;NÃO;NÃO
04831608000380;NÃO;NÃO
04957602000192;SIM;NÃO
05236595000100;NÃO;NÃO
05242015000180;NÃO;NÃO
05254957007271;NÃO;NÃO
05314137000134;NÃO;NÃO
05331509000130;NÃO;NÃO
05448446000105;SIM;NÃO
05586517000128;NÃO;NÃO
05610271000182;SIM;NÃO
05655187000347;NÃO INFORMADO;NÃO INFORMADO
05677031000103;NÃO;NÃO
05729328000167;SIM;NÃO
05884669000107;NÃO;NÃO
05906063000125;NÃO;NÃO
06112513000170;NÃO;NÃO
06155276000125;SIM;NÃO
06218990000115;NÃO;NÃO
06292780000258;NÃO INFORMADO;NÃO INFORMADO
06338571000117;NÃO;NÃO
06373224000125;NÃO;NÃO
06555836000139;SIM;NÃO
06696645000197;SIM;NÃO
06867016000182;NÃO;NÃO
06935725000158;NÃO;NÃO
06965725000109;SIM;NÃO
07063080000173;SIM;NÃO
07088778000143;NÃO;NÃO
07110963000197;NÃO;NÃO
07139485000148;SIM;NÃO
07153543000198;SIM;NÃO
07206816000115;NÃO;NÃO
07263531000116;NÃO;NÃO
07328706000126;SIM;NÃO
07341923000156;NÃO;NÃO
07387388000174;SIM;NÃO
07424707000174;NÃO;NÃO
07437016000105;NÃO;NÃO
07447023000198;NÃO;NÃO
07456538000154;SIM;NÃO
07497512000154;NÃO;NÃO
07508834000151;SIM;NÃO
07594978000178;NÃO;NÃO
07605075001036;NÃO INFORMADO;NÃO INFORMADO
07611562000110;NÃO;NÃO
07615169000103;SIM;NÃO
07631274000128;SIM;SIM
07689002000189;NÃO;NÃO
07749873000140;SIM;NÃO
07816890000153;NÃO;NÃO
07820907000146;NÃO;NÃO
07852645000100;SIM;NÃO
07926704003235;NÃO;NÃO
07952246000889;NÃO;NÃO
07957021000149;NÃO;NÃO
08001152000382;NÃO;NÃO
08037841000185;NÃO;NÃO
08045950000144;NÃO;NÃO
08065557000112;NÃO;NÃO
08076862000100;SIM;NÃO
08078416000134;SIM;NÃO
08156855000380;NÃO INFORMADO;NÃO INFORMADO
08193934000107;NÃO;NÃO
08215635000118;NÃO;NÃO
08238386001077;NÃO INFORMADO;NÃO INFORMADO
08251235000168;NÃO;NÃO
08254292000109;SIM;NÃO
08359543000101;SIM;NÃO
08364948000138;NÃO;NÃO
08372297000128;NÃO;NÃO
08390702000130;NÃO;NÃO
08390859000166;SIM;NÃO
08394423000145;NÃO;NÃO
08483818000114;NÃO;NÃO
08486019000100;NÃO;NÃO
08524824000172;NÃO;NÃO
08545821000115;SIM;NÃO
08561701002074;NÃO INFORMADO;NÃO INFORMADO
08565492000174;NÃO;NÃO
08581122000120;SIM;NÃO
08610675000164;NÃO;NÃO
08667627000102;SIM;NÃO
08731619000420;NÃO;NÃO
08753255000137;SIM;NÃO
08777639000190;NÃO;NÃO
08801621000186;NÃO;NÃO
08804234000284;NÃO;NÃO
08841044000156;NÃO;NÃO
08880077000296;NÃO;NÃO
08890986000124;NÃO;NÃO
08895838000100;NÃO;NÃO
08951053000108;SIM;NÃO
09031612000116;NÃO;NÃO
09039859000189;NÃO;NÃO
09047268000153;NÃO;NÃO
09089133000150;SIM;NÃO
09142731000146;SIM;NÃO
09269991000187;NÃO;NÃO
09321806000156;SIM;SIM
09346601000125;NÃO;NÃO
09551402000744;NÃO INFORMADO;NÃO INFORMADO
09631030000170;NÃO;NÃO
09651515000126;SIM;SIM
09654749000127;SIM;NÃO
10215988000160;NÃO;NÃO
10281936000191;SIM;NÃO
10285590018228;NÃO INFORMADO;NÃO INFORMADO
10294251000180;NÃO;NÃO
10336481000245;NÃO;NÃO
10356697000191;NÃO;NÃO
10410381000130;NÃO;NÃO
10441755000185;SIM;NÃO
10454074000151;SIM;NÃO
10493612000117;NÃO;NÃO
10509307000257;NÃO INFORMADO;NÃO INFORMADO
10566074000143;NÃO;NÃO
10574455000255;SIM;NÃO
10904998000102;SIM;NÃO
10928875000101;NÃO;NÃO
10936685000136;SIM;NÃO
10967921000181;NÃO;NÃO
10978921000187;NÃO;NÃO
11103910000116;SIM;NÃO
11109437000184;SIM;NÃO
11140945000125;SIM;NÃO
11188734000162;SIM;NÃO
11234755000177;NÃO;NÃO
11263922000108;NÃO;NÃO
11354997000102;NÃO;NÃO
11428625000175;SIM;NÃO
11461166000121;NÃO;NÃO
11467951000191;SIM;SIM
11500574000145;NÃO;NÃO
11504835000103;SIM;NÃO
11643765000166;SIM;NÃO
11689967000149;SIM;NÃO
11712355000120;NÃO;NÃO
11721921000160;NÃO;NÃO
11850762000101;SIM;SIM
12012897000152;SIM;NÃO
12146258000180;SIM;NÃO
12181987000177;NÃO;NÃO
12274282000285;NÃO;NÃO
12401986000190;NÃO;NÃO
12429631000100;SIM;SIM
12432646000127;NÃO;NÃO
12486809000405;NÃO;NÃO
12509858000165;SIM;NÃO
12533136000146;NÃO;NÃO
12589014000171;SIM;NÃO
12592936000138;SIM;SIM
12602618000100;NÃO;NÃO
12635623000110;SIM;SIM
12707277000138;SIM;SIM
12792964000107;SIM;NÃO
12886398000194;SIM;SIM
12890370000120;SIM;NÃO
12916891000100;SIM;SIM
12923901000134;SIM;SIM
12933145000710;NÃO;NÃO
12939698000194;NÃO;NÃO
12964533000172;SIM;NÃO
12980136000437;NÃO INFORMADO;NÃO INFORMADO
12983339000134;SIM;NÃO
13037716000377;NÃO;NÃO
13079893000154;NÃO;NÃO
13105546000159;SIM;SIM
13107150000302;NÃO;NÃO
13250840000235;NÃO;NÃO
13260863000140;SIM;NÃO
13270520000166;NÃO;NÃO
13345620001771;NÃO;NÃO
13419156000153;SIM;NÃO
13432013000181;SIM;SIM
13553507000114;SIM;NÃO
13569481000283;NÃO INFORMADO;NÃO INFORMADO
13574594000196;NÃO;NÃO
13639811000189;SIM;NÃO
13646671000176;SIM;SIM
13652947000129;SIM;NÃO
13776823000155;SIM;NÃO
13777849000118;NÃO;NÃO
13839509000174;SIM;SIM
13867386000185;SIM;NÃO
13876880000106;SIM;NÃO
13908111000142;SIM;SIM
13961265000106;SIM;NÃO
13992204000106;NÃO;NÃO
13998121000116;SIM;SIM
14001108000103;SIM;NÃO
14071980000128;SIM;NÃO
14109658000140;SIM;NÃO
14123944000160;SIM;NÃO
14221290000108;SIM;NÃO
14413739000130;SIM;NÃO
14495679000141;SIM;SIM
14533623000134;NÃO;NÃO
14634316000140;NÃO;NÃO
14724667000141;NÃO;NÃO
14748954000191;NÃO;NÃO
14785253000122;SIM;SIM
14816868000179;NÃO;NÃO
14826698000103;SIM;NÃO
14886555000197;SIM;NÃO
14892033000289;NÃO INFORMADO;NÃO INFORMADO
14922621000218;NÃO;NÃO
14985944000170;NÃO;NÃO
15032751000167;SIM;SIM
15097399000148;NÃO;NÃO
15129817000131;SIM;SIM
15178520000166;SIM;SIM
15192403000157;NÃO;NÃO
15259356000111;NÃO;NÃO
15270656002498;NÃO;NÃO
15391138000136;NÃO;NÃO
15396568000140;SIM;SIM
15467033000113;SIM;SIM
15533821000160;SIM;NÃO
15593696000184;SIM;SIM
15643225000133;SIM;NÃO
15666319000128;SIM;SIM
15702514000166;NÃO;NÃO
15716114000100;SIM;NÃO
15740386000145;NÃO;NÃO
15768318000194;NÃO;NÃO
15785285000190;NÃO;NÃO
15868439000108;SIM;NÃO
15914705000191;SIM;SIM
16404287000155;NÃO;NÃO
16514555000191;SIM;SIM
16531893000131;SIM;NÃO
16634500000115;NÃO;NÃO
16670085000155;NÃO;NÃO
16713064000170;SIM;SIM
16730498000188;SIM;SIM
16734425000164;SIM;SIM
16771837000174;SIM;SIM
16775739000105;SIM;SIM
17024176000186;SIM;SIM
17035072000177;NÃO;NÃO
17046105000184;SIM;SIM
17106124000159;SIM;SIM
17167396000169;NÃO;NÃO
17331410000118;SIM;NÃO
17333981000191;NÃO;NÃO
17368595000135;SIM;NÃO
17376800000104;SIM;SIM
17485872000190;SIM;SIM
17487298000109;SIM;NÃO
17543923000192;SIM;NÃO
17592377000180;SIM;SIM
17596598000126;SIM;NÃO
17671054000181;NÃO;NÃO
17696228000160;SIM;SIM
17727994000145;SIM;SIM
17755091000178;NÃO;NÃO
18116989000169;SIM;SIM
18130083000107;NÃO;NÃO
18135567000130;SIM;NÃO
18226766000154;SIM;NÃO
18237775000140;SIM;NÃO
18307385000108;SIM;SIM
18361054000148;SIM;NÃO
18431316000101;SIM;SIM
18474169000149;SIM;NÃO
18495449000133;SIM;SIM
18535858000116;NÃO;NÃO
18545176000194;SIM;NÃO
18559508005906;NÃO;NÃO
18610190000124;SIM;SIM
18708930000160;SIM;SIM
18739099000103;SIM;SIM
18770516000180;SIM;SIM
18778672000198;SIM;NÃO
18869699000196;SIM;SIM
18910089000199;SIM;SIM
19088557000154;NÃO;NÃO
19093019000158;SIM;SIM
19143804000178;SIM;SIM
19215549000121;SIM;NÃO
19248662000103;NÃO;NÃO
19311319000166;SIM;SIM
19421453000110;SIM;SIM
19575197000115;SIM;SIM
19634884000164;SIM;SIM
19676776002017;NÃO;NÃO
19677483000191;NÃO;NÃO
19734747000100;SIM;SIM
19750316000129;SIM;NÃO
19761698000196;SIM;SIM
19792001000497;NÃO;NÃO
19829995000126;SIM;SIM
19839541000136;SIM;SIM
19847395000190;SIM;NÃO
19889392000110;SIM;NÃO
19904356000188;SIM;SIM
19949961000175;SIM;NÃO
19963345000179;SIM;SIM
20004409000193;SIM;SIM
20018593000120;SIM;SIM
20157781000130;SIM;NÃO
20338608000138;NÃO;NÃO
20403158000110;NÃO;NÃO
20451432000126;NÃO;NÃO
20492817000131;SIM;SIM
20545569000140;SIM;SIM
20629185000105;SIM;SIM
20668615000106;SIM;NÃO
20690086000139;NÃO;NÃO
20957182000109;SIM;SIM
20960150000154;SIM;NÃO
20964687000192;SIM;SIM
21072895000140;SIM;NÃO
21235849000114;SIM;SIM
21240146000184;NÃO;NÃO
21282573000125;SIM;SIM
21384176000164;SIM;SIM
21446416000108;NÃO;NÃO
21449643000278;NÃO INFORMADO;NÃO INFORMADO
21467222000199;SIM;NÃO
21492408000106;SIM;SIM
21553941000122;SIM;SIM
21672940000105;SIM;SIM
21703636000170;SIM;SIM
21748028000181;SIM;SIM
21815146000165;SIM;NÃO
21871350000101;SIM;SIM
21942087000196;SIM;SIM
21972709000129;SIM;SIM
22024118000192;SIM;SIM
22027572000105;SIM;NÃO
22028020000103;SIM;SIM
22055008000198;NÃO;NÃO
22115174000132;NÃO;NÃO
22121166000107;SIM;SIM
22145154000104;NÃO;NÃO
22327771000120;SIM;SIM
22394394000142;SIM;SIM
22412212000119;SIM;SIM
22458157000106;SIM;SIM
22546261000144;SIM;SIM
22602707000100;SIM;SIM
22605245000185;SIM;NÃO
22610353000146;NÃO;NÃO
22636573000149;SIM;SIM
22687496000156;SIM;NÃO
22731440000151;SIM;SIM
22747959000128;NÃO;NÃO
22769617000109;SIM;NÃO
22872824000437;NÃO;NÃO
22907388000141;SIM;SIM
22914127000159;SIM;SIM
23033320000143;SIM;NÃO
23093552000197;NÃO;NÃO
23095981000101;SIM;NÃO
23153178000178;SIM;SIM
23201773000131;SIM;SIM
23237848000134;NÃO;NÃO
23296039000101;SIM;SIM
23323067000162;SIM;NÃO
23393637000190;SIM;NÃO
23409769000163;SIM;SIM
23474275000162;NÃO;NÃO
23489736000170;SIM;SIM
23499973000112;NÃO;NÃO
23513555000132;SIM;NÃO
23517750000130;SIM;SIM
23550440000118;SIM;NÃO
23566050000136;SIM;NÃO
23593314000140;SIM;SIM
23624537000128;NÃO;NÃO
23712106000113;SIM;SIM
23766800000113;NÃO;NÃO
23798367000106;SIM;SIM
23803402000120;SIM;SIM
23939061000114;SIM;SIM
23963050000170;SIM;SIM
23970294000180;NÃO;NÃO
23972654000182;SIM;SIM
23999587000190;NÃO;NÃO
24035654000119;SIM;SIM
24072396000140;SIM;NÃO
24086995000113;SIM;NÃO
24115524000196;SIM;NÃO
24130830000100;SIM;NÃO
24131851000131;NÃO;NÃO
24140789000144;SIM;NÃO
24164479000160;SIM;SIM
24195601000327;NÃO INFORMADO;NÃO INFORMADO
24234181000189;SIM;NÃO
24239820000107;NÃO;NÃO
24486504000121;SIM;SIM
24488564000183;SIM;SIM
24500540000607;NÃO;NÃO
24518574000114;SIM;SIM
24573237000120;SIM;SIM
24599287000186;SIM;SIM
24713470000160;NÃO;NÃO
24717720000211;NÃO;NÃO
24727962000105;SIM;SIM
24739296000125;SIM;SIM
24787850000140;SIM;SIM
24872168000155;SIM;SIM
24878302000125;NÃO;NÃO
24926173000101;SIM;SIM
24945342000142;SIM;NÃO
25002723000150;SIM;NÃO
25067018000131;NÃO;NÃO
25091630000140;SIM;SIM
25147637000136;SIM;SIM
25151191000113;SIM;SIM
25192546000112;SIM;SIM
25240384000140;SIM;NÃO
25245769000109;SIM;NÃO
25257363000138;SIM;NÃO
25330855000101;SIM;SIM
25336253000161;SIM;SIM
25675497000179;SIM;NÃO
25680916000160;SIM;SIM
25985744000133;SIM;SIM
25987788000100;SIM;SIM
26001007000200;NÃO;NÃO
26001309000190;SIM;SIM
26003940000128;SIM;SIM
26019594000176;SIM;SIM
26193884000131;SIM;SIM
26283260000105;SIM;SIM
26327195000172;SIM;NÃO
26386281000318;NÃO;NÃO
26391270000164;SIM;SIM
26413386000157;SIM;SIM
26486491000116;SIM;SIM
26494777000143;SIM;SIM
26522596000183;SIM;SIM
26527914000107;SIM;NÃO
26577292000113;SIM;NÃO
26640810000104;NÃO;NÃO
26663957000101;NÃO;NÃO
26689500000176;SIM;NÃO
26696152000164;NÃO;NÃO
26710565000156;SIM;NÃO
26744879000170;NÃO;NÃO
26803018000115;SIM;NÃO
26803730000114;SIM;SIM
26809664000190;SIM;SIM
26837106000138;SIM;SIM
26848178000180;SIM;SIM
26927055000135;SIM;NÃO
27065596000164;SIM;SIM
27103291000108;NÃO;NÃO
27200702000175;SIM;SIM
27278947000115;SIM;SIM
27288243000123;SIM;SIM
27375668000170;NÃO;NÃO
27399791000120;SIM;SIM
27532967000170;SIM;SIM
27668998000153;SIM;NÃO
27748702000104;SIM;SIM
27778002000162;SIM;NÃO
27830265000173;SIM;SIM
27885790000196;SIM;SIM
27977186000190;SIM;NÃO
28025029000147;NÃO;NÃO
28180052000106;SIM;NÃO
28427070000140;SIM;SIM
28475225000113;SIM;NÃO
28554968000189;SIM;SIM
28644218000106;NÃO;NÃO
28702087000168;SIM;SIM
28705113000101;SIM;SIM
28768647000187;NÃO;NÃO
28796231000172;SIM;SIM
28809304000113;NÃO;NÃO
28828199000160;SIM;SIM
28851376000129;NÃO;NÃO
28901295000196;SIM;SIM
28925813000101;SIM;SIM
28953311000194;SIM;SIM
28984357000170;SIM;SIM
29010631000173;SIM;NÃO
29166841000155;SIM;SIM
29247513000183;SIM;SIM
29266283000108;NÃO;NÃO
29280596000102;SIM;SIM
29327595000176;SIM;NÃO
29397919000142;NÃO;NÃO
29418716000195;SIM;NÃO
29423676000170;SIM;SIM
29445825000100;SIM;SIM
29467351000199;NÃO;NÃO
29563219000180;SIM;SIM
29711799000106;SIM;NÃO
29751390000113;SIM;NÃO
29754028000104;SIM;SIM
29764544000101;SIM;SIM
29780061000109;NÃO;NÃO
29843618000103;SIM;SIM
29847972000106;NÃO;NÃO
29950060000157;NÃO;NÃO
29968675000100;SIM;SIM
29978814000187;NÃO;NÃO
30054840000106;SIM;SIM
30114648000150;SIM;NÃO
30157467000100;SIM;SIM
30160965000102;SIM;SIM
30165540000196;SIM;SIM
30186080000182;SIM;SIM
30264686000199;NÃO;NÃO
30267876007253;NÃO;NÃO
30297195000730;NÃO INFORMADO;NÃO INFORMADO
30353086000105;SIM;SIM
30420793000169;SIM;NÃO
30477457000152;SIM;SIM
30485388000129;SIM;SIM
30495578000127;SIM;SIM
30497086000170;SIM;NÃO
30498671000195;SIM;SIM
30516313000168;SIM;SIM
30558935000159;SIM;SIM
30635034000113;SIM;SIM
30673691000155;NÃO;NÃO
30702992000160;SIM;NÃO
30706854000159;SIM;SIM
30737287000106;SIM;SIM
30742555000412;NÃO;NÃO
30768714000105;SIM;SIM
30779901000194;SIM;SIM
30794954000184;SIM;SIM
30820768000172;SIM;SIM
30853588000197;SIM;SIM
30855551000106;SIM;NÃO
30933064000106;SIM;NÃO
31029147000138;NÃO;NÃO
31078194000171;SIM;SIM
31100609000166;NÃO;NÃO
31154170000154;SIM;SIM
31157952000147;NÃO;NÃO
31159339000169;SIM;SIM
31289587000124;SIM;SIM
31291749000169;NÃO;NÃO
31329726000104;SIM;NÃO
31389573000182;SIM;SIM
31440614000118;SIM;SIM
31485157000188;SIM;NÃO
31493689000167;SIM;SIM
31583871000109;SIM;NÃO
31595471000113;SIM;NÃO
31616729000110;SIM;NÃO
31678830000104;SIM;NÃO
31733872000354;NÃO INFORMADO;NÃO INFORMADO
31736577000190;SIM;SIM
31745405000182;SIM;SIM
31795195000137;SIM;SIM
31807179000117;SIM;SIM
31872190000160;SIM;SIM
31916236000104;SIM;SIM
31976193000144;SIM;SIM
31987642000150;SIM;SIM
32013570000102;SIM;NÃO
32060067000108;SIM;SIM
32118345000130;SIM;SIM
32158469000140;SIM;SIM
32233047000191;SIM;SIM
32274395000107;SIM;SIM
32385121000195;SIM;SIM
32385868000143;SIM;SIM
32405303000180;SIM;SIM
32415905000119;NÃO;NÃO
32510589000164;SIM;SIM
32549150000145;SIM;SIM
32559637000109;SIM;SIM
32577872000103;NÃO;NÃO
32603787000172;SIM;SIM
32632217000100;SIM;NÃO
32700454000161;NÃO;NÃO
32721477000152;SIM;SIM
32769730000148;SIM;SIM
32819364000194;NÃO;NÃO
32857223000166;SIM;NÃO
32893912000126;SIM;NÃO
32903509000130;SIM;NÃO
32982895000101;SIM;SIM
33022232000108;SIM;SIM
33084498000177;SIM;NÃO
33102476000192;NÃO;NÃO
33170336000151;SIM;SIM
33226099000101;SIM;NÃO
33256439000139;NÃO;NÃO
33278232000165;SIM;SIM
33284106000113;SIM;SIM
33295420000100;SIM;SIM
33313916000150;SIM;SIM
33318241000132;NÃO;NÃO
33325058000164;SIM;NÃO
33395207000161;SIM;SIM
33429963000164;SIM;NÃO
33438250058408;NÃO;NÃO
33440820000153;SIM;NÃO
33452551000145;SIM;SIM
33466988000219;NÃO;NÃO
33467572000134;NÃO;NÃO
33517035000151;SIM;NÃO
33521240000190;SIM;SIM
33556864000143;SIM;SIM
33590794000140;SIM;NÃO
33611500000119;NÃO;NÃO
33622493000150;SIM;SIM
33637910000139;SIM;NÃO
33647705000154;SIM;SIM
33672446000111;SIM;NÃO
33697095000284;NÃO;NÃO
33701884000160;NÃO;NÃO
33734130000107;SIM;SIM
33757679000117;SIM;NÃO
33774920000116;SIM;SIM
33788851000108;SIM;SIM
33792413000105;SIM;SIM
33835197000138;SIM;SIM
33845806000130;SIM;SIM
33926145000177;SIM;SIM
33935598000160;SIM;SIM
33958695000178;NÃO;NÃO
33975508000164;SIM;SIM
33991377000109;SIM;SIM
34003324000103;SIM;SIM
34025739000170;SIM;SIM
34071747000152;SIM;NÃO
34081623000158;SIM;SIM
34169557000172;NÃO;NÃO
34200104000161;SIM;NÃO
34223555000114;NÃO;NÃO
34240601000193;SIM;SIM
34262381000107;SIM;NÃO
34270656000146;SIM;SIM
34360143000126;SIM;SIM
34428346000107;SIM;SIM
34461649000121;SIM;NÃO
34467341000193;SIM;SIM
34563307000112;SIM;NÃO
34653761000164;SIM;SIM
34657154000172;SIM;SIM
34791311000138;SIM;SIM
34878949000100;NÃO;NÃO
34894112000155;SIM;NÃO
34994259000117;SIM;SIM
35001521000148;SIM;NÃO
35042417000100;SIM;SIM
35047394000118;SIM;SIM
35053086000103;SIM;SIM
35064395000170;SIM;SIM
35085954000129;SIM;SIM
35086280000187;SIM;SIM
35111135000109;SIM;SIM
35116065000181;SIM;SIM
35124048000196;SIM;SIM
35124598000105;SIM;SIM
35182939000107;SIM;SIM
35198315000170;SIM;NÃO
35220349000113;NÃO;NÃO
35242176000134;SIM;SIM
35285779000113;SIM;SIM
35326012000195;SIM;SIM
35395539000171;SIM;SIM
35426153000180;SIM;SIM
35426326000160;SIM;NÃO
35430819000173;SIM;NÃO
35438349000194;SIM;NÃO
35447105000178;SIM;SIM
35481181000108;SIM;SIM
35506411000138;SIM;SIM
35549548000170;SIM;SIM
35572418000158;SIM;SIM
35591688000106;SIM;NÃO
35605275000133;SIM;NÃO
35655714000112;SIM;NÃO
35675843000172;SIM;SIM
35680019000100;SIM;SIM
35752495000270;NÃO INFORMADO;NÃO INFORMADO
35784679000131;NÃO;NÃO
35826636000171;SIM;SIM
35917969000106;SIM;SIM
35931686000119;SIM;NÃO
35936474000124;SIM;SIM
35950757000120;SIM;NÃO
35953279000102;SIM;SIM
35964848000115;SIM;NÃO
35978393000197;SIM;SIM
35985892000101;SIM;SIM
36016317000163;SIM;SIM
36033160000184;SIM;SIM
36046153000117;SIM;SIM
36050242000137;SIM;SIM
36082133000100;SIM;SIM
36100272000100;SIM;SIM
36121312000109;SIM;SIM
36124647000172;SIM;SIM
36140384000195;SIM;SIM
36145955000184;SIM;SIM
36184246000108;SIM;SIM
36207275000148;SIM;SIM
36221030000175;SIM;SIM
36227688000194;SIM;SIM
36270900000104;SIM;SIM
36312774000103;SIM;NÃO
36342614000107;SIM;SIM
36357422000166;SIM;SIM
36377366000121;SIM;SIM
36406369000146;SIM;SIM
36420400000101;SIM;NÃO
36461324000174;SIM;SIM
36499419000187;SIM;SIM
36512272000118;SIM;NÃO
36525122000149;SIM;SIM
36569441000156;SIM;SIM
36601635000191;SIM;SIM
36617126000157;SIM;SIM
36650977000100;SIM;SIM
36675887000165;SIM;SIM
36705683000120;SIM;NÃO
36784186000164;SIM;SIM
36804814000126;SIM;SIM
36816880000116;SIM;SIM
36851606000188;SIM;SIM
36866111000122;SIM;SIM
36883931000122;SIM;SIM
36888166000133;SIM;SIM
36894576000197;SIM;SIM
36938804000183;SIM;SIM
36951442000160;SIM;SIM
37033076000123;SIM;SIM
37067086000180;SIM;SIM
37074744000160;SIM;SIM
37083681000109;SIM;NÃO
37115688000165;SIM;SIM
37122474000116;SIM;SIM
37130953000184;SIM;SIM
37196027000101;SIM;SIM
37220584000110;SIM;SIM
37254339000124;NÃO INFORMADO;NÃO INFORMADO
37258363000131;SIM;NÃO
37296022000150;SIM;SIM
37302230000115;SIM;SIM
37329408000111;SIM;SIM
37331545000190;SIM;SIM
37366724000163;SIM;SIM
37367354000189;SIM;SIM
37369175000180;SIM;SIM
37369563000161;SIM;NÃO
37372625000194;SIM;SIM
37373052000113;SIM;SIM
37403135000108;SIM;SIM
37447769000162;SIM;SIM
37528737000191;SIM;SIM
37530879000193;SIM;SIM
37586552000133;SIM;SIM
37613024000126;SIM;SIM
37714721000173;SIM;SIM
37754145000198;SIM;SIM
37788380000180;SIM;SIM
37797533000156;SIM;NÃO
37807499000153;SIM;SIM
37869143000144;SIM;SIM
37912783000190;SIM;SIM
37920508000118;SIM;NÃO
37955632000119;SIM;NÃO
37978643000114;SIM;SIM
38013138000106;SIM;NÃO
38016058000104;SIM;SIM
38022966000100;SIM;SIM
38037086000108;SIM;NÃO
38148170000190;SIM;SIM
38174683000176;SIM;SIM
38184598000199;NÃO INFORMADO;NÃO INFORMADO
38213099000182;SIM;SIM
38232038000162;SIM;SIM
38250691000154;SIM;NÃO
38255996000159;SIM;SIM
38296150000167;SIM;SIM
38323718000191;SIM;SIM
38348901000141;SIM;SIM
38358191000130;SIM;SIM
38360706000137;SIM;NÃO
38366469000111;SIM;NÃO
38406160000108;SIM;SIM
38424515000191;SIM;SIM
38425725000102;SIM;SIM
38435861000175;SIM;SIM
38441383000106;SIM;NÃO
38456970000179;SIM;SIM
38462019000122;SIM;NÃO
38490381000107;SIM;NÃO
38535184000167;SIM;SIM
38652503000114;SIM;SIM
38973493000119;SIM;SIM
39254084000125;SIM;SIM
39262864000117;SIM;SIM
39330034000180;SIM;NÃO
39339796000147;SIM;SIM
39341692000177;SIM;NÃO
39404393000134;SIM;SIM
39406299000114;SIM;NÃO
39487310000118;SIM;SIM
39532604000114;SIM;SIM
39535065000177;SIM;SIM
39551470000189;SIM;SIM
39582963000186;SIM;SIM
39660007000175;SIM;SIM
39674305000114;SIM;SIM
39683598000104;SIM;SIM
39701634000107;SIM;NÃO
39707635000169;SIM;SIM
39734493000129;SIM;SIM
39858126000137;SIM;NÃO
39906707000105;SIM;SIM
39929672000111;SIM;NÃO
39943380000133;SIM;SIM
39951533000194;SIM;NÃO
39969602000197;SIM;SIM
39987885000280;NÃO INFORMADO;NÃO INFORMADO
40063177000151;SIM;SIM
40076755000194;SIM;SIM
40101314000103;SIM;SIM
40118730000106;SIM;SIM
40123229000138;SIM;SIM
40129177000107;SIM;SIM
40130089000125;SIM;SIM
40146503000194;SIM;SIM
40147629000183;SIM;SIM
40186162000180;NÃO INFORMADO;NÃO INFORMADO
40299526000139;SIM;SIM
40299810031760;NÃO INFORMADO;NÃO INFORMADO
40299810040913;NÃO INFORMADO;NÃO INFORMADO
40382638000159;SIM;SIM
40413143000140;SIM;SIM
40414460000180;SIM;SIM
40416077000161;SIM;SIM
40417698000160;SIM;NÃO
40444488000160;SIM;SIM
40446788000189;SIM;SIM
40451138000121;SIM;SIM
40470144000126;SIM;SIM
40479532000178;SIM;SIM
40509137000190;SIM;SIM
40521623000124;SIM;SIM
40521937000127;SIM;SIM
40553900000180;SIM;SIM
40647601000105;NÃO INFORMADO;NÃO INFORMADO
40684315000110;SIM;SIM
40697364000197;SIM;SIM
40728111000133;SIM;NÃO
40755741000105;SIM;SIM
40786861000161;SIM;SIM
40800204000121;SIM;SIM
40855158000168;SIM;NÃO
40905784000111;SIM;SIM
40907760000100;SIM;SIM
40919258000100;SIM;NÃO
40933306000115;SIM;SIM
40937251000111;SIM;SIM
40938606000197;SIM;SIM
40943416000168;SIM;SIM
40946217000103;SIM;SIM
40995535000164;SIM;NÃO
41017877000172;SIM;NÃO
41039449000140;SIM;SIM
41061594000128;NÃO INFORMADO;NÃO INFORMADO
41073707000105;SIM;SIM
41107629000112;SIM;SIM
41125555000147;SIM;NÃO
41133254000165;SIM;SIM
41183194000195;SIM;SIM
41197954000113;SIM;NÃO
41198396000100;SIM;SIM
41246470000117;SIM;SIM
41315406000140;SIM;SIM
41329992000182;SIM;SIM
41334247000121;SIM;NÃO
41360175000197;NÃO INFORMADO;NÃO INFORMADO
41369773000127;NÃO INFORMADO;NÃO INFORMADO
41370054000126;SIM;SIM
41388803000142;SIM;NÃO
41398671000130;SIM;SIM
41415468000124;SIM;NÃO
41437357000119;SIM;SIM
41461346000174;SIM;SIM
41466984000188;SIM;SIM
41515667000104;SIM;SIM
41518634000118;NÃO INFORMADO;NÃO INFORMADO
41596840000146;NÃO INFORMADO;NÃO INFORMADO
41606186000104;SIM;SIM
41611545000111;SIM;SIM
41616653000187;SIM;SIM
41648631000107;SIM;SIM
41658597000143;SIM;SIM
41658700000155;SIM;SIM
41740975000133;SIM;NÃO
41784306000163;SIM;SIM
41856851000118;SIM;SIM
41905238000143;SIM;SIM
41984258000157;SIM;NÃO
42028033000190;SIM;NÃO
42070907000177;SIM;SIM
42101768000100;SIM;SIM
42118951000100;SIM;SIM
42164978000139;SIM;SIM
42177455000127;SIM;SIM
42253574000111;SIM;SIM
42278291000124;NÃO;NÃO
42281141000170;SIM;SIM
42302097000137;SIM;SIM
42309330000103;SIM;SIM
42363818000119;SIM;SIM
42392490000169;SIM;SIM
42410090000139;SIM;SIM
42517641000168;SIM;SIM
42564219000163;SIM;NÃO
42599402000102;SIM;NÃO
42613022000177;SIM;SIM
42625211000160;SIM;NÃO
42643603000151;SIM;NÃO
42740519000156;SIM;SIM
42746658000197;SIM;NÃO
42771949000135;NÃO;NÃO
42791827000100;SIM;SIM
42820457000192;SIM;SIM
42828730000125;SIM;SIM
42867790000157;SIM;SIM
42885268000106;NÃO INFORMADO;NÃO INFORMADO
42894233000125;SIM;SIM
42900689000150;SIM;SIM
42910033000119;SIM;SIM
42912183000161;SIM;SIM
42927592000131;SIM;SIM
42935087000139;SIM;NÃO
42947733000188;SIM;SIM
42948564000109;SIM;SIM
42953120000153;SIM;SIM
42992724000109;SIM;NÃO
42997492000181;SIM;SIM
43001403000168;SIM;NÃO
43024630000109;SIM;NÃO
43065114000122;SIM;SIM
43116875000166;SIM;SIM
43125801000196;SIM;SIM
43139152000182;SIM;SIM
43148085000162;SIM;SIM
43189868000194;SIM;SIM
43198433000106;SIM;NÃO
43202461000150;SIM;SIM
43212051000190;SIM;SIM
43221486000109;SIM;SIM
43241593000190;SIM;SIM
43249764000128;SIM;SIM
43280293000110;SIM;SIM
43284722000128;SIM;SIM
43288131000129;SIM;SIM
43293931000138;SIM;SIM
43296761000145;SIM;SIM
43311328000131;SIM;SIM
43318217000157;SIM;SIM
43324331000190;SIM;SIM
43335789000144;NÃO INFORMADO;NÃO INFORMADO
43411977000104;SIM;SIM
43413703000154;SIM;SIM
43455548000139;SIM;SIM
43458558000128;SIM;SIM
43500705000180;SIM;SIM
43528409000198;SIM;SIM
43538790000176;SIM;SIM
43556028000112;SIM;SIM
43642150000101;SIM;SIM
43667247000179;SIM;NÃO
43677477000119;SIM;SIM
43700385000102;SIM;NÃO
43702735000170;SIM;SIM
43704351000196;SIM;SIM
43710543000105;SIM;SIM
43715174000143;SIM;NÃO
43768090000178;SIM;SIM
43804800000178;NÃO INFORMADO;NÃO INFORMADO
43843170000140;SIM;SIM
43847416000152;SIM;SIM
43855942000164;SIM;SIM
43912931000179;SIM;SIM
43931329000189;SIM;SIM
43935271000141;NÃO INFORMADO;NÃO INFORMADO
43959362000117;SIM;NÃO
44002677000134;SIM;SIM
44049011000131;SIM;SIM
44055172000138;NÃO INFORMADO;NÃO INFORMADO
44062497000148;NÃO INFORMADO;NÃO INFORMADO
44064902000167;SIM;SIM
44106344000155;SIM;NÃO
44138134000149;SIM;NÃO
44188037000160;SIM;SIM
44213336000108;SIM;SIM
44259650000121;NÃO INFORMADO;NÃO INFORMADO
44269549000151;SIM;SIM
44272799000140;SIM;SIM
44276994000149;SIM;SIM
44284510000103;SIM;NÃO
44289101000108;SIM;SIM
44362254000125;SIM;NÃO
44365201000168;SIM;SIM
44394077000169;SIM;SIM
44396815000107;SIM;SIM
44404013000100;SIM;SIM
44408955000158;SIM;SIM
44409876000161;SIM;SIM
44420272000116;SIM;SIM
44421408000102;SIM;SIM
44444614000138;SIM;SIM
44464833000189;SIM;SIM
44509225000143;SIM;SIM
44517398000103;SIM;SIM
44527644000108;SIM;SIM
44555080000117;SIM;NÃO
44614850000155;SIM;SIM
44658130000191;SIM;NÃO
44706987000130;SIM;SIM
44755474000119;SIM;SIM
44781712000160;SIM;SIM
44792664000106;SIM;SIM
44826569000186;SIM;SIM
44900791000181;NÃO INFORMADO;NÃO INFORMADO
44908764000155;SIM;NÃO
44977521000179;SIM;SIM
44980726000103;SIM;SIM
44983509000177;SIM;NÃO
44985312000177;SIM;SIM
45003273000128;SIM;SIM
45014954000191;SIM;SIM
45073321000154;SIM;SIM
45117804000103;SIM;SIM
45153688000188;SIM;SIM
45199956000100;SIM;SIM
45205593000160;SIM;SIM
45318471000180;SIM;SIM
45323870000130;NÃO;NÃO
45337500000151;SIM;SIM
45340165000140;SIM;NÃO
45359532000158;SIM;SIM
45380884000195;SIM;SIM
45394670000178;SIM;SIM
45398672000135;SIM;SIM
45398753000135;SIM;SIM
45428878000160;SIM;SIM
45446715000100;SIM;SIM
45450191000121;SIM;NÃO
45454951000179;SIM;SIM
45502302000104;SIM;SIM
45503229000187;SIM;SIM
45512659000165;SIM;SIM
45519347000183;NÃO INFORMADO;NÃO INFORMADO
45589618000177;SIM;SIM
45636848000140;SIM;SIM
45655778000177;SIM;SIM
45660734000135;SIM;NÃO
45677865000125;SIM;SIM
45679643000141;SIM;SIM
45699500000100;SIM;SIM
45736702000176;SIM;NÃO
45744170000119;SIM;SIM
45791796000186;SIM;NÃO
45799352000197;SIM;SIM
45804012000107;SIM;SIM
45814666000111;SIM;SIM
45840602000195;SIM;SIM
45842661000100;SIM;SIM
45851852000120;SIM;SIM
45885539000103;SIM;SIM
45902510000192;SIM;SIM
45913257000172;SIM;SIM
45932403000107;SIM;SIM
45948398000120;SIM;NÃO
45985443000117;SIM;SIM
46045272000109;SIM;SIM
46048259000103;SIM;SIM
46052224000148;SIM;SIM
46059231000171;SIM;SIM
46086471000165;SIM;SIM
46092860000101;SIM;NÃO
46104207000107;SIM;SIM
46123051000101;SIM;SIM
46170327000102;SIM;SIM
46206378000147;SIM;SIM
46214962000144;SIM;SIM
46247277000114;SIM;SIM
46265891000109;SIM;SIM
46272425000150;SIM;SIM
46283960000107;SIM;NÃO
46283977000164;SIM;NÃO
46292909000161;SIM;SIM
46298732000100;SIM;SIM
46313419000102;SIM;SIM
46316320000156;SIM;SIM
46403836000138;SIM;SIM
46413939000189;SIM;NÃO
46434562000144;SIM;NÃO
46436096000136;SIM;SIM
46472974000179;SIM;NÃO
46481026000108;SIM;SIM
46553579000110;NÃO INFORMADO;NÃO INFORMADO
46569685000192;SIM;SIM
46590820000181;NÃO INFORMADO;NÃO INFORMADO
46639101000108;SIM;NÃO
46640552000165;SIM;SIM
46654327000188;SIM;SIM
46657202000101;SIM;NÃO
46681226000104;SIM;SIM
46758346000154;SIM;SIM
46786895000132;SIM;SIM
46787411000170;SIM;NÃO
46813636000153;SIM;SIM
46855575000197;SIM;SIM
46892850000142;SIM;SIM
47001460000106;SIM;SIM
47024509000138;SIM;SIM
47026663000149;SIM;SIM
47045217000181;SIM;NÃO
47068061000154;SIM;SIM
47081169000187;SIM;NÃO
47131720000150;SIM;SIM
47201448000137;SIM;SIM
47217676000103;SIM;SIM
47244674000103;SIM;SIM
47255026000144;SIM;NÃO
47276883000120;SIM;SIM
47364699000132;SIM;SIM
47431609000189;SIM;SIM
47444875000146;NÃO INFORMADO;NÃO INFORMADO
47482969000100;NÃO INFORMADO;NÃO INFORMADO
47484376000182;SIM;SIM
47485840000155;NÃO INFORMADO;NÃO INFORMADO
47509603000187;SIM;SIM
47516051000134;SIM;SIM
47524779000108;SIM;NÃO
47528623000103;NÃO INFORMADO;NÃO INFORMADO
47530742000192;SIM;SIM
47551129000151;SIM;SIM
47578030000143;SIM;SIM
47584208000169;NÃO INFORMADO;NÃO INFORMADO
47591044000105;SIM;SIM
47594217000130;SIM;NÃO
47595743000115;SIM;SIM
47619365000162;SIM;SIM
47661122000192;SIM;SIM
47676521000127;SIM;SIM
47679771000110;NÃO INFORMADO;NÃO INFORMADO
47692148000106;SIM;SIM
47693012000102;SIM;SIM
47694587000140;SIM;SIM
47700241000107;SIM;SIM
47715467000181;SIM;NÃO
47751453000113;SIM;SIM
47801283000134;SIM;SIM
47815430000125;SIM;SIM
47817647000174;SIM;SIM
47860616000104;NÃO INFORMADO;NÃO INFORMADO
47861199000106;SIM;SIM
47872717000197;SIM;SIM
47906548000169;NÃO INFORMADO;NÃO INFORMADO
47922864000124;NÃO INFORMADO;NÃO INFORMADO
48016671000177;NÃO INFORMADO;NÃO INFORMADO
48030066000150;NÃO INFORMADO;NÃO INFORMADO
48068778000169;NÃO INFORMADO;NÃO INFORMADO
48078303000153;NÃO INFORMADO;NÃO INFORMADO
48080210000163;NÃO INFORMADO;NÃO INFORMADO
48082919000106;NÃO INFORMADO;NÃO INFORMADO
48082958000103;NÃO INFORMADO;NÃO INFORMADO
48084334000117;NÃO INFORMADO;NÃO INFORMADO
48102893000102;NÃO INFORMADO;NÃO INFORMADO
48103443000134;NÃO INFORMADO;NÃO INFORMADO
48105349000114;NÃO INFORMADO;NÃO INFORMADO
48120967000133;NÃO INFORMADO;NÃO INFORMADO
48132523000118;NÃO INFORMADO;NÃO INFORMADO
48182701000115;NÃO INFORMADO;NÃO INFORMADO
48207220000117;NÃO INFORMADO;NÃO INFORMADO
48216386000108;NÃO;NÃO
48229794000196;NÃO INFORMADO;NÃO INFORMADO
48265635000147;NÃO INFORMADO;NÃO INFORMADO
48270480000137;NÃO INFORMADO;NÃO INFORMADO
48271054000118;NÃO INFORMADO;NÃO INFORMADO
48282989000108;NÃO INFORMADO;NÃO INFORMADO
48286149000105;NÃO INFORMADO;NÃO INFORMADO
48288200000118;NÃO INFORMADO;NÃO INFORMADO
48290718000196;NÃO INFORMADO;NÃO INFORMADO
48303067000121;NÃO INFORMADO;NÃO INFORMADO
48309608000129;NÃO INFORMADO;NÃO INFORMADO
48317136000156;NÃO INFORMADO;NÃO INFORMADO
48318052000137;NÃO INFORMADO;NÃO INFORMADO
48328797000187;NÃO INFORMADO;NÃO INFORMADO
48353006000179;NÃO INFORMADO;NÃO INFORMADO
51466860000156;NÃO;NÃO
52548435000179;NÃO;NÃO
52695236000274;NÃO;NÃO
52863883000167;SIM;NÃO
54299276000141;SIM;NÃO
57855207000165;NÃO;NÃO
58158015000162;NÃO;NÃO
59273367016800;NÃO INFORMADO;NÃO INFORMADO
59789545000171;NÃO;NÃO
60637238000154;NÃO;NÃO
62984091000102;NÃO;NÃO
64652563000147;SIM;NÃO
74028572000115;NÃO;NÃO
74145962000175;NÃO;NÃO
75783688000122;NÃO;NÃO
79607685000199;NÃO;NÃO
79628152000193;NÃO;NÃO
81171530000102;SIM;NÃO
82636986000155;NÃO;NÃO
83596759000106;NÃO;NÃO
84522960000101;NÃO;NÃO
84646041000140;NÃO;NÃO
84683481003273;NÃO;NÃO
85329126000167;SIM;NÃO
85906329000179;NÃO;NÃO
88610126000129;NÃO;NÃO
89431159000174;NÃO;NÃO
90300997000198;NÃO;NÃO
93250397000150;SIM;NÃO
94860566000307;NÃO;NÃO
97342620000140;NÃO;NÃO
97523004000196;SIM;SIM
00021581000148;NÃO;NÃO
00139348000164;NÃO;NÃO
00336701000104;NÃO;NÃO
00360305208520;NÃO;NÃO
00419223000198;SIM;NÃO
00447540000118;NÃO;NÃO
00528749000106;SIM;SIM
00651923000103;SIM;NÃO
00718700000116;NÃO;NÃO
00755990000259;NÃO;NÃO
00766597000180;NÃO;NÃO
00791156000138;NÃO;NÃO
00809995000136;NÃO;NÃO
00838431000121;SIM;NÃO
00857396000198;SIM;NÃO
00864214000106;NÃO;NÃO
00870953000100;SIM;NÃO
00914988000102;NÃO;NÃO
00924429000175;NÃO;NÃO
01034243000103;SIM;NÃO
01083200000118;NÃO;NÃO
01107327000120;NÃO;NÃO
01190715000117;NÃO;NÃO
01265794000188;NÃO;NÃO
01666720000153;SIM;NÃO
01809535000170;SIM;NÃO
01864335000110;NÃO;NÃO
01907064000133;SIM;NÃO
01957772000189;NÃO;NÃO
02024964000103;NÃO;NÃO
02072248000193;NÃO;NÃO
02089632000107;NÃO;NÃO
02170723000164;NÃO;NÃO
02225879000103;NÃO;NÃO
02266992000129;SIM;NÃO
02291077000193;NÃO;NÃO
02381352000160;NÃO;NÃO
02415583136200;NÃO;NÃO
02543672000179;SIM;NÃO
02761715000192;NÃO;NÃO
02777024000187;NÃO;NÃO
02796775000140;NÃO;NÃO
02799600000197;SIM;NÃO
02951160017974;NÃO;NÃO
02998301000181;NÃO;NÃO
02998611000104;NÃO;NÃO
03014553000191;NÃO;NÃO
03134568000193;NÃO;NÃO
03141154000191;NÃO;NÃO
03163273000145;NÃO;NÃO
03342704000130;NÃO;NÃO
03388861000187;SIM;NÃO
03467321000199;NÃO;NÃO
03498812000954;NÃO;NÃO
03644223000180;NÃO;NÃO
03673116000180;NÃO;NÃO
03785540000892;NÃO;NÃO
03847461000192;NÃO;NÃO
03862058000132;SIM;NÃO
03880797000157;NÃO;NÃO
03949507000184;NÃO;NÃO
03987769000133;SIM;NÃO
04019503000160;NÃO;NÃO
04023142000125;NÃO;NÃO
04030182000102;NÃO;NÃO
04031213000131;NÃO;NÃO
04065791000199;NÃO;NÃO
04172041000116;NÃO;NÃO
04193384000167;NÃO;NÃO
04227596000118;NÃO;NÃO
04247306000106;NÃO;NÃO
04322105000118;SIM;NÃO
04341652000140;SIM;NÃO
04383871000192;NÃO;NÃO
04402540000152;SIM;NÃO
04517451000151;NÃO;NÃO
04551899000191;SIM;NÃO
04810693000139;SIM;NÃO
04834551000101;SIM;NÃO
04900365000123;SIM;NÃO
04909530000108;SIM;NÃO
05014752000206;NÃO;NÃO
05301036000129;NÃO;NÃO
05324257000112;NÃO;NÃO
05410562000208;SIM;NÃO
05457168000144;SIM;NÃO
05526495000100;SIM;NÃO
05598584000162;SIM;NÃO
05774280000109;NÃO;NÃO
05804804000167;NÃO;NÃO
05866375000152;NÃO;NÃO
05914548000160;NÃO;NÃO
05931974000102;NÃO;NÃO
05936844000677;NÃO;NÃO
05993351000164;NÃO;NÃO
05993601000166;NÃO;NÃO
05999555000102;NÃO;NÃO
06036217000138;SIM;SIM
06047087011688;NÃO;NÃO
06078537000150;NÃO;NÃO
06117801000118;SIM;NÃO
06137400000200;NÃO;NÃO
06929204000198;NÃO;NÃO
06968213000198;SIM;NÃO
06977745000191;NÃO;NÃO
07038535001768;NÃO;NÃO
07150301000140;SIM;NÃO
07196820000816;NÃO;NÃO
07204895000125;SIM;NÃO
07219651000620;NÃO INFORMADO;NÃO INFORMADO
07257166000137;SIM;NÃO
07282105000200;NÃO;NÃO
07306697000172;NÃO;NÃO
07324831000168;NÃO;NÃO
07574566000176;NÃO;NÃO
07662001000140;SIM;NÃO
07734180000184;SIM;NÃO
07752635000194;NÃO;NÃO
07753082000194;SIM;NÃO
07844960000187;SIM;NÃO
07887493000172;NÃO;NÃO
07913016000991;NÃO;NÃO
07927812000207;NÃO;NÃO
07948974002003;NÃO INFORMADO;NÃO INFORMADO
08006300008689;NÃO;NÃO
08031919000154;NÃO;NÃO
08105285000218;NÃO;NÃO
08142850000993;NÃO;NÃO
08162832000620;NÃO;NÃO
08171788000372;NÃO;NÃO
08206529000178;NÃO;NÃO
08256820000312;NÃO;NÃO
08281138000118;NÃO;NÃO
08353968000103;SIM;NÃO
08391446000104;NÃO;NÃO
08403031000103;NÃO;NÃO
08412809000132;NÃO;NÃO
08425140000113;SIM;NÃO
08469018000149;SIM;NÃO
08484467000670;NÃO INFORMADO;NÃO INFORMADO
08536261000132;NÃO;NÃO
08551540000175;NÃO;NÃO
08563792000114;NÃO;NÃO
08625611000137;NÃO;NÃO
08628998000185;NÃO;NÃO
08636309000346;NÃO;NÃO
08690359000140;NÃO;NÃO
08725117000144;NÃO;NÃO
08764621000153;NÃO;NÃO
08787149000174;SIM;NÃO
08883972000264;NÃO INFORMADO;NÃO INFORMADO
08886050000120;NÃO;NÃO
08911342000175;NÃO;NÃO
08914726000141;NÃO;NÃO
08926302000105;NÃO;NÃO
09027414000189;NÃO;NÃO
09054256000156;NÃO;NÃO
09064034000114;NÃO;NÃO
09085221000184;SIM;NÃO
09114805000130;NÃO;NÃO
09138229000161;NÃO;NÃO
09150233000145;NÃO;NÃO
09190930000120;NÃO;NÃO
09204339000184;SIM;NÃO
09205236000139;SIM;NÃO
09295063000197;NÃO;NÃO
09295876000187;NÃO;NÃO
09298196000117;NÃO;NÃO
09302040000162;NÃO;NÃO
09305994000129;NÃO;NÃO
09306404000182;SIM;NÃO
09347516000181;NÃO;NÃO
09376422000130;SIM;NÃO
09421593000134;NÃO;NÃO
09612223000184;NÃO;NÃO
09620067000284;NÃO;NÃO
09638126000160;NÃO;NÃO
09658455000173;SIM;NÃO
09943359000177;NÃO;NÃO
10176979000107;NÃO;NÃO
10233031000146;SIM;NÃO
10239989000144;SIM;NÃO
10282784000141;SIM;NÃO
10291221000110;SIM;NÃO
10323563000174;NÃO;NÃO
10449144000183;SIM;NÃO
10525833000120;NÃO;NÃO
10543990000168;NÃO;NÃO
10554822000178;NÃO;NÃO
10583063000171;NÃO;NÃO
10612234000143;NÃO;NÃO
10614974000119;SIM;NÃO
10707001000124;NÃO;NÃO
10708909000152;NÃO;NÃO
10784100000100;SIM;NÃO
10792402000120;NÃO;NÃO
10901408000198;SIM;NÃO
10989619000124;SIM;NÃO
11102604000165;SIM;NÃO
11113566000146;NÃO;NÃO
11274934000138;SIM;NÃO
11276302000103;NÃO;NÃO
11344690000112;NÃO;NÃO
11491970001478;NÃO;NÃO
11533892000102;SIM;SIM
11569038000104;SIM;SIM
11625894000121;NÃO;NÃO
11751386000190;NÃO;NÃO
11759159000100;SIM;NÃO
11927722000102;SIM;SIM
11929007000109;SIM;NÃO
11945151000139;NÃO;NÃO
11971533000137;SIM;NÃO
11984123000120;SIM;NÃO
11992680000193;NÃO;NÃO
12044062000184;NÃO;NÃO
12050156000166;NÃO;NÃO
12105100000161;SIM;NÃO
12130657000152;SIM;NÃO
12145870000138;NÃO;NÃO
12225911000104;SIM;SIM
12291595000160;NÃO;NÃO
12377506000101;SIM;SIM
12436393000160;SIM;SIM
12480531000108;SIM;SIM
12522715000193;NÃO;NÃO
12528708000107;NÃO;NÃO
12586179000190;NÃO;NÃO
12588664000283;NÃO;NÃO
12600354000156;NÃO;NÃO
12648266000124;NÃO;NÃO
12711471000197;SIM;SIM
12748170000138;NÃO;NÃO
12769620000179;NÃO;NÃO
12845759000154;SIM;SIM
12875404000108;NÃO;NÃO
12943455000120;SIM;SIM
12978232000289;NÃO INFORMADO;NÃO INFORMADO
13118126000107;SIM;SIM
13139045000193;SIM;SIM
13228447000164;SIM;SIM
13244841000196;SIM;NÃO
13267840000833;NÃO INFORMADO;NÃO INFORMADO
13286402000146;NÃO;NÃO
13372439000197;NÃO;NÃO
13450610000139;SIM;SIM
13531792000172;SIM;NÃO
13538929000110;SIM;NÃO
13545647000140;SIM;NÃO
13600951000143;SIM;SIM
13616192000107;SIM;NÃO
13682853000100;NÃO;NÃO
13759663000136;SIM;NÃO
13812884000201;NÃO INFORMADO;NÃO INFORMADO
13823124000119;NÃO;NÃO
13928484000185;SIM;SIM
14157785000115;NÃO;NÃO
14198794000154;NÃO;NÃO
14202407000106;SIM;NÃO
14411969000160;SIM;SIM
14444625000157;NÃO;NÃO
14459988000166;SIM;SIM
14492112000111;SIM;NÃO
14519240000101;SIM;SIM
14717153000169;NÃO;NÃO
14791261000181;NÃO;NÃO
14929785000196;SIM;SIM
14952544000168;NÃO;NÃO
15009589000166;SIM;NÃO
15039528000141;SIM;SIM
15207613000171;NÃO;NÃO
15274200000100;SIM;SIM
15341963000126;SIM;NÃO
15414465000166;NÃO;NÃO
15435831000163;SIM;NÃO
15647686000184;NÃO;NÃO
15670042000107;SIM;SIM
15676887000100;SIM;SIM
15698002000173;NÃO;NÃO
15734723000191;SIM;SIM
15771550000181;NÃO;NÃO
16010431010131;NÃO;NÃO
16098156000197;NÃO;NÃO
16565111002129;NÃO;NÃO
16580842000108;SIM;SIM
16598424000130;SIM;NÃO
16643187000181;SIM;SIM
16772412000180;SIM;SIM
16778073000149;NÃO;NÃO
16793827000130;SIM;NÃO
16816550000113;SIM;NÃO
16841091000128;NÃO;NÃO
16878637000115;NÃO;NÃO
16906876000131;SIM;SIM
16922038000151;NÃO;NÃO
16924825000132;NÃO;NÃO
16953438000124;SIM;SIM
16962566000134;SIM;NÃO
17004301000196;SIM;SIM
17032981000151;SIM;NÃO
17085429000121;SIM;NÃO
17139549000164;NÃO;NÃO
17179768000177;NÃO;NÃO
17224822000159;SIM;NÃO
17285570000178;SIM;NÃO
17293087000135;NÃO;NÃO
17295170000143;NÃO;NÃO
17401892000135;SIM;SIM
17508280000146;SIM;NÃO
17527039000164;NÃO;NÃO
17571156000125;SIM;NÃO
17676825000123;SIM;NÃO
17698471000207;NÃO;NÃO
17740304000198;SIM;NÃO
17747102000178;SIM;SIM
17768749000186;NÃO;NÃO
17928461000121;SIM;SIM
17978217000173;SIM;NÃO
17983190000107;SIM;NÃO
18021990000100;SIM;NÃO
18237353000175;SIM;NÃO
18240743000102;SIM;SIM
18307792000107;SIM;NÃO
18356130000127;NÃO;NÃO
18376747000104;SIM;NÃO
18395438000181;SIM;NÃO
18463951000162;SIM;SIM
18483666000103;NÃO;NÃO
18498483000161;SIM;SIM
18675719000198;NÃO;NÃO
18699234000134;SIM;SIM
18745490000110;SIM;NÃO
18750262000139;SIM;SIM
18793040000101;SIM;SIM
18833429000125;SIM;SIM
18833499000183;SIM;SIM
18873394000158;SIM;NÃO
18993580000120;SIM;NÃO
19113637000201;NÃO INFORMADO;NÃO INFORMADO
19116117000163;SIM;SIM
19180128000102;NÃO;NÃO
19407108000121;SIM;NÃO
19440800000151;NÃO;NÃO
19443942000172;SIM;NÃO
19469764000159;SIM;SIM
19471359000175;SIM;SIM
19534962000159;NÃO;NÃO
19585352000184;SIM;SIM
19586835000101;NÃO;NÃO
19630907000162;NÃO;NÃO
19657224000107;NÃO;NÃO
19720428000137;SIM;NÃO
19734973000182;NÃO;NÃO
19955535000144;SIM;SIM
20053826000207;NÃO INFORMADO;NÃO INFORMADO
20085971000199;SIM;SIM
20089701000237;NÃO INFORMADO;NÃO INFORMADO
20192598000175;SIM;SIM
20253544000172;SIM;SIM
20268204000115;SIM;SIM
20387563000191;SIM;SIM
20405729000155;SIM;SIM
20430212000116;SIM;SIM
20459424001955;NÃO INFORMADO;NÃO INFORMADO
20498992000136;SIM;SIM
20519196000132;SIM;SIM
20584957000130;NÃO;NÃO
20645671000117;SIM;NÃO
20706892000158;NÃO;NÃO
20928851000106;NÃO;NÃO
20934696000211;NÃO INFORMADO;NÃO INFORMADO
21122375000102;SIM;SIM
21127330000112;NÃO;NÃO
21242242000161;SIM;NÃO
21373445000197;SIM;SIM
21382559000101;SIM;SIM
21452050000180;SIM;SIM
21477474000107;SIM;SIM
21513853000105;NÃO;NÃO
21565277000131;SIM;SIM
21570588000199;SIM;SIM
21579809000190;SIM;SIM
21661536000128;SIM;SIM
21668625000104;SIM;NÃO
21751321000106;SIM;SIM
21758256000132;SIM;NÃO
21767037000110;SIM;NÃO
21777469000101;SIM;SIM
21821355000111;NÃO;NÃO
21921516000149;SIM;NÃO
21951933000134;SIM;SIM
21971055000119;SIM;NÃO
22065324000140;NÃO;NÃO
22082538000125;SIM;NÃO
22083532000172;SIM;SIM
22089766000127;SIM;SIM
22203402000126;SIM;SIM
22305945000154;NÃO;NÃO
22327242000127;SIM;SIM
22417237000105;SIM;NÃO
22424768000125;SIM;NÃO
22547545000155;SIM;NÃO
22780806000182;SIM;NÃO
22797772000139;NÃO;NÃO
22847655000132;SIM;SIM
22938222000192;SIM;NÃO
22997808000128;SIM;SIM
23013985000195;NÃO;NÃO
23025073000133;SIM;NÃO
23098552000180;SIM;SIM
23204037000137;SIM;SIM
23211421000167;NÃO;NÃO
23217985000107;SIM;NÃO
23261804000140;SIM;SIM
23305793000152;NÃO;NÃO
23375261000191;NÃO;NÃO
23402470000187;SIM;SIM
23435176000171;SIM;SIM
23480086000100;SIM;SIM
23500789000145;SIM;SIM
23537619000135;SIM;SIM
23558279000129;SIM;SIM
23614132000109;SIM;SIM
23617199000105;SIM;SIM
23700798000180;SIM;SIM
23778099000152;SIM;SIM
23873641000156;SIM;SIM
23923322000108;SIM;SIM
24002054000154;SIM;SIM
24040876000120;SIM;NÃO
24196171000104;NÃO;NÃO
24264222000180;SIM;SIM
24265319000107;SIM;SIM
24315728000170;NÃO;NÃO
24329410000149;SIM;SIM
24364772000170;SIM;SIM
24454433000185;SIM;NÃO
24495735000100;SIM;NÃO
24611837000135;SIM;SIM
24661149000180;NÃO;NÃO
24682678000160;SIM;SIM
24696954000149;SIM;SIM
24725115000101;SIM;SIM
24857183000124;SIM;SIM
24881513000117;SIM;SIM
24888155000174;SIM;SIM
24910837000136;NÃO;NÃO
24933669000102;SIM;SIM
24963733000190;SIM;SIM
25019265000162;NÃO;NÃO
25106290000183;SIM;SIM
25122162000123;SIM;SIM
25188460000116;NÃO;NÃO
25289584000198;SIM;NÃO
25340218000116;SIM;SIM
25353720000242;NÃO;NÃO
25847617000178;NÃO;NÃO
26122655000126;NÃO;NÃO
26152567000177;SIM;SIM
26229127000170;SIM;NÃO
26290115000151;NÃO;NÃO
26295380000122;NÃO;NÃO
26338088000140;SIM;SIM
26367835000178;SIM;SIM
26388233000105;SIM;SIM
26411668000115;SIM;NÃO
26435687000181;NÃO;NÃO
26512471000172;SIM;SIM
26517783000179;NÃO;NÃO
26546173000101;SIM;SIM
26594712000250;NÃO INFORMADO;NÃO INFORMADO
26621218000157;SIM;NÃO
26661839000164;SIM;SIM
26665107000142;SIM;NÃO
26688654000143;SIM;SIM
26705338000132;SIM;SIM
26706035000134;NÃO;NÃO
26724294000198;NÃO;NÃO
26759911000190;NÃO;NÃO
26792984000184;SIM;SIM
26976292000196;SIM;SIM
26989467000108;NÃO;NÃO
27027301000165;SIM;SIM
27056910200150;NÃO;NÃO
27058025000100;SIM;NÃO
27059824000193;SIM;NÃO
27146215000171;SIM;SIM
27219003000177;SIM;SIM
27284555000169;SIM;SIM
27391235000108;NÃO;NÃO
27404962000162;SIM;NÃO
27415485000130;SIM;NÃO
27479786000128;SIM;NÃO
27610255000122;SIM;SIM
27686902000180;NÃO;NÃO
27690930000170;SIM;SIM
27712057000170;SIM;SIM
27790360000190;SIM;SIM
27798569000109;SIM;SIM
27848531000195;SIM;SIM
27959631000199;NÃO;NÃO
28019368000110;SIM;SIM
28024583000100;SIM;SIM
28110548000103;SIM;NÃO
28169082000111;SIM;NÃO
28211303000172;SIM;NÃO
28216095000102;SIM;SIM
28224918000567;NÃO INFORMADO;NÃO INFORMADO
28272471000178;SIM;SIM
28286529000132;SIM;SIM
28299386000446;NÃO;NÃO
28305676000102;SIM;SIM
28407051000151;SIM;SIM
28425845000148;SIM;NÃO
28436405000196;SIM;SIM
28509555000182;SIM;SIM
28631787000109;NÃO;NÃO
28648143000123;SIM;SIM
28659361000163;SIM;NÃO
28671296000191;SIM;NÃO
28689542000132;SIM;SIM
28743436000190;SIM;SIM
28774183000111;SIM;SIM
28817514000153;SIM;SIM
28818519000109;SIM;SIM
28828794000103;NÃO;NÃO
28906105000123;NÃO;NÃO
28955324000100;NÃO;NÃO
29021898000166;SIM;SIM
29024937000189;SIM;SIM
29056992000150;SIM;SIM
29080644000119;SIM;NÃO
29153838000105;SIM;SIM
29242413000164;NÃO;NÃO
29242948000135;NÃO;NÃO
29252862000193;NÃO;NÃO
29302532000165;SIM;SIM
29324789000118;NÃO;NÃO
29383198000111;SIM;SIM
29409369000134;SIM;SIM
29456371000164;SIM;SIM
29652478000269;NÃO INFORMADO;NÃO INFORMADO
29665969000163;SIM;SIM
29669861000149;SIM;SIM
29744778653310;NÃO;NÃO
29747856000107;SIM;NÃO
29751714000113;SIM;NÃO
29775613000182;SIM;NÃO
29789763000145;SIM;SIM
29800237000139;NÃO;NÃO
29818503000150;SIM;SIM
29849397000172;SIM;SIM
29904159000112;SIM;SIM
29905279000134;SIM;SIM
29911713000199;SIM;NÃO
29932914000172;SIM;NÃO
29942960000152;SIM;SIM
29955560000181;SIM;SIM
29997623000162;SIM;SIM
30003133000182;SIM;SIM
30051207000156;SIM;NÃO
30178689000100;SIM;SIM
30183866000146;SIM;SIM
30201251000103;SIM;SIM
30262164000158;SIM;NÃO
30266711000173;SIM;NÃO
30267949000113;SIM;SIM
30339646000169;NÃO;NÃO
30365269000132;SIM;SIM
30438313000197;SIM;SIM
30474032000190;SIM;SIM
30703736000197;SIM;NÃO
30721814000186;SIM;SIM
30752286000122;SIM;SIM
30765554000140;SIM;SIM
30769107000160;NÃO;NÃO
30800672000142;SIM;NÃO
30831484000181;SIM;SIM
30854975000148;SIM;SIM
30887945000138;SIM;SIM
30907285000100;SIM;SIM
30963149000137;SIM;SIM
30968021000166;SIM;SIM
30987201000195;SIM;SIM
30991488000127;SIM;SIM
31021465000152;SIM;SIM
31026901000186;SIM;SIM
31066117000100;SIM;SIM
31103606000186;SIM;NÃO
31151388000155;SIM;SIM
31158725000136;SIM;SIM
31170649000184;NÃO;NÃO
31188319000116;SIM;SIM
31260355000143;SIM;SIM
31359900000153;SIM;NÃO
31373485000192;SIM;SIM
31376195000100;SIM;SIM
31404913000105;SIM;SIM
31447521000115;SIM;SIM
31450614000360;NÃO;NÃO
31466333000134;SIM;NÃO
31517372000113;SIM;SIM
31522853000117;SIM;NÃO
31667950000106;SIM;NÃO
31677548000102;SIM;NÃO
31744137000184;SIM;NÃO
31762769000170;SIM;SIM
31787263000116;SIM;NÃO
31815525003809;NÃO INFORMADO;NÃO INFORMADO
31816387000182;SIM;SIM
31832699000180;SIM;NÃO
31843834000192;SIM;SIM
31886646000141;SIM;NÃO
31914008000197;SIM;SIM
31920569000107;SIM;SIM
31929520000107;SIM;SIM
31989515000190;SIM;SIM
31994005000100;SIM;SIM
32011679000100;SIM;SIM
32017183000144;SIM;SIM
32038956000179;SIM;SIM
32096663000148;SIM;SIM
32143044000167;NÃO;NÃO
32151668000126;SIM;SIM
32206396000114;SIM;NÃO
32237165000178;SIM;NÃO
32356535000196;SIM;SIM
32378491000103;SIM;SIM
32456272000197;SIM;SIM
32540439000101;SIM;SIM
32560370000170;SIM;SIM
32567262000129;SIM;SIM
32575708000167;NÃO;NÃO
32622975000148;SIM;NÃO
32637206000113;SIM;SIM
32673591000154;SIM;NÃO
32689948000192;SIM;SIM
32784984000135;SIM;SIM
32814858000186;SIM;NÃO
32834471000191;SIM;SIM
32851838000185;SIM;SIM
32871301000187;SIM;SIM
32872247000194;SIM;SIM
32935648000146;SIM;SIM
32961378000148;SIM;NÃO
33009636000153;SIM;SIM
33056506000171;SIM;NÃO
33056555000104;SIM;NÃO
33139367000140;SIM;SIM
33151348000139;SIM;SIM
33171412000143;SIM;SIM
33192951000169;SIM;NÃO
33216369000195;SIM;SIM
33258037000173;SIM;NÃO
33269419000100;SIM;NÃO
33301964000129;SIM;SIM
33308328000129;SIM;SIM
33321169000100;SIM;SIM
33398419000100;NÃO;NÃO
33489687000120;SIM;SIM
33551371000110;SIM;SIM
33592926000172;NÃO;NÃO
33730034000190;SIM;NÃO
33769611000158;SIM;SIM
33842657000155;NÃO;NÃO
33845386000191;SIM;SIM
33891344000197;SIM;SIM
33900236000133;SIM;SIM
33951075000107;SIM;SIM
34033848000139;NÃO;NÃO
34082688000118;SIM;SIM
34088945000129;SIM;SIM
34094494000132;SIM;SIM
34193175000184;SIM;SIM
34211384000294;NÃO INFORMADO;NÃO INFORMADO
34263590000167;NÃO;NÃO
34328293000152;SIM;SIM
34359253000178;SIM;SIM
34399623000109;SIM;SIM
34435017000193;SIM;NÃO
34439934000146;SIM;SIM
34441070000105;SIM;NÃO
34527253000130;SIM;SIM
34631083000139;SIM;NÃO
34659515000110;SIM;NÃO
34690293000106;SIM;SIM
34696523000136;SIM;NÃO
34719788000102;NÃO;NÃO
34765697000103;SIM;SIM
34784115000306;NÃO INFORMADO;NÃO INFORMADO
34790970000150;SIM;NÃO
34802799000151;SIM;NÃO
34829504000130;SIM;SIM
34834686000138;SIM;NÃO
34840778000120;SIM;SIM
34868020000109;SIM;SIM
34869082000127;SIM;SIM
34873529000131;SIM;SIM
34882495000141;SIM;SIM
34882769000100;SIM;SIM
34900617000185;NÃO;NÃO
34922503000136;SIM;SIM
34938503000124;SIM;SIM
34944231000175;SIM;NÃO
34953936000159;SIM;SIM
34991868000112;SIM;SIM
35020776000158;SIM;SIM
35078198000100;SIM;SIM
35087557000196;SIM;NÃO
35114947000108;SIM;SIM
35136790000111;SIM;SIM
35142680000162;SIM;NÃO
35158971000149;NÃO;NÃO
35197962000167;SIM;SIM
35205646000190;SIM;SIM
35285452000141;SIM;SIM
35297879000160;SIM;NÃO
35304157000195;SIM;SIM
35335147000117;SIM;NÃO
35368559000153;SIM;SIM
35382263000197;SIM;SIM
35478467000126;SIM;SIM
35547534000117;SIM;SIM
35634728000150;SIM;SIM
35657200000104;SIM;SIM
35682263000102;SIM;SIM
35684896000150;SIM;NÃO
35725786000199;SIM;NÃO
35785776000220;NÃO INFORMADO;NÃO INFORMADO
35809778000120;NÃO;NÃO
35830098000199;SIM;NÃO
35852522000104;SIM;SIM
35917322000184;SIM;SIM
35941765000100;SIM;SIM
36023000000154;NÃO;NÃO
36043863000193;SIM;SIM
36058389000173;SIM;SIM
36072506000153;SIM;SIM
36079029000158;SIM;SIM
36087891000102;SIM;NÃO
36088681000139;SIM;SIM
36126672000195;SIM;SIM
36132088000142;SIM;SIM
36139424000189;SIM;SIM
36233801000144;SIM;SIM
36240584000110;SIM;SIM
36250632000150;SIM;SIM
36252089000120;SIM;SIM
36260138000177;SIM;SIM
36283048000100;SIM;SIM
36303141000120;SIM;SIM
36321688000159;SIM;NÃO
36326079000192;SIM;SIM
36352979000104;NÃO;NÃO
36353393000164;SIM;NÃO
36366439000180;NÃO;NÃO
36399991000174;NÃO;NÃO
36480795000120;NÃO INFORMADO;NÃO INFORMADO
36482074000159;SIM;SIM
36519623000112;SIM;SIM
36524291000164;SIM;SIM
36530705000168;SIM;NÃO
36536193000147;SIM;SIM
36561543000125;SIM;SIM
36581344000189;SIM;SIM
36594656000127;SIM;SIM
36692570000137;SIM;SIM
36699008000135;SIM;SIM
36721806000116;SIM;SIM
36722022000102;SIM;SIM
36722983000117;SIM;SIM
36724445000161;SIM;NÃO
36739289000102;SIM;SIM
36745405000104;SIM;SIM
36759877000108;SIM;SIM
36797668000159;SIM;SIM
36799855000171;SIM;SIM
36815681000193;SIM;SIM
36833682000160;SIM;SIM
36932932000110;NÃO;NÃO
36945592000161;SIM;SIM
36958988000143;SIM;SIM
37020730000164;SIM;SIM
37022540000186;NÃO;NÃO
37029194000168;SIM;SIM
37045364000106;SIM;SIM
37049470000150;SIM;SIM
37064500000105;SIM;SIM
37121454000120;SIM;NÃO
37143832000177;SIM;SIM
37151872000160;SIM;SIM
37168782000182;SIM;SIM
37169536000145;SIM;SIM
37170717000191;SIM;NÃO
37232470000190;SIM;NÃO
37248593000110;SIM;SIM
37315727000178;SIM;SIM
37323124000118;SIM;SIM
37329549000134;SIM;SIM
37336426000120;SIM;NÃO
37435282000160;SIM;SIM
37437959000107;SIM;SIM
37446650000175;SIM;SIM
37532953000100;SIM;NÃO
37535055000106;SIM;SIM
37542272000123;SIM;SIM
37585186000106;SIM;SIM
37625203000183;SIM;SIM
37633568000150;SIM;SIM
37735431000106;SIM;SIM
37745990000105;SIM;SIM
37783050000100;SIM;SIM
37821160000101;SIM;SIM
37858512000101;SIM;SIM
37872310000106;SIM;SIM
37878280000145;SIM;NÃO
37880300000112;SIM;SIM
37886099000180;SIM;SIM
37905721000150;SIM;NÃO
37953183000170;NÃO INFORMADO;NÃO INFORMADO
37964254000130;SIM;NÃO
38093539000296;NÃO INFORMADO;NÃO INFORMADO
38162671000121;NÃO INFORMADO;NÃO INFORMADO
38181022000178;SIM;SIM
38203305000173;SIM;SIM
38325785000145;SIM;SIM
38358740000177;SIM;SIM
38406368000127;SIM;SIM
38413857000106;SIM;SIM
38427394000131;SIM;SIM
38432004000111;SIM;SIM
38456921000136;NÃO INFORMADO;NÃO INFORMADO
38485547000105;SIM;NÃO
38539793000194;SIM;SIM
38634941000150;SIM;SIM
38650208000129;NÃO INFORMADO;NÃO INFORMADO
39143075000167;SIM;SIM
39149860000127;SIM;SIM
39226961000154;SIM;SIM
39227644000152;NÃO INFORMADO;NÃO INFORMADO
39264798000114;SIM;NÃO
39272375000146;SIM;NÃO
39282505000121;SIM;NÃO
39387353000121;SIM;SIM
39388638000187;SIM;SIM
39404220000116;SIM;NÃO
39405482000103;SIM;SIM
39429242000130;SIM;SIM
39432722000150;SIM;SIM
39485327000136;SIM;SIM
39556879000198;SIM;SIM
39607386000130;SIM;NÃO
39622714000177;SIM;SIM
39629256000106;SIM;SIM
39658211000151;NÃO INFORMADO;NÃO INFORMADO
39659937000109;NÃO INFORMADO;NÃO INFORMADO
39670304000100;SIM;SIM
39673651000188;SIM;SIM
39703651000183;NÃO INFORMADO;NÃO INFORMADO
39755653000116;SIM;SIM
39784460000193;SIM;SIM
39863502000181;SIM;SIM
39872363000152;SIM;NÃO
39880917000163;SIM;SIM
39896890000105;SIM;SIM
39912956000103;SIM;SIM
39923906000113;SIM;SIM
39938046000191;SIM;SIM
39952587000174;SIM;NÃO
39991662000106;SIM;SIM
40036260000131;SIM;SIM
40038886000187;SIM;NÃO
40052092000178;NÃO INFORMADO;NÃO INFORMADO
40052737000172;SIM;SIM
40054232000147;NÃO INFORMADO;NÃO INFORMADO
40068445000128;SIM;SIM
40212817000148;NÃO INFORMADO;NÃO INFORMADO
40245454000147;SIM;SIM
40289547000173;SIM;SIM
40341611000118;SIM;SIM
40360152000110;SIM;NÃO
40503946000195;SIM;SIM
40518715000155;SIM;NÃO
40537538000154;SIM;SIM
40539084000150;SIM;NÃO
40634038000130;SIM;SIM
40635830000100;SIM;SIM
40645267000150;SIM;NÃO
40651160000115;SIM;SIM
40722109000157;SIM;NÃO
40722870000199;NÃO INFORMADO;NÃO INFORMADO
40727865000179;SIM;SIM
40746442000104;SIM;SIM
40824512000197;SIM;SIM
40832407000108;SIM;SIM
40836142000108;SIM;SIM
40854062000185;SIM;SIM
40928402000175;SIM;SIM
40983894000100;SIM;SIM
40991372000141;NÃO INFORMADO;NÃO INFORMADO
40995445000173;SIM;SIM
41006501000162;SIM;NÃO
41014638000169;SIM;SIM
41027844000103;SIM;SIM
41034640000108;SIM;NÃO
41085914000180;SIM;SIM
41102733000114;SIM;SIM
41115223000181;SIM;NÃO
41182737000150;SIM;NÃO
41208973000106;SIM;SIM
41216823000136;SIM;SIM
41221566000120;NÃO INFORMADO;NÃO INFORMADO
41222518000157;SIM;SIM
41234299000126;SIM;SIM
41254088000155;SIM;SIM
41267024000199;SIM;NÃO
41273892000181;SIM;NÃO
41308157000166;SIM;SIM
41330850000135;NÃO INFORMADO;NÃO INFORMADO
41385368000100;SIM;SIM
41421696000107;SIM;NÃO
41448805000180;SIM;SIM
41465569000100;SIM;NÃO
41470492000166;SIM;SIM
41483292000148;SIM;SIM
41485553000169;SIM;SIM
41490000000102;SIM;SIM
41490223000161;SIM;NÃO
41496835000161;SIM;SIM
41500584000141;SIM;SIM
41512952000171;NÃO INFORMADO;NÃO INFORMADO
41519494000100;SIM;NÃO
41542138000108;NÃO;NÃO
41543343000180;SIM;NÃO
41546835000129;SIM;SIM
41583521000104;SIM;NÃO
41606197000194;SIM;NÃO
41680314000160;SIM;SIM
41727701000104;SIM;SIM
41728501000176;SIM;SIM
41748995000150;NÃO INFORMADO;NÃO INFORMADO
41826110000194;SIM;SIM
41847496000110;SIM;SIM
41854055000146;SIM;SIM
41971592000176;SIM;SIM
41976114000159;SIM;SIM
42016928000104;NÃO INFORMADO;NÃO INFORMADO
42035474000119;SIM;NÃO
42045676000141;SIM;NÃO
42059723000106;SIM;SIM
42060752000198;SIM;SIM
42066995000133;SIM;SIM
42084076000192;SIM;SIM
42110034000189;SIM;SIM
42120111000181;SIM;SIM
42132497000141;SIM;SIM
42158820000156;SIM;NÃO
42164826000136;SIM;SIM
42165409000108;SIM;SIM
42178783000148;SIM;NÃO
42230777000192;SIM;SIM
42277603000185;SIM;SIM
42300116000196;SIM;SIM
42307121000120;SIM;SIM
42308435000148;SIM;SIM
42334528000147;SIM;SIM
42339480000160;SIM;SIM
42343589000170;SIM;SIM
42348293000142;SIM;SIM
42354707000146;SIM;SIM
42390274000184;NÃO INFORMADO;NÃO INFORMADO
42404737000110;SIM;SIM
42459632000168;SIM;SIM
42489459000140;SIM;NÃO
42491824000151;SIM;SIM
42519668000190;SIM;SIM
42615362000137;SIM;SIM
42620429000121;SIM;NÃO
42669240000123;SIM;SIM
42676480000155;SIM;SIM
42737438000105;SIM;SIM
42761606000190;SIM;SIM
42809196000100;SIM;NÃO
42838204000146;SIM;SIM
42910787000179;SIM;SIM
42927027000174;SIM;SIM
42962687000196;SIM;SIM
43021701000110;SIM;NÃO
43023788000164;SIM;SIM
43040467000178;SIM;SIM
43061205000190;SIM;SIM
43104981000120;SIM;SIM
43199170000150;SIM;NÃO
43205217000140;SIM;SIM
43210174000191;SIM;SIM
43253044000136;SIM;SIM
43285839000126;SIM;SIM
43333298000164;SIM;SIM
43370527000110;SIM;NÃO
43371243000149;SIM;SIM
43509279000146;SIM;NÃO
43549407000185;SIM;SIM
43563720000178;SIM;SIM
43591508000114;SIM;SIM
43676748000111;SIM;SIM
43682675000170;SIM;SIM
43694853000183;SIM;SIM
43714669000158;SIM;SIM
43776517071443;NÃO;NÃO
43786442000118;SIM;SIM
43805756000110;SIM;SIM
43814122000124;SIM;SIM
43844663000103;SIM;SIM
43858177000136;NÃO INFORMADO;NÃO INFORMADO
43898694000139;SIM;SIM
43928820000150;SIM;SIM
43934803000126;SIM;NÃO
43938215000160;SIM;SIM
43951227000800;NÃO;NÃO
43980602000165;SIM;SIM
43989933000166;SIM;SIM
44012943000100;SIM;SIM
44022113000163;SIM;SIM
44064793000188;SIM;SIM
44066015000128;SIM;SIM
44080286000138;SIM;SIM
44087343000100;SIM;SIM
44129594000100;SIM;SIM
44194030000151;SIM;SIM
44223657000193;SIM;SIM
44225264000119;SIM;NÃO
44225496000177;SIM;NÃO
44233333000136;SIM;SIM
44250930000179;SIM;SIM
44266084000185;SIM;SIM
44279533000120;SIM;SIM
44328285000160;SIM;SIM
44422300000134;NÃO INFORMADO;NÃO INFORMADO
44426191000123;SIM;SIM
44430032000100;SIM;SIM
44442014000130;SIM;SIM
44442925000168;SIM;SIM
44446448000109;SIM;SIM
44487963000137;SIM;SIM
44492212000109;SIM;SIM
44492321000126;SIM;SIM
44553108000187;SIM;NÃO
44590873000177;SIM;SIM
44598451000148;SIM;NÃO
44604556000162;SIM;SIM
44611056000158;NÃO INFORMADO;NÃO INFORMADO
44632013000159;SIM;SIM
44645805000168;SIM;SIM
44647911000180;NÃO INFORMADO;NÃO INFORMADO
44648474000110;SIM;NÃO
44666265000107;SIM;SIM
44675397000197;SIM;SIM
44686238000198;SIM;SIM
44699538000101;SIM;SIM
44699543000114;SIM;SIM
44712094000105;SIM;SIM
44736164000157;SIM;SIM
44752755000118;SIM;SIM
44767943000110;SIM;SIM
44769096000122;SIM;NÃO
44805717000186;SIM;SIM
44806327000120;SIM;SIM
44816327000101;SIM;SIM
44825927000136;SIM;SIM
44866111000150;SIM;SIM
44890626000196;SIM;NÃO
44900589000150;SIM;SIM
44941801000127;SIM;SIM
44948087000107;SIM;SIM
44965446000126;SIM;SIM
44997699000181;SIM;SIM
45058875000182;SIM;SIM
45067737000160;SIM;SIM
45081418000109;SIM;SIM
45087768000182;SIM;SIM
45094991000157;SIM;SIM
45124110000101;SIM;SIM
45124663000156;SIM;SIM
45176671000146;SIM;SIM
45191261000174;SIM;SIM
45242914000105;NÃO;NÃO
45259130000181;SIM;SIM
45305779000191;SIM;SIM
45335450000173;SIM;SIM
45337918000169;SIM;SIM
45347578000157;SIM;SIM
45350780000138;SIM;SIM
45357021000105;SIM;SIM
45371955000193;SIM;SIM
45389161000157;SIM;SIM
45403626000187;SIM;SIM
45424743000127;NÃO INFORMADO;NÃO INFORMADO
45426588000188;SIM;NÃO
45453118000103;SIM;SIM
45453214000151;NÃO;NÃO
45475483000119;SIM;SIM
45526920000186;SIM;NÃO
45537135000129;SIM;SIM
45543915040485;NÃO;NÃO
45570020000136;SIM;SIM
45587437000101;SIM;NÃO
45605553000106;SIM;SIM
45623198000106;SIM;NÃO
45630666000161;SIM;SIM
45649375000115;SIM;SIM
45665169000107;SIM;SIM
45669339000113;SIM;SIM
45676547000140;SIM;SIM
45734586000156;NÃO INFORMADO;NÃO INFORMADO
45783556000130;SIM;NÃO
45829802000147;SIM;SIM
45843139000135;SIM;SIM
45862662000109;SIM;NÃO
45891377000116;SIM;SIM
45934274000196;SIM;SIM
45962942000199;SIM;SIM
45980055000143;SIM;NÃO
46022436000182;SIM;SIM
46055322000139;SIM;NÃO
46055382000151;SIM;SIM
46063117000115;SIM;NÃO
46068895000105;SIM;SIM
46078103000175;SIM;SIM
46129431000153;SIM;SIM
46140788000132;SIM;SIM
46144871000180;SIM;SIM
46160633000168;SIM;SIM
46161512000130;SIM;SIM
46171240000150;SIM;SIM
46182265000159;SIM;SIM
46189857000100;NÃO INFORMADO;NÃO INFORMADO
46225799000115;SIM;SIM
46261630000110;SIM;SIM
46303659000118;SIM;SIM
46319955000107;SIM;SIM
46324995000147;SIM;SIM
46327690000199;SIM;SIM
46334693000150;SIM;SIM
46371660000180;SIM;SIM
46451424000173;SIM;SIM
46476922000170;SIM;SIM
46504294000190;SIM;SIM
46511282000192;SIM;SIM
46560807000180;SIM;SIM
46574238000121;SIM;NÃO
46598978000106;SIM;SIM
46614536000106;SIM;SIM
46676259000158;SIM;SIM
46685291000108;SIM;SIM
46729085000144;SIM;SIM
46740563000117;SIM;NÃO
46800170000151;SIM;SIM
46810052000124;SIM;SIM
46861164000104;NÃO INFORMADO;NÃO INFORMADO
46870339000140;SIM;SIM
46874610000115;SIM;SIM
46886298000180;SIM;NÃO
46888415000144;SIM;NÃO
46911405000182;SIM;SIM
46938224000140;SIM;SIM
46947038000177;NÃO INFORMADO;NÃO INFORMADO
46951818000190;SIM;SIM
46957119000158;SIM;NÃO
46963102000103;SIM;NÃO
46983998000192;SIM;SIM
47008405000130;SIM;SIM
47036077000185;SIM;NÃO
47038101000115;SIM;NÃO
47040087000194;SIM;SIM
47138618000186;SIM;SIM
47199680000188;SIM;NÃO
47207508000129;SIM;SIM
47217745000170;SIM;SIM
47237138000172;SIM;SIM
47247527000189;SIM;SIM
47268742000166;SIM;NÃO
47283871000123;SIM;SIM
47295919000113;SIM;SIM
47317097000124;SIM;SIM
47323330000181;SIM;SIM
47326325000122;SIM;SIM
47341436000108;NÃO INFORMADO;NÃO INFORMADO
47370815000126;SIM;SIM
47432916000184;SIM;NÃO
47466813000135;SIM;SIM
47468009000195;SIM;SIM
47510583000164;NÃO INFORMADO;NÃO INFORMADO
47524832000170;SIM;SIM
47564563000176;SIM;SIM
47573114000194;NÃO INFORMADO;NÃO INFORMADO
47603483000182;SIM;SIM
47616375000144;SIM;SIM
47617114000149;SIM;SIM
47651140000193;SIM;SIM
47662059000109;SIM;SIM
47667021000129;SIM;SIM
47687927000105;SIM;SIM
47692708000114;SIM;SIM
47731181000190;SIM;SIM
47736804000117;SIM;SIM
47741216000171;SIM;SIM
47743439000178;SIM;SIM
47795829000191;NÃO INFORMADO;NÃO INFORMADO
47795882000192;SIM;SIM
47889956000150;SIM;SIM
47953978000131;NÃO INFORMADO;NÃO INFORMADO
47976155000121;NÃO INFORMADO;NÃO INFORMADO
48014944000144;NÃO INFORMADO;NÃO INFORMADO
48017184000129;NÃO INFORMADO;NÃO INFORMADO
48032303000112;NÃO INFORMADO;NÃO INFORMADO
48055061000182;NÃO INFORMADO;NÃO INFORMADO
48065089000109;NÃO INFORMADO;NÃO INFORMADO
48094386000174;NÃO INFORMADO;NÃO INFORMADO
48101600000172;NÃO INFORMADO;NÃO INFORMADO
48111955000142;NÃO INFORMADO;NÃO INFORMADO
48116220000101;NÃO INFORMADO;NÃO INFORMADO
48159109000100;NÃO INFORMADO;NÃO INFORMADO
48177998000120;NÃO INFORMADO;NÃO INFORMADO
48182050000163;NÃO INFORMADO;NÃO INFORMADO
48191673000100;NÃO INFORMADO;NÃO INFORMADO
48193653000160;NÃO INFORMADO;NÃO INFORMADO
48207770000136;NÃO INFORMADO;NÃO INFORMADO
48211126000131;NÃO INFORMADO;NÃO INFORMADO
48289058000123;NÃO INFORMADO;NÃO INFORMADO
48292779000192;NÃO INFORMADO;NÃO INFORMADO
48292949000139;NÃO INFORMADO;NÃO INFORMADO
48295033000132;NÃO INFORMADO;NÃO INFORMADO
48313064000179;NÃO INFORMADO;NÃO INFORMADO
48337250000148;NÃO INFORMADO;NÃO INFORMADO
48347896000106;NÃO INFORMADO;NÃO INFORMADO
48367873000163;NÃO INFORMADO;NÃO INFORMADO
48373642000162;NÃO INFORMADO;NÃO INFORMADO
49213747012638;NÃO;NÃO
49669856000143;NÃO;NÃO
49769920000168;NÃO;NÃO
51218147000193;NÃO;NÃO
51642270000137;NÃO;NÃO
52061207006615;NÃO;NÃO
54855135000168;SIM;NÃO
55062780004930;NÃO;NÃO
56782386000195;SIM;NÃO
59717553000102;NÃO;NÃO
60398369000479;NÃO;NÃO
60651809000105;NÃO;NÃO
60770336000165;NÃO;NÃO
61022042000118;NÃO;NÃO
61186680000174;NÃO;NÃO
61409892000173;NÃO;NÃO
61584140000149;NÃO;NÃO
62299664000150;NÃO;NÃO
62755004000137;NÃO;NÃO
65518672000139;SIM;NÃO
68644665000171;NÃO;NÃO
71476527000135;NÃO;NÃO
72049893000170;NÃO;NÃO
73461311000121;SIM;NÃO
75315333000109;NÃO;NÃO
75358945000189;NÃO;NÃO
79445367000179;SIM;NÃO
80169337000166;NÃO;NÃO
80196546000107;NÃO;NÃO
82640558000104;NÃO;NÃO
85786705000139;NÃO;NÃO
87816351000153;NÃO;NÃO
89837066000225;NÃO;NÃO
91669747000192;NÃO;NÃO
91990606000177;NÃO;NÃO
92278233000179;SIM;NÃO
92664937000180;NÃO;NÃO
92665611000177;NÃO;NÃO
93533578000780;NÃO;NÃO
94174190000107;SIM;NÃO
96295654000592;NÃO INFORMADO;NÃO INFORMADO
96480132000137;NÃO;NÃO
97526552000170;NÃO;NÃO
97541738000106;NÃO;NÃO
00000000035300;NÃO;NÃO
00021055000269;NÃO INFORMADO;NÃO INFORMADO
00021803000203;NÃO;NÃO
00070698000111;NÃO;NÃO
00116845000147;NÃO;NÃO
00511505000110;NÃO;NÃO
00573373000151;SIM;NÃO
00622309000113;NÃO;NÃO
00622416000141;NÃO;NÃO
00687544000505;NÃO INFORMADO;NÃO INFORMADO
00774872000107;NÃO;NÃO
00945803000119;SIM;NÃO
00984317000100;SIM;SIM
01003694000183;NÃO;NÃO
01027058000191;NÃO;NÃO
01064094000206;NÃO;NÃO
01091999000194;SIM;NÃO
01165426000249;SIM;NÃO
01264859000170;SIM;NÃO
01374745000183;SIM;NÃO
01393994000116;NÃO;NÃO
01409043000279;NÃO INFORMADO;NÃO INFORMADO
01512926000129;NÃO;NÃO
01548981000179;NÃO;NÃO
01581510000162;NÃO;NÃO
01716129000163;NÃO;NÃO
01867792000320;NÃO;NÃO
01923472000189;NÃO;NÃO
01924876000197;NÃO;NÃO
01933064000108;NÃO;NÃO
02162616000194;NÃO;NÃO
02193750000152;NÃO;NÃO
02220190000188;SIM;NÃO
02234584000195;NÃO;NÃO
02343608000144;NÃO;NÃO
02435159000164;SIM;NÃO
02462250000179;NÃO;NÃO
02471963000107;SIM;NÃO
02565439000197;NÃO;NÃO
02794356000170;NÃO;NÃO
02845496000120;SIM;SIM
02860694000162;NÃO;NÃO
03093981000157;SIM;NÃO
03159879000107;NÃO;NÃO
03186534000142;NÃO;NÃO
03228378000135;NÃO;NÃO
03244471000133;NÃO;NÃO
03329957000174;SIM;NÃO
03384517000110;SIM;NÃO
03512292000130;NÃO;NÃO
03703773000122;NÃO;NÃO
03710817000222;NÃO;NÃO
03893350001275;NÃO INFORMADO;NÃO INFORMADO
03925669000182;NÃO;NÃO
03983431000103;NÃO;NÃO
04136938000275;NÃO INFORMADO;NÃO INFORMADO
04246204000168;NÃO;NÃO
04337607000112;NÃO;NÃO
04557338000108;NÃO;NÃO
04620479000110;NÃO;NÃO
04633789000179;SIM;NÃO
04659543000176;NÃO;NÃO
04692120000158;SIM;NÃO
04827322000160;NÃO;NÃO
04849526000100;NÃO;NÃO
04853601000106;NÃO;NÃO
04895728000180;NÃO;NÃO
04922101000170;NÃO;NÃO
04943782000153;SIM;NÃO
05008647000183;SIM;NÃO
05021030000106;NÃO;NÃO
05039977000217;NÃO;NÃO
05074056000104;SIM;NÃO
05075012000107;NÃO;NÃO
05233326000182;NÃO;NÃO
05340380000127;NÃO;NÃO
05386026000133;NÃO;NÃO
05422615000120;NÃO;NÃO
05489410001990;NÃO;NÃO
05511966000107;SIM;NÃO
05562939000325;NÃO;NÃO
05574910000282;NÃO;NÃO
05685711000160;NÃO;NÃO
05727788000156;SIM;NÃO
05799312000120;NÃO;NÃO
05925830000143;SIM;NÃO
06150090000183;NÃO;NÃO
06183687000124;SIM;NÃO
06351578000179;SIM;NÃO
06353786000107;NÃO;NÃO
06895257000305;NÃO INFORMADO;NÃO INFORMADO
06911965000112;SIM;NÃO
07049373000104;NÃO;NÃO
07191731000100;NÃO;NÃO
07415333000120;NÃO;NÃO
07526557000100;NÃO;NÃO
07542373000133;NÃO;NÃO
07576502000104;SIM;NÃO
07649307000167;NÃO;NÃO
07764776000127;NÃO;NÃO
07784953000137;SIM;NÃO
07801839000178;NÃO;NÃO
07882930000165;NÃO;NÃO
07888279000130;SIM;NÃO
07980817000112;SIM;NÃO
07999472000149;NÃO;NÃO
08047505000385;NÃO;NÃO
08062676000111;NÃO;NÃO
08153765000173;NÃO;NÃO
08158224000138;NÃO;NÃO
08217781000182;SIM;NÃO
08262838000165;NÃO;NÃO
08272476000193;SIM;NÃO
08292909000253;NÃO;NÃO
08332785004280;NÃO;NÃO
08373159000163;NÃO;NÃO
08375640000198;NÃO;NÃO
08476119000147;NÃO;NÃO
08495471000120;SIM;NÃO
08498927000296;NÃO;NÃO
08502613000139;NÃO;NÃO
08527342000176;NÃO;NÃO
08561046000191;NÃO;NÃO
08591625000349;NÃO;NÃO
08616659000189;NÃO;NÃO
08716285000173;SIM;NÃO
08741600000112;SIM;NÃO
08772578000178;NÃO;NÃO
08776010000125;NÃO;NÃO
08840914000172;SIM;NÃO
08847372000160;SIM;NÃO
08847797000179;NÃO;NÃO
09097124000101;SIM;NÃO
09146860000102;NÃO;NÃO
09179432000186;SIM;NÃO
09220921000487;NÃO;NÃO
09235509000198;SIM;NÃO
09243792000108;NÃO;NÃO
09356027000510;NÃO INFORMADO;NÃO INFORMADO
09425047000171;NÃO;NÃO
09507850000155;NÃO;NÃO
09596603000172;NÃO;NÃO
09626890000116;SIM;NÃO
09631882000168;NÃO;NÃO
09635175000140;SIM;NÃO
09646385000133;NÃO;NÃO
09657251000118;NÃO;NÃO
10080125000203;NÃO;NÃO
10082410000182;NÃO;NÃO
10247527000179;SIM;NÃO
10289136000117;NÃO;NÃO
10327303000177;NÃO;NÃO
10351812000135;SIM;NÃO
10546105000102;NÃO;NÃO
10614820000127;NÃO;NÃO
10698955000118;SIM;NÃO
10732146000185;SIM;NÃO
10810961000115;SIM;NÃO
10833420000102;SIM;NÃO
10838942000105;NÃO;NÃO
10851805000100;NÃO;NÃO
10853047000151;NÃO;NÃO
11042067000105;SIM;NÃO
11071264000152;SIM;NÃO
11091418000259;NÃO;NÃO
11107424000176;NÃO;NÃO
11175226000573;NÃO;NÃO
11200988000159;SIM;NÃO
11292079000198;SIM;NÃO
11374649000199;SIM;SIM
11379987000113;SIM;NÃO
11398910000190;SIM;SIM
11435304000106;NÃO;NÃO
11437603000171;SIM;NÃO
11601872000121;NÃO;NÃO
11631953000174;SIM;SIM
11634371000141;SIM;NÃO
11674715000146;SIM;NÃO
11694865000111;NÃO;NÃO
11725176000127;NÃO;NÃO
11759047000150;SIM;NÃO
11819962000193;SIM;NÃO
11970325000113;SIM;NÃO
12056060000105;NÃO;NÃO
12074575000138;SIM;NÃO
12091423000143;NÃO;NÃO
12196257000140;SIM;NÃO
12460773000130;SIM;SIM
12576366000192;SIM;NÃO
12600625000173;SIM;NÃO
12660752000168;SIM;SIM
12695343000105;SIM;SIM
12698021000101;SIM;SIM
12788260000152;SIM;SIM
12796254000147;SIM;SIM
12905033000160;NÃO;NÃO
12971838000101;SIM;NÃO
13052795000123;SIM;SIM
13150549000104;SIM;SIM
13243766000149;NÃO;NÃO
13256700000193;SIM;NÃO
13269819000109;SIM;NÃO
13433564000160;SIM;NÃO
13456862000175;SIM;SIM
13558592000103;NÃO;NÃO
13666599000149;NÃO;NÃO
13788120000147;NÃO;NÃO
13862494000165;SIM;NÃO
13891560000125;NÃO;NÃO
13915587000100;SIM;SIM
14054226000180;SIM;SIM
14067935000108;NÃO;NÃO
14089128000188;SIM;SIM
14129969000171;NÃO;NÃO
14172467000123;SIM;NÃO
14192913000161;NÃO;NÃO
14214452000180;SIM;SIM
14278122000159;NÃO;NÃO
14320433000139;SIM;NÃO
14321585000156;SIM;SIM
14328217000130;SIM;SIM
14467606000146;NÃO;NÃO
14540738000156;NÃO;NÃO
14738059000196;SIM;SIM
14797712000198;NÃO;NÃO
14819374000148;SIM;NÃO
14968471000100;SIM;NÃO
14997510000190;SIM;SIM
15089836000262;NÃO INFORMADO;NÃO INFORMADO
15098556000130;NÃO;NÃO
15105258000120;SIM;SIM
15148242000102;NÃO;NÃO
15174539000134;SIM;SIM
15177286000152;SIM;SIM
15211135000173;SIM;NÃO
15339076000113;SIM;SIM
15379224000123;NÃO;NÃO
15431781000146;SIM;NÃO
15444746000161;SIM;SIM
15464404000103;SIM;NÃO
15470921000195;SIM;SIM
15472389000145;NÃO;NÃO
15477216000110;SIM;SIM
15495136000197;SIM;NÃO
15503596000110;SIM;NÃO
15552047000135;SIM;SIM
15641692000124;NÃO;NÃO
15688469000132;SIM;NÃO
15706463000140;SIM;SIM
15738146000106;SIM;SIM
15912562000189;NÃO;NÃO
16492055000104;SIM;SIM
16506787000106;SIM;SIM
16507040000164;SIM;NÃO
16528927000139;SIM;NÃO
16660893000131;SIM;NÃO
16676520000159;NÃO;NÃO
16716209000196;SIM;SIM
16751914000124;NÃO;NÃO
16804093000147;SIM;SIM
16865358000117;SIM;NÃO
17065927000102;SIM;NÃO
17090070000180;SIM;NÃO
17106883000111;SIM;SIM
17123467000202;NÃO;NÃO
17184037000110;NÃO;NÃO
17205553000183;SIM;SIM
17264510000179;SIM;NÃO
17359233001907;NÃO INFORMADO;NÃO INFORMADO
17426103000110;SIM;NÃO
17520892000154;SIM;SIM
17535351000108;SIM;SIM
17565092000150;SIM;SIM
17828886000169;SIM;SIM
18023537000132;SIM;SIM
18025859000110;SIM;SIM
18084140000150;NÃO;NÃO
18171963000113;SIM;SIM
18432771000113;NÃO;NÃO
18473168000180;NÃO;NÃO
18521969000173;NÃO;NÃO
18587106000107;SIM;NÃO
18615280000108;SIM;SIM
18621723000173;SIM;SIM
18627532000119;SIM;SIM
18772098000160;SIM;SIM
18812538000166;SIM;NÃO
18840954000178;SIM;NÃO
19086063000130;SIM;SIM
19099222000131;NÃO;NÃO
19140718000101;SIM;SIM
19157709000123;SIM;NÃO
19228433000127;SIM;NÃO
19299931000160;SIM;SIM
19331747000150;SIM;NÃO
19347410000212;NÃO;NÃO
19368927001774;NÃO;NÃO
19634769000190;SIM;SIM
19709101000164;SIM;NÃO
19730744000190;SIM;NÃO
19752002000165;SIM;SIM
19782301000142;SIM;NÃO
19792783000111;SIM;NÃO
19810095000137;SIM;SIM
19863496000155;SIM;NÃO
19930245000146;SIM;SIM
19948594000195;SIM;SIM
20018807000169;SIM;NÃO
20097109000104;SIM;SIM
20108705000134;SIM;SIM
20321475000197;SIM;NÃO
20435016000134;SIM;SIM
20499191000195;NÃO;NÃO
20535862000126;SIM;SIM
20673074000104;SIM;SIM
20853168000157;SIM;NÃO
20945874000129;SIM;SIM
20952347000141;NÃO;NÃO
20972252000190;SIM;SIM
20972529000184;NÃO;NÃO
21030621000198;SIM;SIM
21165344000120;NÃO;NÃO
21173442000100;SIM;NÃO
21269398000136;SIM;NÃO
21314559000166;NÃO;NÃO
21351095000168;SIM;NÃO
21405264000103;SIM;SIM
21467988000173;SIM;NÃO
21475851000160;SIM;SIM
21523500000188;SIM;NÃO
21557877000158;SIM;NÃO
21597936000111;SIM;NÃO
21661698000166;SIM;SIM
21680241000107;NÃO;NÃO
21689460000149;SIM;SIM
21734029000177;SIM;SIM
21764088000198;SIM;NÃO
21833752000103;SIM;NÃO
21859542000194;SIM;NÃO
21894600000110;SIM;SIM
21897603000108;SIM;SIM
21996895000136;SIM;NÃO
21999566000149;SIM;NÃO
22021327000182;SIM;SIM
22033011000100;SIM;SIM
22108269000129;SIM;SIM
22109756000106;NÃO;NÃO
22152804000149;SIM;SIM
22291741000101;SIM;SIM
22314866000100;NÃO;NÃO
22346072000128;SIM;SIM
22563204000173;SIM;NÃO
22593612000178;SIM;SIM
22608655000180;NÃO;NÃO
22618556000189;SIM;SIM
22629102000103;SIM;SIM
22751408000138;NÃO;NÃO
22762521000208;NÃO INFORMADO;NÃO INFORMADO
22951281000109;SIM;SIM
22953036000122;SIM;SIM
23014356000180;NÃO;NÃO
23142307000122;SIM;SIM
23310330000189;SIM;NÃO
23372960000188;NÃO;NÃO
23411164000107;SIM;SIM
23430272000127;SIM;SIM
23446673000175;SIM;NÃO
23505072000196;NÃO;NÃO
23505819000106;SIM;NÃO
23510483000170;SIM;SIM
23602992000122;SIM;SIM
23658927000119;SIM;SIM
23659817000171;NÃO;NÃO
23743834000192;SIM;NÃO
23773481000173;SIM;NÃO
23835211000140;NÃO;NÃO
23855255000131;SIM;SIM
23855972000163;NÃO;NÃO
23906071000153;SIM;SIM
23933926000135;SIM;SIM
23935008000145;SIM;NÃO
24015851000176;SIM;NÃO
24060549000130;SIM;SIM
24061909000207;NÃO INFORMADO;NÃO INFORMADO
24074547000108;SIM;SIM
24076624000150;SIM;SIM
24163862000101;NÃO;NÃO
24222235000196;SIM;SIM
24242549000150;NÃO;NÃO
24260759000171;SIM;SIM
24326014000168;SIM;NÃO
24350499000125;SIM;SIM
24356810000143;SIM;SIM
24473310000191;SIM;NÃO
24503006000140;SIM;NÃO
24574718000150;SIM;SIM
24674395000176;SIM;SIM
24713438000185;SIM;SIM
24761885000100;SIM;SIM
24844017000193;NÃO;NÃO
24893411000111;NÃO;NÃO
24898647000140;SIM;SIM
24917983000193;SIM;NÃO
24933760000110;SIM;SIM
24962466000136;NÃO;NÃO
24965374000100;SIM;SIM
25059727000175;SIM;SIM
25130981000112;SIM;SIM
25192310000186;SIM;SIM
25239514000125;SIM;SIM
25268409000114;SIM;SIM
25296303000124;SIM;SIM
25312099000198;SIM;SIM
25321902000150;SIM;NÃO
25325110000154;SIM;SIM
25370394000109;SIM;NÃO
25682074000186;SIM;SIM
25967202000138;SIM;SIM
25975104000142;SIM;SIM
26009842000106;SIM;SIM
26038426000128;SIM;NÃO
26052108000111;SIM;NÃO
26148651000117;SIM;SIM
26201161000137;NÃO;NÃO
26228534000163;SIM;SIM
26258102000103;SIM;NÃO
26309980000100;SIM;NÃO
26366744000118;SIM;NÃO
26380550000762;NÃO;NÃO
26394489000117;SIM;NÃO
26425147000117;SIM;SIM
26438031000112;SIM;NÃO
26469033000179;SIM;SIM
26505661000162;NÃO;NÃO
26506106000155;SIM;SIM
26594320000100;SIM;NÃO
26606850000121;SIM;NÃO
26613099000190;NÃO;NÃO
26634430000159;SIM;NÃO
26662230000100;SIM;SIM
26764458000100;SIM;NÃO
26796616000104;SIM;SIM
26801344000193;SIM;SIM
26813798000184;NÃO;NÃO
26949003000160;SIM;SIM
26991579000195;SIM;SIM
26995532000108;SIM;NÃO
27004759000107;SIM;SIM
27064421000132;SIM;SIM
27072912000125;SIM;SIM
27088161000135;SIM;SIM
27122516000165;SIM;NÃO
27204540000143;SIM;SIM
27212352000167;NÃO;NÃO
27227630000150;SIM;SIM
27232185000116;SIM;NÃO
27232872000131;SIM;NÃO
27266512000150;SIM;SIM
27289860000143;SIM;NÃO
27358810000170;NÃO;NÃO
27388678000140;SIM;SIM
27411326000168;SIM;NÃO
27472173000169;SIM;SIM
27523461000103;SIM;NÃO
27548807000110;NÃO;NÃO
27562695000151;NÃO;NÃO
27626675000105;SIM;SIM
27651867000163;SIM;SIM
27669968000161;SIM;SIM
27700885000198;SIM;SIM
27759666000184;SIM;SIM
27800573000156;SIM;SIM
27806116000179;SIM;NÃO
27830772000107;SIM;NÃO
27834371000125;SIM;SIM
27844217000134;SIM;SIM
27847836000182;SIM;SIM
27865605000100;NÃO;NÃO
27892562000143;SIM;SIM
27893702000106;SIM;SIM
27899096000128;SIM;SIM
27906636000153;SIM;NÃO
27934848000144;SIM;SIM
27954598000104;SIM;SIM
28054660000174;SIM;NÃO
28076428000137;NÃO;NÃO
28126754000101;SIM;SIM
28127603000178;NÃO;NÃO
28132520000177;SIM;NÃO
28177341000156;SIM;SIM
28195667000106;NÃO;NÃO
28305792000121;SIM;SIM
28310172000180;SIM;NÃO
28332110000170;SIM;NÃO
28352387000164;SIM;NÃO
28407086000190;SIM;NÃO
28446215000150;SIM;NÃO
28447401000103;SIM;SIM
28462140000109;SIM;SIM
28495339000125;SIM;NÃO
28548896000167;SIM;SIM
28567390000103;SIM;SIM
28599734000158;SIM;SIM
28653969000180;SIM;SIM
28670600000186;SIM;NÃO
28688811000146;SIM;NÃO
28741612000154;SIM;SIM
28768518000199;SIM;SIM
28887852000161;SIM;NÃO
28904127000154;SIM;SIM
28979948000150;SIM;SIM
29007744000110;NÃO;NÃO
29020415000109;SIM;SIM
29036448000147;SIM;SIM
29050321000182;SIM;SIM
29099578000129;SIM;SIM
29141136000101;SIM;NÃO
29151956000176;SIM;NÃO
29171414000165;SIM;SIM
29173841000182;SIM;SIM
29214943000107;NÃO;NÃO
29289379000183;SIM;SIM
29339358000125;SIM;SIM
29433567000133;SIM;NÃO
29505550000144;SIM;SIM
29512595000146;SIM;SIM
29526410000152;SIM;SIM
29575310000116;SIM;SIM
29588427000134;SIM;SIM
29655869000156;SIM;NÃO
29679095000101;NÃO;NÃO
29707913000124;NÃO;NÃO
29737612000143;SIM;SIM
29744778114796;NÃO;NÃO
29747616000102;SIM;SIM
29811971000101;SIM;SIM
29857325000177;SIM;SIM
29865213000168;NÃO;NÃO
29870190000180;SIM;SIM
29928160000187;SIM;NÃO
29929249000168;SIM;SIM
29967816000170;NÃO;NÃO
29980292000158;SIM;NÃO
30039587000103;SIM;SIM
30111664000199;NÃO;NÃO
30179461000134;SIM;NÃO
30195180000175;SIM;SIM
30234046000136;SIM;NÃO
30325596000160;SIM;SIM
30366345000124;NÃO;NÃO
30411062000157;SIM;SIM
30434263000170;NÃO;NÃO
30438977000156;SIM;NÃO
30460129000143;SIM;SIM
30477361000275;NÃO;NÃO
30497905000180;SIM;SIM
30571981000198;NÃO;NÃO
30588460000143;SIM;SIM
30590471000168;SIM;NÃO
30618012000145;SIM;NÃO
30673316000105;SIM;SIM
30677271000147;SIM;SIM
30679037000159;SIM;NÃO
30827291000157;SIM;SIM
30858132000110;SIM;NÃO
30877691000177;SIM;SIM
30902803252681;NÃO;NÃO
30915834000198;NÃO;NÃO
30937410000124;SIM;SIM
30988255000175;SIM;NÃO
31003153000116;SIM;NÃO
31064412000119;NÃO;NÃO
31144608000113;SIM;NÃO
31172118000120;SIM;NÃO
31260506000163;SIM;NÃO
31270522000137;SIM;SIM
31292824000106;SIM;NÃO
31316605000110;SIM;NÃO
31337070000163;SIM;SIM
31366338000195;SIM;NÃO
31408280000103;SIM;SIM
31409401000123;SIM;SIM
31445249001700;NÃO INFORMADO;NÃO INFORMADO
31545723000108;NÃO;NÃO
31623350000138;SIM;SIM
31676886000111;SIM;NÃO
31710872000177;SIM;SIM
31812022000180;SIM;SIM
31854200000135;SIM;NÃO
31864922000170;SIM;SIM
31955013000148;SIM;SIM
31958830000150;SIM;NÃO
32039537000151;SIM;NÃO
32075854000123;SIM;SIM
32233067000162;SIM;NÃO
32288956000127;SIM;NÃO
32304489000181;SIM;NÃO
32315026000115;NÃO;NÃO
32338795000139;SIM;SIM
32421067000196;SIM;SIM
32450125000100;SIM;SIM
32467997000180;SIM;NÃO
32471155000100;SIM;NÃO
32481469000186;SIM;NÃO
32487815000133;SIM;SIM
32525150000105;NÃO;NÃO
32547118000120;SIM;NÃO
32556179000154;SIM;SIM
32570942000100;SIM;SIM
32573234000114;SIM;SIM
32613125000183;SIM;SIM
32637236000120;SIM;SIM
32704820000150;SIM;SIM
32853182000130;SIM;SIM
32978723000156;SIM;SIM
32988783000150;SIM;SIM
32995097000106;SIM;SIM
32999695000153;NÃO;NÃO
33024059000179;SIM;SIM
33036530000149;SIM;SIM
33102182000160;SIM;SIM
33124243000190;SIM;SIM
33124341000128;SIM;NÃO
33173796000133;SIM;SIM
33183790000147;SIM;SIM
33205639000162;SIM;SIM
33223682000150;SIM;SIM
33233205000176;SIM;SIM
33319969000189;SIM;SIM
33359521000199;SIM;SIM
33362000000190;SIM;NÃO
33365823000170;SIM;SIM
33394988000170;SIM;NÃO
33423737000176;SIM;SIM
33521973000125;SIM;NÃO
33554633000109;SIM;SIM
33723490000103;SIM;SIM
33777722000106;SIM;SIM
33851372000180;SIM;SIM
33861727000112;SIM;SIM
33873345000109;SIM;SIM
33924974000110;SIM;SIM
33958202000108;SIM;SIM
34027231000100;SIM;SIM
34028316324278;NÃO;NÃO
34038904000128;NÃO;NÃO
34053826000130;SIM;SIM
34083757000108;SIM;SIM
34097240000178;SIM;SIM
34168305000129;SIM;SIM
34193745000136;SIM;SIM
34224393000139;NÃO;NÃO
34299496000168;SIM;SIM
34313910000146;SIM;SIM
34338222000130;SIM;NÃO
34342851000134;SIM;SIM
34376363000148;SIM;SIM
34405585000141;SIM;SIM
34445873000120;SIM;SIM
34472672000111;SIM;SIM
34553579000131;SIM;SIM
34566805000119;SIM;SIM
34634690000152;SIM;SIM
34653122000107;SIM;SIM
34704666000142;SIM;NÃO
34719242000151;NÃO;NÃO
34735148000196;SIM;SIM
34735412000191;NÃO;NÃO
34776726000132;SIM;SIM
34823217000113;SIM;SIM
34858568000160;SIM;NÃO
34933528000135;SIM;SIM
34951974000172;NÃO;NÃO
35028352000130;SIM;NÃO
35057862000135;SIM;SIM
35061260000151;SIM;SIM
35065510000121;SIM;SIM
35100043000123;SIM;SIM
35169342000114;SIM;SIM
35177494000169;SIM;SIM
35183496000160;SIM;SIM
35219315000109;SIM;SIM
35223720000109;SIM;SIM
35248215000100;SIM;SIM
35292506000104;SIM;SIM
35298130000137;SIM;SIM
35321548000118;SIM;SIM
35405120000153;SIM;SIM
35432790000169;SIM;SIM
35438424000117;SIM;SIM
35473661000119;SIM;SIM
35510824000196;NÃO;NÃO
35520460000125;SIM;NÃO
35547713000154;SIM;SIM
35558536000101;SIM;NÃO
35584527000195;NÃO;NÃO
35611398000187;SIM;SIM
35625289000119;SIM;SIM
35647268000102;SIM;SIM
35669972000158;SIM;SIM
35678585000188;SIM;SIM
35702937000193;SIM;NÃO
35703286000156;SIM;SIM
35753348000134;SIM;SIM
35798639000149;SIM;NÃO
35869738000174;SIM;SIM
35976104000110;SIM;SIM
35987533000193;SIM;SIM
35993320000174;SIM;SIM
35994036000112;SIM;SIM
35995960000113;SIM;SIM
36008924000181;SIM;SIM
36043133000192;SIM;SIM
36048137000163;SIM;SIM
36079708000127;SIM;SIM
36212098000198;SIM;SIM
36232103000124;SIM;SIM
36233767000108;SIM;SIM
36259461000120;SIM;SIM
36262192000151;NÃO;NÃO
36299621000165;SIM;SIM
36304930000186;SIM;SIM
36335047000153;SIM;SIM
36343065000187;SIM;NÃO
36437632000164;SIM;SIM
36457412000100;SIM;SIM
36468232000116;SIM;SIM
36534952000132;SIM;SIM
36552111000158;SIM;SIM
36570592000124;SIM;SIM
36579392000132;SIM;SIM
36586321000167;SIM;SIM
36595489000139;SIM;SIM
36687670000175;SIM;SIM
36691910000105;SIM;SIM
36715363000150;NÃO;NÃO
36730920000102;SIM;SIM
36733165000110;SIM;SIM
36735968000103;SIM;NÃO
36807862000178;SIM;SIM
36812912000105;SIM;NÃO
36898255000160;SIM;SIM
36939542000171;SIM;SIM
36954975000104;SIM;SIM
37008468000132;SIM;SIM
37033574000176;SIM;SIM
37043707000195;SIM;SIM
37069582000172;SIM;NÃO
37175332000117;SIM;NÃO
37179445000190;SIM;SIM
37240312000182;SIM;SIM
37343805000148;SIM;SIM
37344340000140;SIM;SIM
37430623000104;SIM;SIM
37463001000182;SIM;SIM
37482634000138;SIM;SIM
37521132000179;SIM;SIM
37611255000109;SIM;SIM
37612862000185;SIM;SIM
37625338000149;SIM;SIM
37644538000149;SIM;SIM
37651567000138;SIM;SIM
37708943000183;SIM;NÃO
37710227000130;SIM;SIM
37714394000150;SIM;SIM
37745963000124;SIM;NÃO
37797928000159;SIM;NÃO
37814769000153;SIM;SIM
37848414000185;SIM;SIM
37866359000156;SIM;SIM
37910439000161;SIM;SIM
37923393000115;SIM;SIM
37937921000195;SIM;SIM
37962769000109;SIM;SIM
37980499000150;SIM;NÃO
38006197000149;SIM;NÃO
38062567000165;SIM;SIM
38072574000148;SIM;SIM
38095411000180;SIM;SIM
38115835000160;SIM;SIM
38123034000146;SIM;SIM
38127451000167;SIM;SIM
38133927000172;SIM;SIM
38158613000124;SIM;SIM
38159381000129;SIM;SIM
38229447000100;SIM;NÃO
38239648000198;SIM;SIM
38276199000158;SIM;SIM
38281934000111;SIM;SIM
38311923000137;SIM;NÃO
38370541000184;SIM;SIM
38374581000102;SIM;SIM
38375587000196;SIM;SIM
38419952000117;SIM;NÃO
38448095000183;SIM;SIM
38449254000164;SIM;SIM
38458608000137;NÃO INFORMADO;NÃO INFORMADO
38481501000100;SIM;NÃO
38542139000130;SIM;SIM
38583750000106;SIM;NÃO
38655561000100;SIM;SIM
38729077000170;SIM;NÃO
38891092000110;SIM;SIM
38926831000161;SIM;SIM
39143496000198;SIM;SIM
39235153000153;SIM;SIM
39247932000179;SIM;SIM
39287166000176;SIM;SIM
39346861045181;NÃO;NÃO
39404266000135;SIM;SIM
39430615000193;SIM;NÃO
39450656000141;SIM;SIM
39513365000155;SIM;SIM
39601318000163;SIM;SIM
39620337000137;SIM;SIM
39626786000192;SIM;SIM
39664690000119;SIM;SIM
39669092000132;SIM;SIM
39683328000195;SIM;SIM
39706027000130;SIM;NÃO
39713802000184;NÃO;NÃO
39733455000151;SIM;SIM
39752710000103;SIM;NÃO
39767085000173;SIM;SIM
39829026000182;SIM;SIM
39901641000152;SIM;SIM
39910891000159;SIM;NÃO
39923469000138;SIM;SIM
39927095000129;SIM;SIM
39961497000140;SIM;SIM
39961962000142;SIM;SIM
40081185000120;SIM;NÃO
40092874000130;SIM;NÃO
40098039000108;SIM;SIM
40099807000148;SIM;SIM
40106156000176;SIM;SIM
40159977000170;SIM;SIM
40174332000107;SIM;SIM
40187583000126;SIM;SIM
40189850000102;NÃO INFORMADO;NÃO INFORMADO
40193985000133;SIM;SIM
40216784000104;SIM;NÃO
40246037000119;SIM;SIM
40250864000186;SIM;SIM
40256491000150;SIM;SIM
40280010000142;SIM;SIM
40282244000129;SIM;SIM
40364031000146;SIM;SIM
40364963000199;SIM;SIM
40389527000174;SIM;SIM
40407810000181;SIM;SIM
40435311000106;SIM;SIM
40457391000192;SIM;SIM
40481783000197;SIM;SIM
40505533000140;NÃO INFORMADO;NÃO INFORMADO
40507649000118;SIM;SIM
40511351000181;SIM;SIM
40538067000107;SIM;SIM
40551086000165;SIM;SIM
40560064000161;SIM;SIM
40566282000103;SIM;SIM
40590295000118;SIM;SIM
40623256000170;SIM;SIM
40658745000167;SIM;SIM
40687829000129;SIM;SIM
40704374000102;NÃO INFORMADO;NÃO INFORMADO
40728066000117;SIM;SIM
40738914000179;SIM;SIM
40783339000126;SIM;SIM
40788947000123;NÃO INFORMADO;NÃO INFORMADO
40803261000164;SIM;NÃO
40855961000100;SIM;SIM
40869152000140;SIM;NÃO
40878535000184;SIM;SIM
40884405000154;NÃO;NÃO
40936463000184;SIM;SIM
40948763000183;SIM;SIM
40997390000130;SIM;SIM
41016752000128;SIM;NÃO
41034195000178;SIM;SIM
41042503000107;SIM;SIM
41043321000150;SIM;SIM
41068294000170;SIM;SIM
41089840000150;NÃO;NÃO
41091284000156;SIM;NÃO
41098835000103;SIM;SIM
41117072000109;SIM;SIM
41146102000105;SIM;SIM
41164504000124;SIM;NÃO
41219963000168;SIM;NÃO
41222182000122;SIM;SIM
41228557000161;SIM;SIM
41247646000155;SIM;NÃO
41307063000172;SIM;SIM
41346698000189;SIM;NÃO
41347506000159;SIM;NÃO
41359640000170;SIM;SIM
41377373000163;SIM;SIM
41379537000191;SIM;SIM
41416197000121;SIM;SIM
41419198000120;SIM;SIM
41441017000161;SIM;SIM
41459539000190;SIM;SIM
41466055000179;SIM;SIM
41467603000185;SIM;SIM
41517260000116;SIM;SIM
41562355000151;SIM;SIM
41570598000131;SIM;NÃO
41607594000180;SIM;SIM
41630581000122;SIM;SIM
41643128000150;SIM;NÃO
41731122000135;SIM;SIM
41743141000181;SIM;NÃO
41781310000178;SIM;SIM
41797782000119;SIM;SIM
41809608000149;SIM;NÃO
41809783000136;SIM;SIM
41813878000123;SIM;SIM
41825415000181;SIM;NÃO
41838619000157;SIM;SIM
41851508000180;SIM;SIM
41866042000197;NÃO INFORMADO;NÃO INFORMADO
41894327000131;SIM;SIM
41947595000174;NÃO INFORMADO;NÃO INFORMADO
42010062000124;SIM;NÃO
42016914000190;SIM;NÃO
42042648000170;SIM;NÃO
42085329000142;SIM;SIM
42102748000145;SIM;SIM
42103222000180;SIM;SIM
42108752000110;SIM;SIM
42151689000103;SIM;NÃO
42155088000160;SIM;SIM
42156909000183;SIM;SIM
42210620000103;SIM;SIM
42239519000177;SIM;SIM
42247192000185;SIM;NÃO
42247244000113;SIM;SIM
42257281000102;SIM;SIM
42278473000103;NÃO;NÃO
42381838000112;SIM;SIM
42400639000104;NÃO INFORMADO;NÃO INFORMADO
42402525000101;SIM;SIM
42425506000192;SIM;SIM
42441219000176;SIM;NÃO
42453676000180;SIM;SIM
42468885000106;SIM;NÃO
42494990000101;NÃO INFORMADO;NÃO INFORMADO
42497425000106;SIM;SIM
42526107000118;SIM;SIM
42553893000142;SIM;SIM
42557782000104;SIM;SIM
42562755000120;SIM;SIM
42613730000108;SIM;SIM
42623634000140;SIM;SIM
42671243000100;SIM;SIM
42680821000166;SIM;SIM
42686026000185;SIM;SIM
42700751000160;SIM;SIM
42714035000132;SIM;SIM
42725871000112;SIM;SIM
42736774000125;SIM;SIM
42755283000121;SIM;NÃO
42772034000144;NÃO INFORMADO;NÃO INFORMADO
42774171000118;SIM;SIM
42789063000119;NÃO INFORMADO;NÃO INFORMADO
42794919000144;SIM;NÃO
42808429000150;SIM;SIM
42855279000135;NÃO INFORMADO;NÃO INFORMADO
42857624000170;SIM;SIM
42876816000123;SIM;SIM
42911266000136;SIM;SIM
42937526000142;SIM;SIM
42937543000180;SIM;NÃO
42962629000162;SIM;NÃO
42968745000199;SIM;NÃO
42989224000118;SIM;SIM
43028436000100;SIM;NÃO
43063687000117;SIM;SIM
43063706000105;SIM;SIM
43080342000171;SIM;NÃO
43108290000102;SIM;SIM
43113790000124;SIM;NÃO
43145493000160;SIM;SIM
43149267000158;SIM;NÃO
43163023000120;SIM;SIM
43166356000102;SIM;SIM
43189578000140;SIM;NÃO
43190362000286;NÃO;NÃO
43220329000170;SIM;SIM
43249268000174;SIM;SIM
43253221000184;SIM;SIM
43260901000125;SIM;NÃO
43274908000104;NÃO INFORMADO;NÃO INFORMADO
43339121000175;SIM;SIM
43339484000100;SIM;NÃO
43355906000131;SIM;NÃO
43363831000130;SIM;SIM
43375842000130;SIM;SIM
43430984000153;SIM;SIM
43494606000133;SIM;SIM
43501295000273;NÃO;NÃO
43517045000140;SIM;SIM
43520869000170;SIM;SIM
43523499000124;SIM;SIM
43545381000105;SIM;SIM
43624880000180;SIM;SIM
43653118000121;SIM;SIM
43697365000120;SIM;NÃO
43714788000100;SIM;SIM
43769971000103;SIM;SIM
43780561000163;SIM;SIM
43794830000140;NÃO INFORMADO;NÃO INFORMADO
43832075000141;SIM;SIM
43837835000103;SIM;SIM
43843574000134;SIM;SIM
43888218000137;SIM;SIM
43907952000104;SIM;SIM
43925949000105;SIM;SIM
43957527000111;SIM;SIM
43974495000162;SIM;SIM
43986346000113;SIM;NÃO
43997382000182;NÃO INFORMADO;NÃO INFORMADO
44021881000100;SIM;SIM
44035435000147;SIM;SIM
44056846000119;SIM;SIM
44104638000148;SIM;SIM
44128771000134;SIM;SIM
44172406000127;NÃO INFORMADO;NÃO INFORMADO
44180598000113;SIM;NÃO
44191669000183;SIM;SIM
44219290000134;SIM;SIM
44224226000141;SIM;SIM
44258197000139;SIM;SIM
44271967000183;SIM;SIM
44273060000153;SIM;SIM
44277565000196;SIM;SIM
44287502000110;SIM;NÃO
44301007000119;SIM;SIM
44324687000196;SIM;SIM
44355744000102;SIM;NÃO
44381917000159;SIM;SIM
44410976000108;NÃO INFORMADO;NÃO INFORMADO
44455759000134;SIM;NÃO
44458120000102;NÃO INFORMADO;NÃO INFORMADO
44479428000134;SIM;SIM
44492430000143;SIM;SIM
44502112000116;SIM;NÃO
44518565000130;SIM;SIM
44549235000102;SIM;SIM
44554158000189;SIM;SIM
44590649000185;SIM;SIM
44593660000107;SIM;NÃO
44608252000173;SIM;NÃO
44620743000130;SIM;SIM
44628951000185;SIM;SIM
44639044000131;SIM;SIM
44641676000130;SIM;SIM
44660476000124;SIM;NÃO
44662643000176;NÃO INFORMADO;NÃO INFORMADO
44668901000121;SIM;SIM
44671974000172;SIM;SIM
44681216000135;SIM;NÃO
44690033000186;SIM;SIM
44752572000100;SIM;SIM
44756623000164;SIM;SIM
44768188000198;SIM;SIM
44788023000188;SIM;SIM
44790991000129;SIM;SIM
44809560000167;SIM;SIM
44823181000121;SIM;SIM
44829049000127;SIM;SIM
44830724000138;SIM;SIM
44840637000161;SIM;NÃO
44842360000106;SIM;NÃO
44868799000108;SIM;SIM
44873690000169;SIM;SIM
44878779000118;SIM;SIM
44924484000130;SIM;NÃO
44946930000108;SIM;SIM
44956488000109;SIM;NÃO
45008269000152;SIM;SIM
45063561000178;NÃO INFORMADO;NÃO INFORMADO
45066005000155;SIM;SIM
45092422000172;SIM;SIM
45095298000107;SIM;SIM
45107047000197;SIM;SIM
45122006000170;SIM;SIM
45178623000197;SIM;SIM
45222227000110;SIM;SIM
45225390000136;SIM;SIM
45227657000124;SIM;SIM
45260746000172;SIM;NÃO
45270917000144;SIM;SIM
45273148000138;SIM;SIM
45281089000140;SIM;SIM
45357881000130;SIM;SIM
45369223000169;SIM;SIM
45420709000184;SIM;SIM
45430613000105;SIM;SIM
45465264000159;SIM;SIM
45498139000145;SIM;NÃO
45536043000124;SIM;SIM
45549387000178;SIM;SIM
45551329000189;SIM;SIM
45598275000107;SIM;SIM
45613814000130;SIM;NÃO
45620915000138;SIM;NÃO
45625005000148;SIM;SIM
45628784000135;SIM;SIM
45632222000165;SIM;SIM
45718547000165;SIM;SIM
45738585000180;SIM;SIM
45747259000139;SIM;NÃO
45792075000190;SIM;SIM
45802703000171;SIM;NÃO
45804066000172;SIM;SIM
45819546000107;SIM;NÃO
45834547000120;SIM;SIM
45839509000160;SIM;SIM
45913919000104;SIM;NÃO
45924426000170;SIM;NÃO
45948321000150;SIM;SIM
45979724000167;SIM;SIM
45983809000119;SIM;SIM
45987245000192;NÃO;NÃO
46022807000126;SIM;SIM
46040594000165;SIM;NÃO
46056913000120;SIM;SIM
46068736000100;SIM;SIM
46075285000120;SIM;NÃO
46161622000100;NÃO INFORMADO;NÃO INFORMADO
46170644000129;SIM;SIM
46191245000144;SIM;SIM
46220107000146;SIM;SIM
46230802000199;SIM;SIM
46234067000191;SIM;SIM
46250946000107;SIM;NÃO
46309380000141;SIM;SIM
46314177000163;SIM;SIM
46319969000120;SIM;SIM
46327430000113;SIM;SIM
46327970000105;SIM;NÃO
46336179000153;SIM;SIM
46355340000136;SIM;NÃO
46363556000143;SIM;SIM
46366873000113;SIM;SIM
46369843000160;SIM;SIM
46397220000878;NÃO INFORMADO;NÃO INFORMADO
46404305000160;SIM;SIM
46470163000139;SIM;SIM
46473593000104;SIM;SIM
46495645000143;SIM;SIM
46502587000138;SIM;SIM
46518446000103;SIM;SIM
46527486000111;SIM;NÃO
46546807000125;SIM;SIM
46552978000167;SIM;SIM
46556090000100;SIM;SIM
46579007000100;SIM;SIM
46631410000131;SIM;SIM
46648035000132;SIM;SIM
46824820000107;SIM;SIM
46852676000104;SIM;SIM
46914540000181;SIM;SIM
46947796000195;SIM;SIM
47002633000100;SIM;SIM
47138648000192;NÃO INFORMADO;NÃO INFORMADO
47163714000184;SIM;SIM
47192506000103;SIM;NÃO
47197823000112;SIM;SIM
47217398000186;SIM;SIM
47217770000154;SIM;SIM
47228166000123;SIM;SIM
47231534000192;SIM;NÃO
47237020000144;SIM;SIM
47248313000127;SIM;SIM
47258828000108;NÃO INFORMADO;NÃO INFORMADO
47333239000147;SIM;SIM
47357854000193;SIM;SIM
47366997000161;SIM;SIM
47368192000157;SIM;SIM
47411478000178;SIM;SIM
47419689000157;SIM;SIM
47427653007047;NÃO;NÃO
47449728000169;SIM;SIM
47465970000126;SIM;SIM
47472614000130;SIM;SIM
47505703000135;SIM;NÃO
47506958000112;SIM;SIM
47507222000169;SIM;SIM
47511681000116;NÃO INFORMADO;NÃO INFORMADO
47531704000154;SIM;SIM
47532006000173;SIM;SIM
47552624000185;NÃO INFORMADO;NÃO INFORMADO
47564758000116;SIM;NÃO
47566615000143;SIM;NÃO
47578151000195;SIM;SIM
47578270000148;SIM;SIM
47601235000100;SIM;SIM
47617067000133;SIM;SIM
47620186000145;SIM;NÃO
47627093000142;SIM;NÃO
47683431000163;SIM;SIM
47707142000157;SIM;SIM
47730578000167;SIM;SIM
47750681000179;SIM;SIM
47753813000116;SIM;SIM
47764244000104;SIM;SIM
47768765000130;SIM;SIM
47807121000103;SIM;SIM
47828846000188;SIM;SIM
47842449000160;NÃO INFORMADO;NÃO INFORMADO
47960950000121;NÃO;NÃO
47987919000184;NÃO INFORMADO;NÃO INFORMADO
47988347000158;NÃO INFORMADO;NÃO INFORMADO
48013260000128;NÃO INFORMADO;NÃO INFORMADO
48068714000168;NÃO INFORMADO;NÃO INFORMADO
48073857000168;NÃO INFORMADO;NÃO INFORMADO
48101839000142;NÃO INFORMADO;NÃO INFORMADO
48138040000120;NÃO INFORMADO;NÃO INFORMADO
48270772000170;NÃO INFORMADO;NÃO INFORMADO
48272095000129;NÃO INFORMADO;NÃO INFORMADO
48272794000179;NÃO INFORMADO;NÃO INFORMADO
48286526000106;NÃO INFORMADO;NÃO INFORMADO
48305086000197;NÃO INFORMADO;NÃO INFORMADO
50551373000200;NÃO;NÃO
50564053000103;NÃO;NÃO
52616869000169;SIM;NÃO
54460696000168;NÃO;NÃO
55062954000110;NÃO;NÃO
55978761000104;SIM;NÃO
57268179000180;NÃO;NÃO
57955858000127;NÃO;NÃO
58381021000184;NÃO;NÃO
59581587000112;NÃO;NÃO
60114600000102;NÃO;NÃO
60746948477784;NÃO;NÃO
60872504000123;NÃO;NÃO
60935491000194;SIM;NÃO
61099834007527;NÃO;NÃO
61522850004808;NÃO;NÃO
61585865000151;NÃO;NÃO
62369350000187;SIM;NÃO
64912090000170;NÃO;NÃO
66228966000865;NÃO;NÃO
66908468000197;NÃO;NÃO
66970229007250;NÃO;NÃO
67945071063563;NÃO;NÃO
68014653000163;NÃO;NÃO
69404259000102;SIM;NÃO
69937613000156;NÃO;NÃO
71389175000180;NÃO;NÃO
73714818000301;SIM;NÃO
74150202000156;SIM;NÃO
76709831005753;NÃO;NÃO
77779684000104;NÃO;NÃO
78014354000263;NÃO INFORMADO;NÃO INFORMADO
80227184000166;NÃO;NÃO
81243735000148;NÃO;NÃO
81839540000165;NÃO;NÃO
82508433000117;NÃO;NÃO
82858903000334;NÃO;NÃO
83475913000191;NÃO;NÃO
84683374000149;NÃO;NÃO
84931179000190;NÃO;NÃO
84932540000101;NÃO;NÃO
85211829000196;NÃO;NÃO
86772324000163;NÃO;NÃO
88384201000261;NÃO;NÃO
88610191000154;NÃO;NÃO
88713250000110;NÃO;NÃO
89912463000133;NÃO;NÃO
90154485000160;SIM;NÃO
91088328005126;NÃO;NÃO
93828986000173;NÃO;NÃO
94031192000147;NÃO;NÃO
94111887000139;NÃO;NÃO
94739828000100;SIM;NÃO
96016746000405;NÃO;NÃO
97017230000367;NÃO;NÃO
00000208000100;NÃO;NÃO
00057309000118;SIM;NÃO
00252011000169;SIM;NÃO
00263914000145;NÃO;NÃO
00519712000111;NÃO;NÃO
00981562000163;SIM;NÃO
01078990000143;NÃO;NÃO
01119908000262;NÃO;NÃO
01207261000140;NÃO;NÃO
01284870000100;NÃO;NÃO
01305338000386;NÃO;NÃO
01424020000152;NÃO;NÃO
01437408003103;NÃO;NÃO
01521622000128;NÃO;NÃO
01599101000193;NÃO;NÃO
01661181000160;NÃO;NÃO
01926857000108;NÃO;NÃO
01991491000142;SIM;NÃO
02026598000113;NÃO;NÃO
02108349000177;SIM;NÃO
02131386000104;NÃO;NÃO
02139619000107;SIM;NÃO
02149205000169;NÃO;NÃO
02254223000100;SIM;NÃO
02255187000108;NÃO;NÃO
02286479021105;NÃO INFORMADO;NÃO INFORMADO
02302101000142;NÃO;NÃO
02322506000142;SIM;NÃO
02328280000197;NÃO;NÃO
02357251000153;NÃO;NÃO
02507232000166;SIM;NÃO
02563332000100;NÃO;NÃO
02590304000181;SIM;SIM
02664042000152;NÃO;NÃO
02702354000103;NÃO;NÃO
02762121000104;NÃO;NÃO
02832019000120;SIM;NÃO
02846056000197;NÃO;NÃO
02916265000160;NÃO;NÃO
02961002000334;NÃO;NÃO
02962788000142;NÃO;NÃO
02982527000194;NÃO;NÃO
02992449000109;NÃO;NÃO
03074246000104;SIM;NÃO
03150807000107;SIM;SIM
03178516000119;NÃO;NÃO
03291332000160;SIM;NÃO
03303999000136;NÃO;NÃO
03339071000101;NÃO;NÃO
03414113000121;NÃO;NÃO
03431783000156;SIM;NÃO
03465034000140;NÃO;NÃO
03614778000189;NÃO;NÃO
03887640000153;SIM;NÃO
03900960000104;NÃO;NÃO
03938971000175;NÃO;NÃO
04056734000224;NÃO INFORMADO;NÃO INFORMADO
04087070001402;NÃO INFORMADO;NÃO INFORMADO
04149454000180;NÃO;NÃO
04245644000109;SIM;NÃO
04272216000248;NÃO INFORMADO;NÃO INFORMADO
04344855000190;SIM;NÃO
04391181000185;NÃO;NÃO
04487561000118;SIM;NÃO
04488478000163;NÃO;NÃO
04515007000105;SIM;NÃO
04564745000134;NÃO;NÃO
04581606000119;NÃO;NÃO
04704848000152;NÃO;NÃO
04728280000290;SIM;NÃO
04756908000180;SIM;NÃO
04777486000472;NÃO INFORMADO;NÃO INFORMADO
04902979000144;NÃO;NÃO
04913711000108;NÃO;NÃO
04958932000100;SIM;NÃO
04967822000105;SIM;NÃO
04986320000113;NÃO;NÃO
05102903000105;NÃO;NÃO
05137171000180;NÃO;NÃO
05160847000157;NÃO;NÃO
05336230000140;SIM;NÃO
05373332000135;NÃO;NÃO
05374728000105;NÃO;NÃO
05378317000341;NÃO;NÃO
06099983000141;SIM;NÃO
06324340000154;NÃO;NÃO
06324706000195;SIM;NÃO
06343964000119;SIM;NÃO
06347409025745;NÃO;NÃO
06790127000138;NÃO;NÃO
06911151000188;NÃO;NÃO
06977751000149;NÃO;NÃO
07007159000187;NÃO;NÃO
07192918000129;NÃO;NÃO
07214932000186;SIM;NÃO
07258675000184;SIM;NÃO
07260471000188;NÃO;NÃO
07278297000109;SIM;NÃO
07319010000133;NÃO;NÃO
07320739000120;NÃO;NÃO
07333500000194;NÃO;NÃO
07384541000100;SIM;NÃO
07404132000128;SIM;NÃO
07427207000196;NÃO;NÃO
07473959000193;NÃO;NÃO
07550190000160;SIM;NÃO
07558581000120;SIM;NÃO
07627092000183;NÃO;NÃO
07662523000142;NÃO;NÃO
07673564000134;SIM;NÃO
07818550000161;NÃO;NÃO
07834506000145;SIM;NÃO
07836603001220;NÃO INFORMADO;NÃO INFORMADO
07837195000410;NÃO;NÃO
07859971000130;NÃO;NÃO
07877926001008;NÃO;NÃO
07881622000115;NÃO;NÃO
07902768000108;SIM;NÃO
07949775000157;NÃO;NÃO
08077726000134;NÃO;NÃO
08079637000127;NÃO;NÃO
08275290000198;SIM;NÃO
08312229000173;NÃO;NÃO
08373944000116;NÃO;NÃO
08396644000314;NÃO;NÃO
08456463000255;NÃO;NÃO
08470753000172;NÃO;NÃO
08482830000104;SIM;NÃO
08560444000193;NÃO;NÃO
08570510000106;NÃO;NÃO
08652931000186;NÃO;NÃO
08664931000104;SIM;NÃO
08694702000124;SIM;NÃO
08759196000104;NÃO;NÃO
08790166000160;NÃO;NÃO
08797760000183;NÃO;NÃO
08914816000213;NÃO;NÃO
08991403000151;SIM;NÃO
09055163000146;SIM;NÃO
09060557000192;SIM;NÃO
09090626000100;NÃO;NÃO
09101689000204;NÃO;NÃO
09114383000527;NÃO;NÃO
09146451000106;NÃO;NÃO
09208618000116;SIM;NÃO
09223708000186;NÃO;NÃO
09276195000333;NÃO;NÃO
09311281000500;NÃO;NÃO
09315905000125;NÃO;NÃO
09366400000190;SIM;NÃO
09400464000160;SIM;NÃO
09496349000130;NÃO;NÃO
09600763000148;SIM;NÃO
09625367000175;SIM;NÃO
10016336000104;SIM;NÃO
10239794000366;NÃO;NÃO
10368003000136;NÃO;NÃO
10414014000105;NÃO;NÃO
10443799000144;SIM;NÃO
10452762000182;NÃO;NÃO
10516597000185;NÃO;NÃO
10629105000168;NÃO;NÃO
10650584000102;NÃO;NÃO
10656466000101;NÃO;NÃO
10725590000173;NÃO;NÃO
10737664000191;NÃO;NÃO
10849863000191;SIM;NÃO
10882120000113;SIM;NÃO
10886176000146;SIM;NÃO
10902715000193;SIM;NÃO
10914918000108;NÃO;NÃO
10969329000119;SIM;NÃO
10971789000181;SIM;NÃO
10989115000104;SIM;NÃO
10990611000188;SIM;NÃO
11045469000163;SIM;NÃO
11132543000189;NÃO;NÃO
11194163000179;NÃO;NÃO
11221189000169;NÃO;NÃO
11275508000119;NÃO;NÃO
11296903000188;SIM;NÃO
11323576000106;NÃO;NÃO
11380922000198;NÃO;NÃO
11530639000103;SIM;SIM
11669021000110;NÃO;NÃO
11699092000166;SIM;SIM
11700020000191;SIM;SIM
11895310000138;SIM;SIM
11986043000104;SIM;SIM
11989079000141;SIM;SIM
12001425000102;NÃO;NÃO
12066531000166;SIM;SIM
12091809000155;NÃO;NÃO
12280085000198;SIM;NÃO
12327343000144;SIM;SIM
12399485000117;SIM;NÃO
12464009000132;NÃO;NÃO
12567352000102;SIM;SIM
12715444000192;SIM;SIM
12746785000125;SIM;NÃO
12775509000195;NÃO;NÃO
12785109000160;NÃO;NÃO
12874618000160;SIM;SIM
12884857000109;SIM;SIM
13087427000110;SIM;SIM
13152353000159;SIM;NÃO
13168264000109;NÃO;NÃO
13217485000111;NÃO;NÃO
13262184000100;SIM;SIM
13272112000143;NÃO;NÃO
13284692000199;SIM;NÃO
13299438000164;SIM;NÃO
13340846000112;NÃO;NÃO
13382418000152;NÃO;NÃO
13505632000159;SIM;NÃO
13600310000270;NÃO;NÃO
13621711000125;SIM;SIM
13647096000126;SIM;NÃO
13922181000155;SIM;SIM
13931356000190;SIM;SIM
13938467001958;NÃO INFORMADO;NÃO INFORMADO
13942971000100;SIM;SIM
13959299000158;SIM;NÃO
14006270000114;NÃO;NÃO
14014607000135;SIM;SIM
14016916000144;SIM;NÃO
14046984000156;NÃO;NÃO
14099964000143;SIM;NÃO
14292865000183;SIM;SIM
14326974000174;SIM;SIM
14379543000176;SIM;SIM
14405248000147;NÃO;NÃO
14444381000102;NÃO;NÃO
14467840000173;SIM;NÃO
14750967000103;SIM;SIM
14825780000113;NÃO;NÃO
14929167000146;SIM;NÃO
15001697000192;NÃO;NÃO
15016578000103;SIM;SIM
15115504000124;NÃO;NÃO
15144017000190;NÃO;NÃO
15146180000191;SIM;NÃO
15162477000140;NÃO;NÃO
15247472000110;SIM;NÃO
15286987000120;SIM;SIM
15343579000162;SIM;NÃO
15400569000111;SIM;SIM
15579441000167;SIM;NÃO
15589188000122;SIM;NÃO
15627412000123;SIM;SIM
15804401000171;NÃO;NÃO
15873692000150;NÃO;NÃO
16016164000147;NÃO;NÃO
16070401000158;SIM;NÃO
16493650000156;SIM;SIM
16500569000822;NÃO;NÃO
16582131000164;SIM;SIM
16718710000191;NÃO;NÃO
16809719000108;SIM;SIM
16895907000104;SIM;SIM
16947703000161;SIM;SIM
17006814000136;SIM;SIM
17052855000169;NÃO;NÃO
17071188000161;SIM;NÃO
17133311000121;SIM;NÃO
17167412000113;NÃO;NÃO
17199474000107;SIM;SIM
17201181000117;NÃO;NÃO
17247130000126;SIM;SIM
17303203000150;SIM;NÃO
17408351000139;SIM;SIM
17415689000118;SIM;SIM
17440428000158;NÃO;NÃO
17463309000110;SIM;SIM
17700763000733;NÃO INFORMADO;NÃO INFORMADO
17813607000193;SIM;SIM
17844554000178;SIM;SIM
17861852000176;SIM;SIM
18041720000160;SIM;SIM
18134167000100;SIM;NÃO
18157789000154;SIM;SIM
18166343000196;SIM;SIM
18167975000174;SIM;NÃO
18189348000134;NÃO;NÃO
18280652000192;SIM;SIM
18295658000133;SIM;NÃO
18458388000134;NÃO;NÃO
18499462000160;SIM;NÃO
18607919000103;SIM;NÃO
18636469000187;NÃO;NÃO
18679307000126;NÃO;NÃO
18695507000172;SIM;SIM
18773560000144;SIM;SIM
18859923000169;SIM;SIM
18884418000255;NÃO INFORMADO;NÃO INFORMADO
19030506000171;NÃO;NÃO
19101903000197;SIM;SIM
19145388000147;SIM;SIM
19193166000108;NÃO;NÃO
19210813000134;NÃO;NÃO
19217419000128;SIM;NÃO
19239124000152;NÃO;NÃO
19290528000170;SIM;SIM
19295011000174;SIM;SIM
19302423000194;SIM;SIM
19325371000171;SIM;SIM
19373459000169;SIM;NÃO
19414353000166;NÃO;NÃO
19417311000189;SIM;SIM
19464982000109;SIM;NÃO
19567342000116;SIM;NÃO
19575603000140;SIM;SIM
19658368000927;NÃO;NÃO
19799510000107;SIM;NÃO
19821770000123;NÃO;NÃO
19853511000184;NÃO;NÃO
19909714000145;NÃO;NÃO
19933087000188;SIM;SIM
19977570000164;SIM;NÃO
20212139000106;NÃO;NÃO
20247322013559;NÃO;NÃO
20254557000166;SIM;NÃO
20258278000170;NÃO;NÃO
20267597000142;SIM;NÃO
20268962000133;SIM;NÃO
20348873000105;SIM;SIM
20527462000179;NÃO;NÃO
20581823000165;SIM;NÃO
20653784000164;NÃO;NÃO
20784274000126;NÃO;NÃO
20808454000109;SIM;NÃO
20809718000130;SIM;SIM
20825399000157;NÃO;NÃO
20835240000113;NÃO;NÃO
20903535000180;SIM;NÃO
20941402000106;SIM;SIM
20956378000170;SIM;NÃO
21083989000114;SIM;NÃO
21153397000121;SIM;SIM
21164899000158;SIM;SIM
21208130000194;NÃO;NÃO
21210738000153;SIM;SIM
21283022000186;SIM;SIM
21287931000192;NÃO;NÃO
21363747000184;SIM;SIM
21436015000177;SIM;SIM
21447760000111;SIM;NÃO
21449338000103;SIM;NÃO
21487824000108;SIM;NÃO
21532777000177;SIM;SIM
21632803000139;SIM;SIM
21639811000107;SIM;SIM
21712818000107;SIM;NÃO
21718633000100;SIM;SIM
21736171000153;SIM;NÃO
21860461000104;NÃO;NÃO
21917478000150;NÃO;NÃO
21981573000113;SIM;NÃO
21987351000108;NÃO;NÃO
21988351000122;SIM;NÃO
22124658000148;SIM;NÃO
22124794000138;SIM;SIM
22160953000150;SIM;SIM
22275033000187;SIM;NÃO
22338568000150;SIM;NÃO
22358357000189;SIM;NÃO
22440883000193;SIM;SIM
22470765000128;SIM;SIM
22567985000174;SIM;SIM
22591203000132;SIM;NÃO
22593981000160;SIM;NÃO
22754468000104;NÃO;NÃO
22761584014534;NÃO INFORMADO;NÃO INFORMADO
22776318000100;NÃO;NÃO
22787004000102;SIM;NÃO
22792323000106;SIM;SIM
22856602000188;SIM;SIM
22860272000102;SIM;NÃO
22860721000104;SIM;SIM
22937375000891;NÃO INFORMADO;NÃO INFORMADO
22948710000180;SIM;NÃO
22982270000188;SIM;SIM
23021036000157;SIM;SIM
23127222000175;SIM;SIM
23196473000101;NÃO;NÃO
23227145000125;SIM;NÃO
23234613000199;SIM;SIM
23273094000178;SIM;SIM
23326571000116;SIM;NÃO
23339220000140;SIM;SIM
23379534000176;SIM;NÃO
23448487000175;SIM;SIM
23487471000171;NÃO;NÃO
23551080000179;SIM;NÃO
23567729000140;SIM;NÃO
23644577000131;NÃO;NÃO
23686573000116;SIM;SIM
23750368000172;SIM;SIM
23820873000146;SIM;SIM
23831478000169;SIM;SIM
23836025000125;SIM;SIM
23842104000149;SIM;SIM
24081620000160;NÃO;NÃO
24122084000102;SIM;SIM
24188063000181;SIM;SIM
24279130000173;SIM;SIM
24295621000108;SIM;SIM
24313155000146;NÃO;NÃO
24315424000103;SIM;SIM
24360153000108;SIM;NÃO
24401533000143;SIM;NÃO
24402873000199;SIM;SIM
24493387000123;SIM;SIM
24646985000195;SIM;SIM
24672434000104;SIM;SIM
24725896000134;SIM;SIM
24732196000177;SIM;NÃO
24734412000113;SIM;NÃO
24746058000147;SIM;NÃO
24753129000139;NÃO;NÃO
24760201000155;SIM;SIM
24786374000142;NÃO;NÃO
24819158000156;SIM;SIM
24869126000165;SIM;SIM
24873528000133;SIM;SIM
24991751000185;SIM;NÃO
25019652000107;SIM;NÃO
25022900000160;SIM;NÃO
25031514000135;SIM;NÃO
25035988000155;SIM;SIM
25191167000108;SIM;SIM
25208183000166;SIM;SIM
25209475000113;SIM;NÃO
25237063000197;SIM;SIM
25244484000145;SIM;NÃO
25275638000166;NÃO;NÃO
25299248000126;NÃO;NÃO
25996894000142;SIM;SIM
26074544000191;SIM;SIM
26101653000150;SIM;NÃO
26118144000130;SIM;SIM
26169264000167;NÃO;NÃO
26310020000152;SIM;NÃO
26334825000136;SIM;SIM
26345998000150;NÃO;NÃO
26348380000224;NÃO INFORMADO;NÃO INFORMADO
26472061000145;SIM;SIM
26479192000154;SIM;NÃO
26495133000170;SIM;SIM
26498108000140;NÃO;NÃO
26513601000191;NÃO;NÃO
26609600000145;NÃO;NÃO
26652417000122;SIM;SIM
26656754000198;SIM;SIM
26709831000120;SIM;NÃO
26772720000169;SIM;SIM
26828645000100;SIM;SIM
26851623000161;SIM;SIM
26860016000168;SIM;SIM
26866543000180;SIM;SIM
26895273000135;SIM;NÃO
27004357000102;NÃO;NÃO
27017117000134;NÃO;NÃO
27036232000156;NÃO;NÃO
27038918000186;SIM;NÃO
27049255000103;SIM;SIM
27126735000112;SIM;NÃO
27130645000103;NÃO;NÃO
27132936000122;SIM;SIM
27138441000100;SIM;SIM
27170111000100;SIM;NÃO
27204816000193;SIM;SIM
27231012000183;NÃO;NÃO
27282047000141;SIM;NÃO
27285894000160;SIM;SIM
27296606000172;SIM;SIM
27372908000182;SIM;NÃO
27430970000183;NÃO;NÃO
27434196000189;SIM;SIM
27437117000193;SIM;SIM
27465457000128;SIM;SIM
27480944000160;SIM;NÃO
27548026000125;SIM;NÃO
27558914000129;SIM;SIM
27569667000166;SIM;SIM
27579907000103;SIM;NÃO
27651865000174;SIM;NÃO
27672001000139;NÃO;NÃO
27692122000142;SIM;NÃO
27730291000120;SIM;SIM
27730388000132;SIM;NÃO
27737512000191;SIM;NÃO
27784090000105;NÃO;NÃO
27822032000129;SIM;SIM
27840254000174;SIM;SIM
27860474000160;NÃO;NÃO
27932533000168;SIM;SIM
28005724000147;SIM;SIM
28062217000145;SIM;NÃO
28179447000199;SIM;NÃO
28215801000193;SIM;SIM
28217833000128;SIM;NÃO
28231723000110;SIM;NÃO
28244343000110;SIM;SIM
28259011000100;SIM;SIM
28288679000185;SIM;SIM
28356051000170;SIM;SIM
28366314000121;SIM;SIM
28412908000121;NÃO;NÃO
28440874000189;SIM;SIM
28494316000104;SIM;SIM
28524651000108;NÃO;NÃO
28525497000180;NÃO;NÃO
28632267000110;SIM;SIM
28681362000104;SIM;NÃO
28784047000102;SIM;SIM
28824317000161;SIM;NÃO
28830653000117;SIM;SIM
28835432000131;SIM;NÃO
28891657000105;SIM;SIM
28946187000130;SIM;NÃO
28955725000152;SIM;SIM
28965756000194;SIM;SIM
29060366000138;SIM;NÃO
29065002000140;SIM;SIM
29067113041704;NÃO INFORMADO;NÃO INFORMADO
29098657000549;NÃO INFORMADO;NÃO INFORMADO
29295586000140;SIM;NÃO
29295704000110;SIM;SIM
29319017000198;SIM;NÃO
29323900000151;NÃO;NÃO
29347813000134;SIM;SIM
29398439000104;SIM;SIM
29400734000140;SIM;SIM
29416440000106;SIM;SIM
29511610000131;SIM;SIM
29589640000160;NÃO;NÃO
29600510000181;NÃO;NÃO
29657447000110;SIM;SIM
29673457000149;SIM;SIM
29823303000196;NÃO;NÃO
29895041000175;SIM;SIM
29901443000135;SIM;SIM
29919167000132;SIM;NÃO
29939953000100;SIM;SIM
29948990000176;SIM;NÃO
29951007000170;SIM;SIM
30099146000105;NÃO;NÃO
30174717000110;SIM;SIM
30178853000189;SIM;SIM
30215927000100;SIM;SIM
30306294000145;NÃO;NÃO
30361282000113;NÃO;NÃO
30391411000116;SIM;NÃO
30422029000122;SIM;SIM
30504392000197;SIM;SIM
30540991000166;NÃO;NÃO
30550356000160;SIM;NÃO
30574667000169;SIM;SIM
30656923000167;SIM;SIM
30662755000112;SIM;NÃO
30673825000138;NÃO;NÃO
30692764000156;NÃO;NÃO
30718783000104;SIM;SIM
30746205000181;SIM;SIM
30748953000101;SIM;SIM
30818300000143;SIM;NÃO
30853866000106;SIM;SIM
30855729000100;SIM;SIM
30856390000167;SIM;NÃO
30886032000105;NÃO;NÃO
30937928000168;SIM;NÃO
30956182000130;SIM;SIM
31023101000101;SIM;SIM
31092311000151;NÃO;NÃO
31108084000105;SIM;SIM
31148509000100;SIM;NÃO
31150844000142;SIM;NÃO
31185968000163;SIM;SIM
31196597000115;SIM;NÃO
31249616000124;SIM;NÃO
31313170000150;SIM;SIM
31390915000184;SIM;SIM
31396464000192;NÃO;NÃO
31418285000109;SIM;SIM
31418330000125;NÃO;NÃO
31419446000189;SIM;SIM
31476256000101;SIM;SIM
31512743000174;SIM;SIM
31543591000177;SIM;SIM
31599372000100;SIM;SIM
31635896000109;SIM;NÃO
31648222000149;SIM;SIM
31652147000190;SIM;NÃO
31709360000190;NÃO;NÃO
31727372000148;SIM;SIM
31735534000190;SIM;SIM
31753142000153;SIM;SIM
31794735000168;SIM;SIM
31845905000196;SIM;SIM
31887136002566;NÃO;NÃO
31910286000176;SIM;NÃO
31938423000180;NÃO;NÃO
31979241000158;SIM;SIM
32004375000116;SIM;SIM
32044703000531;NÃO;NÃO
32049897000134;NÃO;NÃO
32063310000141;SIM;SIM
32098347000105;SIM;NÃO
32103702000197;SIM;SIM
32121285000105;NÃO;NÃO
32184946000141;SIM;SIM
32197296000179;SIM;SIM
32206273000183;SIM;SIM
32270453000124;NÃO;NÃO
32326531000165;SIM;SIM
32495767000125;SIM;SIM
32592217000124;SIM;SIM
32596173000100;NÃO;NÃO
32673707000155;SIM;NÃO
32688025000116;SIM;NÃO
32691594000110;NÃO;NÃO
32755678000170;SIM;NÃO
32763086000109;SIM;SIM
32782312000190;SIM;SIM
32872587000115;SIM;NÃO
33037647000147;SIM;SIM
33050071000158;NÃO;NÃO
33070808000285;NÃO INFORMADO;NÃO INFORMADO
33095695000191;SIM;SIM
33182803000163;SIM;SIM
33218976000194;SIM;SIM
33236406000127;SIM;SIM
33249385000184;SIM;SIM
33261755000107;NÃO;NÃO
33393189000189;SIM;NÃO
33410144000175;SIM;SIM
33412081000196;NÃO;NÃO
33438250022489;NÃO;NÃO
33448059000104;SIM;SIM
33585859000169;SIM;SIM
33594609000195;SIM;SIM
33599841000116;SIM;SIM
33648670000178;SIM;SIM
33650401000146;SIM;NÃO
33676627000116;SIM;SIM
33686341000111;SIM;SIM
33731210000109;SIM;SIM
33741413000186;SIM;NÃO
33757363000125;SIM;SIM
33769407000137;NÃO;NÃO
33807475000143;NÃO;NÃO
33849235000101;SIM;NÃO
33916288000106;SIM;SIM
33938251000170;SIM;SIM
33940051000152;SIM;SIM
33958175000165;SIM;NÃO
33962383000138;SIM;SIM
33982607000173;SIM;NÃO
34018428000183;SIM;SIM
34047257000110;SIM;NÃO
34070499000125;SIM;SIM
34084859000148;SIM;SIM
34096597000131;SIM;SIM
34144355000176;SIM;SIM
34162364000190;SIM;SIM
34258373000189;SIM;SIM
34287297000130;SIM;SIM
34313975000191;SIM;NÃO
34351859000167;SIM;SIM
34408290000129;SIM;NÃO
34410873000194;SIM;NÃO
34467925000169;SIM;SIM
34502623000184;SIM;SIM
34530155000151;NÃO;NÃO
34606389000135;SIM;SIM
34656636000108;SIM;SIM
34670229000155;SIM;SIM
34684074000106;SIM;SIM
34693565000113;SIM;SIM
34704682000135;SIM;SIM
34710597000180;NÃO;NÃO
34758933000164;SIM;SIM
34767349000175;SIM;NÃO
34777580000140;SIM;SIM
34779117000137;SIM;SIM
34838647000109;SIM;SIM
34893637000176;SIM;SIM
34921308000191;SIM;NÃO
35049855000191;SIM;SIM
35082093000125;SIM;NÃO
35092494000166;SIM;SIM
35151134000198;SIM;NÃO
35160495000109;SIM;SIM
35178456000120;SIM;SIM
35195535000140;SIM;SIM
35237423000104;SIM;SIM
35246598000188;SIM;SIM
35255426000170;SIM;SIM
35294175000133;SIM;SIM
35296553000118;NÃO;NÃO
35388400000109;SIM;SIM
35429519000174;SIM;NÃO
35453951000109;SIM;SIM
35469324000158;SIM;SIM
35470574000450;NÃO;NÃO
35492616000101;SIM;SIM
35519589000113;NÃO;NÃO
35545794000153;SIM;SIM
35567650000106;NÃO;NÃO
35582167000192;SIM;NÃO
35743521000113;NÃO;NÃO
35837110000197;SIM;NÃO
35878777000138;SIM;SIM
35906204000170;SIM;SIM
36030008000148;SIM;SIM
36076257000174;SIM;SIM
36078500000193;SIM;NÃO
36117645000156;SIM;SIM
36131952000191;SIM;NÃO
36137234000122;SIM;SIM
36158086000122;SIM;SIM
36189912000109;SIM;SIM
36206446000114;SIM;SIM
36209710000173;SIM;SIM
36227062000188;SIM;SIM
36246645000156;SIM;SIM
36259870000127;SIM;SIM
36274459000120;SIM;SIM
36278303000118;SIM;NÃO
36295240000108;SIM;SIM
36301321000173;SIM;SIM
36305491000126;SIM;SIM
36336417000177;SIM;SIM
36338302000111;SIM;SIM
36339864000180;NÃO;NÃO
36378845000162;SIM;SIM
36402653000144;NÃO;NÃO
36406382000103;SIM;SIM
36425050000168;SIM;SIM
36441828000122;SIM;SIM
36444835000188;SIM;NÃO
36455748000126;SIM;SIM
36497453000112;SIM;SIM
36504746000180;SIM;SIM
36522356000132;SIM;SIM
36569753000160;SIM;SIM
36596289000109;SIM;SIM
36602935000195;SIM;SIM
36616855000199;SIM;NÃO
36625609000101;SIM;NÃO
36676987000106;SIM;SIM
36704966000157;SIM;SIM
36770716000115;SIM;SIM
36781234000160;SIM;SIM
36789747000118;SIM;SIM
36833230000189;SIM;SIM
36864196000100;SIM;SIM
36864238000102;SIM;SIM
36904179000159;SIM;SIM
36917226000107;SIM;SIM
36970302000130;SIM;SIM
36989212000190;SIM;SIM
37021192000122;SIM;NÃO
37031540000142;SIM;SIM
37107421000126;SIM;SIM
37139480000186;SIM;NÃO
37149800000189;SIM;SIM
37163795000169;SIM;SIM
37176168000162;SIM;SIM
37238511000156;SIM;SIM
37292021000138;SIM;NÃO
37320574000157;SIM;SIM
37321294000163;NÃO INFORMADO;NÃO INFORMADO
37336630000141;SIM;NÃO
37347799000105;SIM;NÃO
37424640000139;SIM;NÃO
37447991000165;SIM;NÃO
37591312000127;SIM;SIM
37595294000151;SIM;SIM
37624896000190;SIM;SIM
37633315000186;SIM;SIM
37642356000139;SIM;SIM
37663076000107;NÃO INFORMADO;NÃO INFORMADO
37705583000166;SIM;SIM
37752966000195;SIM;SIM
37768059000134;SIM;SIM
37800564000119;SIM;NÃO
37836737000159;SIM;SIM
37844045000152;NÃO INFORMADO;NÃO INFORMADO
37892796000144;SIM;SIM
37917677000107;SIM;SIM
37995408000231;NÃO INFORMADO;NÃO INFORMADO
37997337000125;SIM;SIM
38051886000175;SIM;SIM
38088793000115;SIM;SIM
38090629000142;SIM;NÃO
38100615000162;SIM;NÃO
38108880000197;SIM;NÃO
38121648000199;SIM;SIM
38163091000159;SIM;SIM
38187967000105;SIM;SIM
38210866000108;SIM;NÃO
38251624000154;SIM;NÃO
38261886000108;NÃO INFORMADO;NÃO INFORMADO
38262896000150;SIM;SIM
38280130000106;SIM;SIM
38325554000131;SIM;SIM
38383830000118;SIM;SIM
38449528000115;SIM;SIM
38454213000166;SIM;SIM
38490445000170;SIM;SIM
38710680000100;SIM;SIM
39001888000112;SIM;NÃO
39275066000120;NÃO INFORMADO;NÃO INFORMADO
39287070000108;NÃO INFORMADO;NÃO INFORMADO
39288697000183;SIM;SIM
39336677000130;SIM;SIM
39348721000122;SIM;SIM
39396936000119;NÃO INFORMADO;NÃO INFORMADO
39474151000117;SIM;SIM
39504027000157;SIM;SIM
39506492000127;SIM;SIM
39517634000151;SIM;SIM
39576935000156;SIM;SIM
39587952000199;SIM;SIM
39603517000100;SIM;NÃO
39609999000106;SIM;SIM
39667603000187;SIM;SIM
39669032000110;SIM;NÃO
39674105000161;SIM;SIM
39714804000198;SIM;SIM
39766842000194;SIM;NÃO
39797182000109;SIM;NÃO
39986565000125;SIM;SIM
40007394000124;SIM;SIM
40008381000170;SIM;SIM
40012835000186;SIM;SIM
40021027000185;SIM;SIM
40042796000160;SIM;SIM
40051307000136;SIM;NÃO
40057444000188;SIM;SIM
40060229000136;SIM;SIM
40065588000186;SIM;SIM
40084195000110;SIM;SIM
40091477000144;SIM;SIM
40122649000108;SIM;SIM
40127190000127;SIM;SIM
40184304000170;SIM;SIM
40190110000188;SIM;SIM
40259854000101;NÃO INFORMADO;NÃO INFORMADO
40406507000164;SIM;SIM
40432544018275;NÃO;NÃO
40467805000164;NÃO;NÃO
40492689000133;SIM;SIM
40526806000132;SIM;SIM
40557790000125;SIM;SIM
40560347000103;SIM;SIM
40637854000106;SIM;SIM
40731188000162;SIM;SIM
40853681000155;SIM;NÃO
40910472000104;SIM;SIM
40911996000101;SIM;SIM
40912186000170;SIM;NÃO
40927656000179;SIM;SIM
40933924000165;SIM;SIM
40953757000114;SIM;SIM
40980226000110;SIM;NÃO
41072317000110;SIM;SIM
41075546000199;SIM;SIM
41092086000107;SIM;SIM
41097983000103;SIM;SIM
41158675000140;NÃO INFORMADO;NÃO INFORMADO
41197661000136;SIM;NÃO
41212110000102;SIM;SIM
41244535000195;SIM;SIM
41247758000106;SIM;SIM
41257100000185;SIM;SIM
41268423000174;SIM;SIM
41280045000144;SIM;SIM
41287212000189;SIM;SIM
41293199000170;SIM;SIM
41320495000113;SIM;SIM
41344302000164;SIM;SIM
41435063000158;SIM;SIM
41442265000127;SIM;SIM
41476183000101;SIM;SIM
41481892000177;SIM;SIM
41489259000125;SIM;SIM
41502716000174;SIM;SIM
41508760000191;SIM;SIM
41535400000189;SIM;SIM
41551684000105;SIM;SIM
41566065000186;SIM;SIM
41582561000123;SIM;SIM
41614440000116;SIM;SIM
41625797000108;SIM;NÃO
41670669000178;SIM;SIM
41692264000130;SIM;SIM
41718336000171;SIM;SIM
41766105000133;SIM;NÃO
41771762000179;SIM;SIM
41792824000129;SIM;NÃO
41821096000136;SIM;SIM
41827366000116;SIM;NÃO
41828593000166;SIM;SIM
41844962000104;SIM;SIM
41879433000146;SIM;SIM
41897791000181;SIM;SIM
41901791000108;SIM;SIM
41904281000194;SIM;SIM
41912711000110;SIM;SIM
41945760000159;SIM;NÃO
41964953000157;SIM;NÃO
41997926000180;SIM;SIM
42045318000139;SIM;SIM
42047237000178;SIM;SIM
42083197000110;NÃO INFORMADO;NÃO INFORMADO
42088538000140;SIM;NÃO
42123716000126;SIM;SIM
42132388000124;SIM;SIM
42141151000100;SIM;SIM
42150391000170;NÃO;NÃO
42175067000107;NÃO;NÃO
42183760000121;SIM;SIM
42195225000190;SIM;SIM
42203483000171;SIM;SIM
42218843000109;SIM;SIM
42243548000102;SIM;SIM
42266731000123;SIM;NÃO
42298674000164;SIM;NÃO
42303385000106;NÃO INFORMADO;NÃO INFORMADO
42304350000191;SIM;SIM
42327367000164;SIM;NÃO
42361873000412;NÃO;NÃO
42379375000154;SIM;NÃO
42419696000135;SIM;SIM
42440394000149;NÃO INFORMADO;NÃO INFORMADO
42441603000179;SIM;SIM
42457521000112;NÃO INFORMADO;NÃO INFORMADO
42468651000150;NÃO INFORMADO;NÃO INFORMADO
42537066000165;SIM;SIM
42565844000120;SIM;SIM
42566410000144;NÃO INFORMADO;NÃO INFORMADO
42580120000155;SIM;NÃO
42605779000119;SIM;SIM
42622129000181;SIM;NÃO
42623889000103;SIM;SIM
42630320000175;SIM;SIM
42679198000121;SIM;SIM
42744361000192;SIM;SIM
42782459000134;SIM;SIM
42792783000133;SIM;SIM
42832580000123;SIM;SIM
42845202000184;SIM;SIM
42848558000171;SIM;NÃO
42855242000107;SIM;NÃO
42866057000118;SIM;NÃO
42866200000171;SIM;SIM
42904133000132;SIM;SIM
42904950000190;NÃO INFORMADO;NÃO INFORMADO
42929454000191;SIM;NÃO
42974421000163;SIM;SIM
42985509000180;SIM;NÃO
43008014000164;SIM;SIM
43069070000109;SIM;NÃO
43071270000104;NÃO INFORMADO;NÃO INFORMADO
43082819000158;SIM;SIM
43085507000106;SIM;SIM
43098048000197;SIM;SIM
43135120000109;SIM;NÃO
43142329000108;SIM;NÃO
43166914000130;SIM;SIM
43210465000180;NÃO INFORMADO;NÃO INFORMADO
43260782000100;SIM;SIM
43262106000176;SIM;NÃO
43293671000109;SIM;SIM
43306678000100;SIM;SIM
43312428000182;SIM;NÃO
43315139000137;NÃO;NÃO
43326155000125;SIM;NÃO
43339706000195;SIM;NÃO
43368426000105;SIM;SIM
43379573000180;SIM;NÃO
43394226000127;NÃO INFORMADO;NÃO INFORMADO
43449668000123;NÃO INFORMADO;NÃO INFORMADO
43470988000165;NÃO;NÃO
43488066000185;SIM;NÃO
43542959000161;SIM;SIM
43543372000177;SIM;SIM
43547565000104;SIM;SIM
43554108000139;SIM;SIM
43589310000104;SIM;SIM
43612034000140;SIM;SIM
43629037000196;SIM;SIM
43677039000150;SIM;NÃO
43697109000132;SIM;SIM
43746422000113;SIM;SIM
43747708000385;NÃO;NÃO
43767507000188;SIM;SIM
43777479000180;SIM;NÃO
43858911000167;NÃO;NÃO
43878854000188;SIM;NÃO
43893043000156;NÃO;NÃO
43916243000187;SIM;NÃO
43951719000110;SIM;SIM
43962956000187;SIM;SIM
43964202000166;SIM;SIM
43968677000120;SIM;SIM
43996140000174;SIM;SIM
44000829000160;SIM;SIM
44005888000120;SIM;SIM
44066453000196;SIM;SIM
44082280000108;SIM;SIM
44084125000112;SIM;SIM
44102328000194;SIM;SIM
44155680000198;SIM;SIM
44167785000167;SIM;NÃO
44172844000195;SIM;SIM
44216504000119;SIM;SIM
44260573000120;SIM;SIM
44266579000104;SIM;SIM
44272414000145;SIM;NÃO
44277053000120;SIM;NÃO
44334334000177;SIM;SIM
44343414000199;SIM;SIM
44351933000107;SIM;SIM
44409987000178;NÃO INFORMADO;NÃO INFORMADO
44411691000191;SIM;SIM
44443457000146;SIM;SIM
44454707000143;SIM;SIM
44471703000173;SIM;SIM
44492413000106;SIM;SIM
44508036000156;SIM;SIM
44526829000106;SIM;NÃO
44647539000102;SIM;SIM
44653164000193;SIM;SIM
44675652000100;SIM;SIM
44707199000168;SIM;SIM
44744414000109;SIM;SIM
44753962000197;SIM;SIM
44773749000147;SIM;SIM
44794662000156;SIM;SIM
44798238000180;SIM;SIM
44872975000185;SIM;SIM
44883497000109;SIM;SIM
44889771000157;SIM;SIM
44930260000131;NÃO INFORMADO;NÃO INFORMADO
44960697000118;SIM;SIM
44960941000142;SIM;SIM
44998144000154;NÃO;NÃO
45004505000162;SIM;SIM
45073034000144;SIM;SIM
45082063000172;SIM;SIM
45090452000140;SIM;SIM
45090895000130;SIM;SIM
45128225000166;SIM;SIM
45171884000185;SIM;SIM
45193005000116;SIM;NÃO
45227802000177;SIM;NÃO
45233534000104;SIM;SIM
45248171000172;SIM;NÃO
45261714000191;SIM;NÃO
45342880000112;SIM;SIM
45403594000110;SIM;SIM
45429454000110;SIM;SIM
45465659000151;SIM;SIM
45475201000183;SIM;SIM
45477962000174;SIM;SIM
45486225000138;SIM;SIM
45489045000100;SIM;NÃO
45545577000117;SIM;SIM
45546878000165;SIM;SIM
45547610000148;SIM;SIM
45565063000123;SIM;NÃO
45566936000112;SIM;SIM
45572159000119;SIM;SIM
45577261000107;SIM;SIM
45634921000144;SIM;SIM
45636473000118;SIM;SIM
45718140000138;SIM;SIM
45725273000131;SIM;SIM
45751631000180;SIM;SIM
45754988000112;SIM;SIM
45802495000100;NÃO INFORMADO;NÃO INFORMADO
45830910000130;SIM;SIM
45834303000148;SIM;SIM
45834334000107;SIM;SIM
45864939000132;SIM;NÃO
45878648000365;NÃO INFORMADO;NÃO INFORMADO
45950025000194;SIM;SIM
45964171000179;SIM;NÃO
46142554000124;SIM;SIM
46151782000160;SIM;SIM
46175689000196;SIM;SIM
46177144000119;SIM;SIM
46181387000120;NÃO INFORMADO;NÃO INFORMADO
46185584000118;SIM;SIM
46218325000146;SIM;SIM
46264531000192;SIM;NÃO
46293891000112;SIM;NÃO
46344028000147;SIM;NÃO
46371913000115;NÃO INFORMADO;NÃO INFORMADO
46423049000158;SIM;SIM
46456996000145;SIM;SIM
46471265000179;SIM;SIM
46476988000160;SIM;SIM
46490916000178;SIM;SIM
46524052000168;SIM;SIM
46524868000191;SIM;SIM
46549900000193;SIM;SIM
46555938000179;SIM;SIM
46580180000129;SIM;SIM
46582152000140;SIM;SIM
46589508000178;SIM;SIM
46620123000126;SIM;SIM
46704353000173;SIM;SIM
46762618000190;SIM;SIM
46779485000164;SIM;SIM
46788356000132;SIM;SIM
46789079000425;NÃO INFORMADO;NÃO INFORMADO
46823722000147;SIM;SIM
46829509000142;NÃO INFORMADO;NÃO INFORMADO
46854405000198;SIM;NÃO
46878726000122;SIM;NÃO
46887242000140;SIM;SIM
46889402000190;NÃO INFORMADO;NÃO INFORMADO
46907698000124;SIM;SIM
46918166000192;SIM;SIM
46940063000129;SIM;SIM
46988524000133;SIM;SIM
46998868000123;SIM;SIM
47011512000117;SIM;SIM
47018426000136;SIM;NÃO
47064528000198;SIM;SIM
47068208000106;SIM;SIM
47096949000109;SIM;SIM
47106326000161;SIM;SIM
47122757000111;SIM;NÃO
47144542000100;SIM;SIM
47268238000166;SIM;SIM
47268474000182;SIM;SIM
47289177000113;SIM;SIM
47314445000100;SIM;SIM
47317757000177;SIM;SIM
47350824000155;SIM;NÃO
47355010000103;SIM;NÃO
47371235000153;SIM;NÃO
47374793000172;NÃO INFORMADO;NÃO INFORMADO
47376454000125;NÃO;NÃO
47416122000127;SIM;SIM
47429813000165;SIM;SIM
47455742000175;SIM;SIM
47465890000170;SIM;SIM
47481903000103;SIM;SIM
47497072000150;NÃO INFORMADO;NÃO INFORMADO
47507392000143;SIM;SIM
47515748000190;SIM;SIM
47550097000170;SIM;SIM
47583515000125;SIM;SIM
47595573000179;SIM;SIM
47601132000132;SIM;SIM
47602515000125;SIM;SIM
47623245000139;SIM;SIM
47626984000184;SIM;SIM
47639960000160;SIM;SIM
47672053000112;SIM;SIM
47676733000104;SIM;SIM
47681491000147;NÃO INFORMADO;NÃO INFORMADO
47684854000106;SIM;SIM
47691113000144;SIM;NÃO
47713738000160;SIM;NÃO
47719314000102;SIM;SIM
47731903000106;NÃO INFORMADO;NÃO INFORMADO
47747387000108;SIM;NÃO
47761825000192;SIM;SIM
47764232000180;SIM;SIM
47777816000190;SIM;SIM
47826328000125;NÃO INFORMADO;NÃO INFORMADO
47829754000112;NÃO;NÃO
47837122000109;NÃO INFORMADO;NÃO INFORMADO
47881444000147;SIM;SIM
47888729000100;SIM;SIM
48005308000156;NÃO INFORMADO;NÃO INFORMADO
48010935000185;NÃO INFORMADO;NÃO INFORMADO
48014027000160;NÃO INFORMADO;NÃO INFORMADO
48027420000198;NÃO INFORMADO;NÃO INFORMADO
48069943000105;NÃO INFORMADO;NÃO INFORMADO
48107949000111;NÃO INFORMADO;NÃO INFORMADO
48111989000137;NÃO INFORMADO;NÃO INFORMADO
48135912000105;NÃO INFORMADO;NÃO INFORMADO
48136064000140;NÃO INFORMADO;NÃO INFORMADO
48185198000151;NÃO INFORMADO;NÃO INFORMADO
48210324000180;NÃO INFORMADO;NÃO INFORMADO
48214497000177;NÃO INFORMADO;NÃO INFORMADO
48234683000178;NÃO INFORMADO;NÃO INFORMADO
48248401000191;NÃO INFORMADO;NÃO INFORMADO
48249461000129;NÃO INFORMADO;NÃO INFORMADO
48267277000101;NÃO INFORMADO;NÃO INFORMADO
48272984000196;NÃO INFORMADO;NÃO INFORMADO
48274907000175;NÃO INFORMADO;NÃO INFORMADO
48281603000135;NÃO INFORMADO;NÃO INFORMADO
48283704000145;NÃO INFORMADO;NÃO INFORMADO
48286418000133;NÃO INFORMADO;NÃO INFORMADO
48309304000161;NÃO INFORMADO;NÃO INFORMADO
48330320000136;NÃO INFORMADO;NÃO INFORMADO
48330796000177;NÃO INFORMADO;NÃO INFORMADO
48347419000140;NÃO INFORMADO;NÃO INFORMADO
51131969001538;NÃO;NÃO
51922797000115;NÃO;NÃO
51928174000150;NÃO;NÃO
52953478000130;NÃO;NÃO
55178289000125;NÃO;SIM
56992423000190;NÃO;NÃO
57014300000147;NÃO;NÃO
57026338000130;SIM;NÃO
58479395006925;NÃO;NÃO
58697210000160;NÃO;NÃO
59950311000830;NÃO INFORMADO;NÃO INFORMADO
60730348000166;NÃO;NÃO
60746948701765;NÃO;NÃO
61079117000105;NÃO;NÃO
61532644000115;NÃO;NÃO
63000772000143;SIM;NÃO
64556996000107;SIM;NÃO
64910110000173;NÃO;NÃO
66512021000102;NÃO;NÃO
69068583000199;SIM;NÃO
72408271000191;NÃO;NÃO
72823909000150;NÃO;NÃO
73757015000172;NÃO;NÃO
73959231000109;NÃO;NÃO
74631946000192;NÃO;NÃO
74705054000350;NÃO;NÃO
75612895000203;NÃO;NÃO
76483817000120;NÃO;NÃO
76484013000145;NÃO;NÃO
76535764000143;NÃO;NÃO
76535764020926;NÃO INFORMADO;NÃO INFORMADO
77513307000110;SIM;NÃO
78876950000171;NÃO;NÃO
80426034000181;NÃO;NÃO
82363243000159;SIM;NÃO
84429695000111;NÃO;NÃO
84683671000194;NÃO;NÃO
86550464000197;SIM;NÃO
87615845000170;SIM;NÃO
90400888000142;NÃO;NÃO
91333666000117;NÃO;NÃO
92012467000170;NÃO;NÃO
92100155000118;NÃO;NÃO
92316793000170;NÃO;NÃO
92715812000131;NÃO;NÃO
92715812016054;NÃO;NÃO
92781335000102;NÃO;NÃO
92913268000132;NÃO;NÃO
93470805000180;NÃO;NÃO
94477262000195;SIM;NÃO
96418264021802;NÃO;NÃO
97541155000177;SIM;SIM
02705481000670;NÃO;NÃO
03361917000100;NÃO;NÃO
03392156000153;NÃO;NÃO
03904942000192;SIM;NÃO
04423567000121;NÃO;NÃO
05310938000121;NÃO;NÃO
07206137000146;SIM;NÃO
08258363000133;NÃO;NÃO
08284296000121;NÃO;NÃO
11032738000157;SIM;SIM
11508339000110;SIM;NÃO
13517973000144;SIM;NÃO
13616963000166;SIM;SIM
14222750000112;SIM;NÃO
14486160000105;SIM;SIM
14926555000173;NÃO;NÃO
15107880000177;SIM;SIM
17159558000117;SIM;NÃO
17415620000194;SIM;SIM
17531126000195;SIM;SIM
17803173000140;SIM;NÃO
18506917000128;SIM;NÃO
18655472000148;NÃO;NÃO
18741791000176;NÃO;NÃO
19187812000116;NÃO;NÃO
20426494000269;NÃO INFORMADO;NÃO INFORMADO
20723388000247;NÃO;NÃO
20903558000194;SIM;NÃO
20972116000108;SIM;SIM
22680873000125;SIM;SIM
22747484000170;SIM;SIM
22805420000188;SIM;SIM
22818819000101;NÃO;NÃO
23088245000118;SIM;SIM
23257265000175;SIM;SIM
24489005000198;SIM;SIM
24794922000186;SIM;NÃO
25657693000110;SIM;NÃO
26486426000190;SIM;SIM
26631091000157;NÃO;NÃO
27819241000113;SIM;SIM
28465620000115;SIM;SIM
28749775000183;SIM;SIM
28962386000131;SIM;SIM
29043878000196;SIM;SIM
29343777000130;SIM;SIM
29351651000299;NÃO INFORMADO;NÃO INFORMADO
31188821000127;SIM;NÃO
31218164000113;SIM;SIM
31401299000110;SIM;SIM
31651381000100;SIM;NÃO
31838185000131;NÃO;NÃO
32815552000144;SIM;SIM
32871408000125;SIM;SIM
33348625000106;SIM;SIM
33857837000100;SIM;SIM
33868096000163;SIM;NÃO
33904547000170;NÃO;NÃO
33910771000175;SIM;NÃO
34089772000163;SIM;SIM
34090732000131;SIM;SIM
34417939000178;SIM;NÃO
35802624000107;SIM;SIM
36107776000152;SIM;SIM
36487347000158;SIM;SIM
36775481000154;SIM;SIM
37518401000148;SIM;SIM
37593403000100;SIM;SIM
37952675000140;SIM;SIM
38883732003246;NÃO;NÃO
39405925000158;NÃO INFORMADO;NÃO INFORMADO
40052166000176;NÃO;NÃO
40128349000128;SIM;SIM
40476214000153;SIM;NÃO
40781626000105;SIM;SIM
40848051000192;SIM;SIM
41146350000148;SIM;SIM
41163229000124;SIM;SIM
42025621000170;SIM;NÃO
42127657000164;SIM;SIM
42455342000146;SIM;SIM
42668015000172;SIM;NÃO
42750847000133;SIM;SIM
43717591000125;SIM;SIM
43840671000173;SIM;SIM
44009979000134;SIM;NÃO
44399648000158;SIM;SIM
44805515000134;SIM;SIM
45336596000133;SIM;SIM
45646672000107;NÃO INFORMADO;NÃO INFORMADO
46359566000105;SIM;NÃO
46443539000116;SIM;SIM
46861596000115;SIM;SIM
46976977000140;SIM;SIM
47097070000173;SIM;NÃO
47322833000132;SIM;SIM
47340803000159;SIM;SIM
47421411000114;SIM;SIM
47528023000137;SIM;SIM
47552825000182;NÃO INFORMADO;NÃO INFORMADO
47624053000147;SIM;SIM
47769174000187;NÃO INFORMADO;NÃO INFORMADO
47821794000118;SIM;SIM
65995201000111;SIM;NÃO
70158175000107;SIM;NÃO
71309173000134;NÃO;NÃO
73922916000172;SIM;NÃO
74363326000110;NÃO;NÃO
88613658000110;NÃO;NÃO
